accident_id,severity_of_traffic,traffic_disruption_duration,distance_of_traffic,is_day,is_traffic_signal
194408,2,0.4936111111111111,0.01,1,1
194422,3,0.49416666666666664,1.13,1,0
194475,2,0.4913888888888889,0.01,1,0
194540,2,0.4975,0.01,0,1
194558,2,0.4922222222222222,0.01,1,1
194617,2,0.49722222222222223,0.01,1,0
194628,2,0.4911111111111111,0.01,1,0
194629,2,0.48583333333333334,0.01,1,0
194760,2,0.4922222222222222,0.01,0,1
194791,2,0.4786111111111111,0.01,0,0
194962,2,0.7466666666666667,0.01,1,1
194969,2,0.7455555555555555,0.01,1,1
195002,3,0.7422222222222222,0.01,0,0
195049,2,0.48388888888888887,0.01,1,0
195116,3,1.333611111111111,1.0,1,0
195135,3,0.4836111111111111,0.01,1,0
195165,2,0.7433333333333333,0.01,1,0
195205,2,0.5,0.01,0,0
195226,2,0.4608333333333333,0.01,0,0
195315,3,0.49166666666666664,0.01,1,0
195407,2,0.4961111111111111,0.01,0,0
195461,2,0.49694444444444447,0.01,1,0
195462,2,0.49805555555555553,0.01,1,1
195511,2,0.7461111111111111,0.01,0,0
195630,2,0.7469444444444444,0.01,1,1
195631,3,0.35833333333333334,0.01,1,0
195670,3,0.495,0.01,1,0
195683,2,0.7455555555555555,0.01,1,1
195713,3,0.7455555555555555,0.01,0,0
195771,3,0.735,0.01,1,1
195779,2,0.7416666666666667,0.01,1,0
195803,2,0.4880555555555556,0.01,0,0
195829,2,0.7447222222222222,0.01,0,1
195915,2,0.495,0.01,1,0
195927,2,0.49583333333333335,0.01,1,0
195928,2,0.49444444444444446,0.01,1,0
195943,2,0.5,0.01,1,0
195979,2,0.49444444444444446,0.01,1,1
196003,2,0.7397222222222222,0.01,1,1
196051,2,0.7419444444444444,0.01,0,1
196068,2,0.49083333333333334,0.01,0,0
196108,2,0.4922222222222222,0.01,1,0
196154,3,0.7366666666666667,0.01,1,0
196164,2,0.495,0.01,1,0
196183,3,0.49027777777777776,1.0,1,0
196231,3,0.4922222222222222,1.12,0,0
196239,3,0.7419444444444444,0.01,0,0
196272,2,0.49333333333333335,0.01,0,0
196401,2,0.7455555555555555,0.01,0,1
196435,2,0.7441666666666666,0.01,0,0
196458,2,0.4961111111111111,0.01,0,0
196473,2,0.495,0.01,1,0
196522,3,0.4875,0.76,1,0
196526,2,0.49694444444444447,0.01,1,1
196533,2,0.49083333333333334,0.97,1,0
196534,2,0.4930555555555556,0.01,1,1
196562,2,0.7447222222222222,0.01,1,1
196576,3,0.7436111111111111,0.01,0,0
196635,2,0.4936111111111111,0.01,0,0
196638,2,0.49666666666666665,0.01,0,1
196694,3,0.48638888888888887,0.78,1,0
196700,2,0.49333333333333335,0.01,1,1
196742,2,0.7461111111111111,0.01,1,0
196769,2,0.7461111111111111,0.01,0,1
196787,2,0.7463888888888889,0.01,0,0
196798,3,0.45444444444444443,1.0,0,0
196895,2,0.5775,0.62,1,0
196917,2,0.49416666666666664,0.01,0,1
196924,2,0.49527777777777776,0.01,0,1
196932,2,0.49777777777777776,0.01,1,1
196974,3,0.4872222222222222,0.01,1,0
196975,2,0.49805555555555553,0.01,1,0
196989,2,0.4938888888888889,0.01,1,0
197065,2,0.49444444444444446,0.01,0,0
197080,3,0.48444444444444446,0.78,0,0
197093,2,0.49472222222222223,0.01,1,0
197200,2,0.7452777777777778,0.01,1,1
197240,2,0.7455555555555555,0.01,0,1
197241,3,0.7436111111111111,0.01,0,0
197253,2,0.7472222222222222,0.01,0,1
197263,3,0.48944444444444446,0.01,0,0
197337,3,0.4880555555555556,0.01,1,0
197398,3,0.7430555555555556,0.01,0,0
197435,3,0.47944444444444445,1.0,0,0
197521,2,0.7452777777777778,0.01,1,1
197539,3,0.7430555555555556,0.01,0,0
197551,2,0.7447222222222222,0.01,0,0
197581,3,0.7427777777777778,0.01,0,0
197586,3,0.7438888888888889,0.01,0,0
197673,2,0.49416666666666664,0.01,1,1
197711,2,0.7391666666666666,0.01,1,0
197719,2,0.7441666666666666,0.01,1,0
197721,2,0.745,0.01,1,1
197806,3,0.745,0.01,1,0
197827,2,0.49027777777777776,0.01,1,0
197836,2,0.4872222222222222,0.01,0,1
197851,2,0.6238888888888889,0.01,0,0
197906,2,0.4961111111111111,0.01,0,1
197920,2,0.4930555555555556,0.01,1,1
198035,2,0.7455555555555555,0.01,0,1
198054,2,0.48138888888888887,0.01,0,0
198103,3,0.4905555555555556,0.78,1,0
198117,3,0.7427777777777778,0.01,1,0
198130,3,0.7433333333333333,0.01,1,0
198155,2,0.745,0.01,0,1
198204,3,0.4886111111111111,0.01,1,0
198228,2,0.9972222222222222,0.01,1,1
198278,2,0.7461111111111111,0.01,1,0
198336,2,0.7461111111111111,0.01,0,0
198362,2,0.7386111111111111,0.01,0,0
198434,2,0.48944444444444446,0.01,1,0
198439,2,0.4722222222222222,0.01,1,0
198486,2,0.7438888888888889,0.01,0,0
198548,3,0.7416666666666667,0.01,1,0
198558,2,0.7466666666666667,0.01,0,1
198565,2,0.4938888888888889,0.0,0,1
198579,3,0.5,0.01,0,0
198665,3,0.7411111111111112,0.01,1,1
198718,2,0.7458333333333333,0.01,1,0
198719,2,0.7327777777777778,0.01,1,0
198755,3,0.7444444444444445,0.01,0,0
198882,3,0.7419444444444444,0.01,1,0
198895,2,0.7447222222222222,0.01,0,1
198905,2,0.7427777777777778,0.01,0,0
199013,3,0.715,0.01,1,0
199074,2,0.7416666666666667,0.01,0,0
199148,2,0.49027777777777776,0.01,0,1
199156,2,0.9936111111111111,0.01,1,0
199174,3,0.9936111111111111,1.16,1,0
199184,2,0.7383333333333333,0.01,1,1
199191,2,0.4558333333333333,0.01,0,0
199195,2,0.4930555555555556,0.01,0,0
199225,2,0.4880555555555556,0.01,0,0
199250,2,0.4925,0.01,0,0
199309,2,0.495,0.01,1,1
199324,2,0.4847222222222222,1.23,1,0
199364,2,0.4861111111111111,1.23,1,0
199375,2,0.49722222222222223,0.01,1,0
199406,2,0.4866666666666667,0.01,1,1
199605,3,0.48305555555555557,0.76,1,0
199626,3,0.4872222222222222,2.08,1,1
199680,2,0.9947222222222222,0.01,1,0
199724,3,0.7411111111111112,0.01,1,0
199777,2,0.7394444444444445,0.01,0,0
199810,3,0.4708333333333333,0.87,0,0
199851,3,0.4816666666666667,1.02,1,0
199889,2,0.48944444444444446,1.24,1,0
199891,2,0.4975,0.01,1,1
199892,2,0.49694444444444447,0.01,1,0
199899,2,0.49472222222222223,0.01,1,0
200004,2,0.4936111111111111,0.01,0,0
200041,2,0.49805555555555553,0.01,1,1
200042,3,0.48194444444444445,0.01,1,0
200070,2,0.4963888888888889,0.01,1,0
200073,2,0.49333333333333335,0.01,1,0
200094,2,0.7438888888888889,0.01,1,1
200117,2,0.7419444444444444,0.01,1,0
200158,2,0.485,1.24,0,0
200189,3,0.4855555555555556,1.0,1,0
200194,3,0.4880555555555556,1.03,1,0
200200,2,0.49777777777777776,0.01,1,1
200227,2,0.4955555555555556,0.01,1,0
200285,2,0.7458333333333333,0.01,0,0
200292,2,0.7391666666666666,0.01,0,0
200293,2,0.9838888888888889,0.01,0,0
200299,2,0.4866666666666667,2.18,0,0
200300,2,0.48305555555555557,0.01,0,1
200318,3,0.75,0.01,1,0
200344,2,0.7363888888888889,0.01,1,1
200348,3,0.7377777777777778,0.01,1,0
200363,2,0.4936111111111111,0.01,0,0
200427,2,0.48444444444444446,1.24,1,0
200490,3,0.7433333333333333,0.01,0,0
200496,2,0.745,0.01,0,1
200516,2,0.4975,0.01,0,0
200543,2,0.49805555555555553,0.01,0,1
200560,2,0.4936111111111111,0.01,1,1
200634,2,0.7416666666666667,0.01,1,0
200676,2,0.74,0.01,0,0
200712,3,0.48944444444444446,1.1,1,0
200792,3,0.7430555555555556,0.01,1,0
200800,2,0.7413888888888889,0.01,1,0
200801,2,0.7411111111111112,0.01,1,1
200830,2,0.735,0.01,0,0
200886,2,0.49416666666666664,0.01,1,1
200949,2,0.5,0.01,1,1
200959,2,0.4891666666666667,0.01,1,1
200966,2,0.7466666666666667,0.01,1,1
200972,2,0.5,0.01,1,0
200992,2,0.7463888888888889,0.01,0,0
201004,2,0.7419444444444444,0.01,0,1
201020,2,0.755,0.01,0,1
201021,2,0.49694444444444447,0.01,0,1
201024,2,0.7544444444444445,0.01,0,1
201166,2,0.7405555555555555,0.01,1,0
201177,2,0.7352777777777778,0.01,1,1
201193,2,0.49194444444444446,0.01,0,0
201213,3,0.7352777777777778,0.01,1,1
201217,2,0.7394444444444445,0.01,1,1
201224,2,0.7333333333333333,0.01,1,1
201230,2,0.4936111111111111,0.01,0,1
201362,2,0.7447222222222222,0.0,0,1
201403,2,0.5016666666666667,0.01,0,1
201410,2,0.49277777777777776,0.01,0,1
201425,2,0.7536111111111111,0.01,0,1
201526,2,0.49916666666666665,0.01,1,0
201566,2,0.5022222222222222,0.01,1,1
201569,2,0.49777777777777776,0.01,1,1
201598,2,0.7455555555555555,0.01,1,0
201694,3,0.49805555555555553,1.0,1,0
201759,2,0.5011111111111111,0.01,1,0
201776,2,0.49083333333333334,0.01,1,0
201799,2,0.49916666666666665,0.01,1,0
201800,2,0.49833333333333335,0.01,1,0
201801,2,0.5033333333333333,0.01,1,0
201819,3,0.7494444444444445,0.01,1,0
201821,2,0.7513888888888889,0.01,1,0
201824,2,0.7497222222222222,0.01,1,1
201876,2,0.75,0.01,0,0
201887,2,0.49194444444444446,1.27,0,1
201950,2,0.49277777777777776,0.01,1,1
201951,3,0.49722222222222223,1.0,1,0
201961,2,0.7508333333333334,0.01,1,0
201969,2,0.7538888888888889,0.01,1,1
201985,2,0.7491666666666666,0.01,1,0
202000,2,0.7536111111111111,0.01,0,1
202017,2,1.0027777777777778,0.01,0,1
202036,2,0.7444444444444445,0.01,0,0
202046,3,0.7436111111111111,1.43,0,0
202174,3,0.9091666666666667,0.01,1,0
202175,2,0.7855555555555556,0.01,1,0
202194,2,0.745,0.01,1,1
202256,2,0.75,0.0,0,0
202260,2,0.49444444444444446,0.01,0,1
202330,2,0.4955555555555556,0.01,0,0
202432,2,0.4761111111111111,0.01,1,0
202465,3,0.49166666666666664,1.36,1,0
202477,2,0.49194444444444446,0.01,1,1
202500,3,0.9936111111111111,0.01,1,1
202522,2,0.49777777777777776,0.01,0,0
202526,2,0.49444444444444446,0.01,0,0
202581,2,0.7433333333333333,0.01,1,1
202783,3,0.7438888888888889,0.01,1,0
202793,3,0.9947222222222222,0.01,1,0
202804,2,0.9961111111111111,0.01,1,1
202834,2,0.9905555555555555,0.01,0,0
202843,3,0.9933333333333333,0.01,0,0
202913,3,0.49472222222222223,1.36,1,0
202934,2,0.5,0.01,1,1
202961,2,0.9955555555555555,0.01,1,0
203021,2,0.9958333333333333,0.01,0,0
203038,2,0.4911111111111111,0.01,1,1
203068,2,0.7427777777777778,0.01,0,1
203075,3,0.46694444444444444,0.01,0,0
203076,3,0.45444444444444443,0.01,0,0
203077,3,0.4727777777777778,0.01,0,0
203078,3,0.49027777777777776,0.01,0,0
203082,2,0.5,0.01,0,0
203149,2,0.4930555555555556,0.01,1,0
203178,2,0.9938888888888889,0.01,1,1
203223,2,0.7461111111111111,0.01,0,1
203252,2,0.4861111111111111,1.39,0,1
203346,2,0.4938888888888889,0.01,1,1
203374,3,0.7358333333333333,0.01,1,0
203377,2,0.9955555555555555,0.01,1,1
203385,2,0.7444444444444445,0.01,1,1
203386,2,0.9955555555555555,0.01,1,0
203412,2,0.9908333333333333,0.01,0,0
203440,3,0.48638888888888887,0.01,0,0
203441,2,0.4622222222222222,0.01,0,0
203493,3,0.48277777777777775,0.01,1,0
203517,3,0.4688888888888889,0.01,1,0
203530,2,0.48583333333333334,0.01,1,1
203532,2,0.9838888888888889,0.01,1,0
203556,2,0.7455555555555555,0.01,0,0
203563,2,0.9963888888888889,0.01,0,1
203575,2,0.745,0.01,0,1
203646,3,0.9383333333333334,1.36,1,0
203653,3,0.47194444444444444,0.01,1,0
203654,3,0.48,0.01,1,0
203659,3,0.9905555555555555,0.01,1,0
203677,3,0.4761111111111111,1.36,1,0
203697,2,0.7411111111111112,0.01,1,1
203716,2,0.9958333333333333,0.01,1,1
203747,2,0.9927777777777778,0.01,0,0
203794,3,0.48444444444444446,1.36,1,0
203913,3,0.7430555555555556,0.01,0,0
203914,3,0.7430555555555556,0.01,0,0
203921,3,0.7452777777777778,0.01,0,0
203953,3,0.6794444444444444,0.01,1,0
203972,2,0.7402777777777778,0.01,1,1
203973,2,0.75,0.01,1,0
204009,2,0.7361111111111112,0.97,1,0
204030,2,0.495,0.01,0,0
204072,2,0.5,0.01,1,1
204073,3,0.4716666666666667,0.68,1,0
204098,3,0.48777777777777775,0.01,1,0
204099,3,0.4683333333333333,0.01,1,0
204100,2,0.4897222222222222,0.01,1,1
204120,3,0.45305555555555554,0.01,1,0
204121,3,0.4575,0.01,1,0
204145,3,0.4886111111111111,0.01,1,0
204164,2,0.7333333333333333,0.01,1,1
204196,3,0.7461111111111111,0.01,0,0
204237,2,0.74,0.01,0,0
204244,2,0.74,0.01,0,1
204245,2,0.7394444444444445,0.01,0,0
204269,2,0.4925,0.01,0,1
204272,2,0.49333333333333335,0.01,1,1
204283,2,0.49777777777777776,0.01,1,1
204290,3,0.48388888888888887,0.68,1,0
204301,3,0.47805555555555557,1.36,1,0
204333,2,0.49527777777777776,0.01,1,0
204375,3,0.7447222222222222,0.01,1,0
204418,2,0.7413888888888889,0.01,0,1
204444,2,0.7466666666666667,0.01,0,1
204487,2,0.4961111111111111,0.01,1,1
204498,2,0.47583333333333333,2.23,1,1
204523,2,0.49444444444444446,0.01,1,0
204793,3,0.7436111111111111,0.01,0,0
204805,2,0.7452777777777778,0.01,0,1
204811,3,0.7427777777777778,0.01,0,0
204815,2,0.7466666666666667,0.01,0,0
204855,2,0.4955555555555556,0.01,1,1
204856,2,0.49777777777777776,0.01,1,1
204992,2,0.7452777777777778,0.01,0,0
204997,3,0.7419444444444444,0.01,0,0
205018,2,0.9930555555555556,0.01,0,0
205061,2,0.7411111111111112,0.01,1,0
205066,2,0.4925,0.01,0,0
205176,2,0.4905555555555556,0.01,1,0
205214,2,0.7452777777777778,0.01,1,0
205215,3,0.7430555555555556,0.01,1,0
205234,2,0.7463888888888889,0.01,0,0
205271,2,0.7433333333333333,0.01,0,0
205284,2,0.495,0.01,0,1
205424,2,0.49194444444444446,0.0,1,1
205445,3,0.9913888888888889,0.01,1,0
205461,2,0.4936111111111111,0.01,1,1
205481,2,0.7466666666666667,0.01,1,1
205549,2,0.7413888888888889,0.01,0,0
205595,2,0.49444444444444446,0.0,1,1
205658,3,0.7413888888888889,0.01,1,0
205674,2,0.49416666666666664,0.01,1,0
205702,2,0.72,0.01,1,0
205764,2,0.7472222222222222,0.01,0,0
205765,2,0.7422222222222222,0.01,0,0
205778,2,0.7497222222222222,0.01,0,1
205783,2,0.49722222222222223,0.01,0,0
205840,3,0.49277777777777776,0.01,1,0
205856,3,0.49194444444444446,1.36,1,0
205863,2,0.49444444444444446,0.01,1,1
205894,2,0.7458333333333333,0.01,1,1
205952,2,0.7480555555555556,0.01,0,1
205959,2,0.7513888888888889,0.01,0,1
205994,2,0.49472222222222223,0.01,1,1
206019,3,0.7430555555555556,0.01,1,0
206032,2,0.49194444444444446,0.01,1,0
206090,3,0.7438888888888889,0.01,1,0
206101,3,0.745,0.01,0,0
206169,2,0.7486111111111111,0.01,0,1
206206,3,0.9869444444444444,0.01,0,0
206232,2,0.75,0.01,0,1
206247,2,0.735,0.01,1,0
206273,3,0.48305555555555557,0.01,0,0
206283,2,0.7430555555555556,0.01,0,0
206337,2,0.49333333333333335,0.01,1,1
206433,2,0.7416666666666667,0.01,1,0
206481,2,0.7461111111111111,0.01,0,0
206487,2,0.7452777777777778,0.01,0,0
206488,2,0.7458333333333333,0.01,0,1
206507,3,0.48138888888888887,0.68,1,0
206567,3,0.4880555555555556,1.36,1,0
206583,3,0.7452777777777778,0.01,1,0
206590,2,0.7413888888888889,0.01,1,0
206701,2,0.4897222222222222,0.01,0,0
206705,2,0.49472222222222223,0.01,0,0
206722,2,0.49805555555555553,0.01,1,1
206723,3,0.48083333333333333,1.36,1,0
206784,2,0.7461111111111111,0.01,1,1
206802,3,0.7419444444444444,0.01,1,0
206880,2,0.5,0.01,1,1
206886,2,0.48277777777777775,0.01,1,1
206993,2,0.7466666666666667,0.0,1,1
207048,3,0.7408333333333333,0.01,1,0
207131,2,0.9927777777777778,0.01,0,0
207192,3,0.4875,1.36,1,0
207206,3,0.4861111111111111,0.01,1,1
207222,3,0.47555555555555556,0.0,1,0
207287,3,0.4822222222222222,0.01,1,0
207298,2,0.7725,0.01,1,1
207299,2,0.7447222222222222,0.01,1,0
207307,2,0.7452777777777778,0.01,1,0
207318,3,0.7391666666666666,0.01,1,0
207334,3,0.7447222222222222,0.01,0,0
207347,2,0.7441666666666666,0.01,0,1
207365,2,0.7444444444444445,0.01,0,0
207391,2,0.48777777777777775,0.01,1,0
207514,2,0.995,0.01,1,1
207566,3,0.7413888888888889,0.01,0,0
207584,3,0.7441666666666666,0.01,0,0
207610,3,0.49083333333333334,1.68,0,0
207615,3,0.4888888888888889,1.1,0,0
207627,2,0.5,0.01,1,0
207640,2,0.49444444444444446,0.01,1,0
207703,2,0.49333333333333335,0.01,1,0
207764,3,0.7422222222222222,0.01,1,0
207772,2,0.5,0.0,0,1
207773,2,0.755,0.0,0,0
207796,2,0.5,0.0,1,0
207797,2,0.5,0.0,1,1
207849,3,0.5,0.0,1,0
207857,3,0.5,0.0,1,0
207908,2,0.975,0.0,0,0
207916,2,0.7561111111111111,0.0,0,0
207929,3,0.5,0.0,1,0
208016,3,0.5,0.0,1,0
208056,2,0.9622222222222222,0.0,1,1
208127,2,0.5,0.0,1,0
208129,2,0.5,0.0,1,0
208146,3,0.5,0.0,1,0
208158,3,0.5,0.0,1,0
208165,3,0.5,0.0,1,0
208194,2,0.9894444444444445,0.0,1,0
208237,3,0.5,0.0,1,0
208341,2,0.94,0.0,1,0
208356,2,0.995,0.0,1,0
208359,2,1.0,0.0,1,0
208369,2,0.9822222222222222,0.0,0,0
208466,3,0.5,0.0,1,0
208513,2,0.5,0.0,0,1
208518,3,0.5,0.0,0,0
208564,2,0.5,0.0,0,0
208604,2,1.5,0.0,0,0
208674,3,0.5,0.0,1,0
208677,3,0.5,0.0,1,0
208831,2,0.47944444444444445,0.0,1,1
209154,2,0.9588888888888889,0.0,1,0
209171,2,0.995,0.0,1,0
209175,2,0.9530555555555555,0.0,0,1
209204,2,0.48638888888888887,0.0,1,1
209226,3,0.4891666666666667,0.0,1,0
209231,2,0.4880555555555556,0.0,1,1
209238,3,0.4761111111111111,0.0,1,0
209252,2,0.7986111111111112,0.0,1,0
209275,2,0.995,0.0,1,1
209309,3,0.9827777777777778,0.0,1,0
209329,3,0.48777777777777775,0.0,1,0
209376,3,0.7333333333333333,0.0,1,0
209377,3,0.7380555555555556,0.0,1,0
209450,2,0.485,0.0,1,1
209467,2,0.7433333333333333,0.0,1,0
209536,2,0.4925,0.0,0,1
209545,3,0.7397222222222222,0.0,0,0
209594,2,0.4905555555555556,0.0,1,0
209630,2,0.4911111111111111,0.0,1,1
209673,2,0.4675,0.0,1,0
209711,2,0.49027777777777776,0.0,0,1
209720,2,0.7322222222222222,0.0,0,0
209786,2,0.4911111111111111,0.0,1,1
209811,2,0.4811111111111111,0.0,1,0
209958,2,0.4922222222222222,0.0,1,1
209976,2,0.4925,0.0,1,0
210011,2,0.47638888888888886,0.0,0,0
210092,2,0.49194444444444446,0.0,1,1
210158,2,0.7933333333333333,0.0,0,0
210189,2,1.0,0.0,1,1
210202,2,0.5,0.0,1,1
210213,3,0.49416666666666664,0.0,0,0
210277,2,0.7519444444444444,0.0,0,1
210278,2,0.7386111111111111,0.0,0,0
210293,2,0.4936111111111111,0.0,1,1
210423,2,0.4905555555555556,0.0,1,1
210458,2,0.49444444444444446,0.0,1,0
210460,2,0.49583333333333335,0.0,1,1
210477,3,0.9591666666666666,0.0,1,0
210491,2,0.9805555555555555,0.0,1,0
210505,2,0.9686111111111111,0.0,0,0
210601,2,0.4938888888888889,0.0,1,0
210681,3,0.9883333333333333,0.0,0,0
210692,2,0.4963888888888889,0.0,1,1
210700,2,0.49666666666666665,0.0,1,1
210762,2,0.9483333333333334,0.0,0,1
210764,2,0.9647222222222223,0.0,0,0
210765,2,0.4738888888888889,0.0,0,0
210768,2,0.49027777777777776,0.0,0,0
210772,2,0.7388888888888889,0.0,0,0
210775,2,0.7344444444444445,0.0,0,0
210778,2,0.47,0.0,0,1
210794,3,0.47333333333333333,0.0,1,0
210927,2,0.5,0.0,0,1
211028,2,0.9616666666666667,0.0,1,1
211033,3,0.4697222222222222,0.0,1,0
211042,2,0.9761111111111112,0.0,1,1
211083,2,0.4961111111111111,0.0,0,0
211103,2,0.49527777777777776,0.0,1,1
211256,2,0.4880555555555556,0.01,0,0
211258,3,0.7363888888888889,0.01,0,0
211263,3,0.7347222222222223,0.41,0,0
211289,3,0.9833333333333333,0.68,0,0
211312,3,0.5,0.01,1,0
211326,3,0.48138888888888887,1.36,1,0
211340,2,0.4897222222222222,0.01,1,0
211368,3,0.7436111111111111,0.01,1,0
211538,3,0.7433333333333333,0.01,1,0
211544,2,0.7455555555555555,0.01,1,0
211570,2,0.9869444444444444,0.01,1,0
211642,2,0.49777777777777776,0.01,1,1
211667,3,0.48694444444444446,0.01,1,0
211688,2,0.4880555555555556,0.01,1,0
211693,3,0.5,0.01,1,1
211700,3,0.7630555555555556,0.01,1,0
211735,2,0.7463888888888889,0.01,0,1
211746,2,0.7458333333333333,0.01,0,1
211786,3,0.7175,0.01,1,0
211797,2,0.75,0.0,1,1
211815,2,0.7297222222222223,0.01,0,1
211816,2,0.49527777777777776,0.01,0,0
211870,3,1.0,0.01,1,0
211874,2,0.7447222222222222,0.01,1,0
211897,2,0.495,0.01,0,0
211955,2,0.49777777777777776,0.01,1,1
211956,3,0.5,0.01,1,0
211982,2,0.49333333333333335,0.01,1,1
211989,2,0.48833333333333334,1.31,1,0
212031,2,0.7433333333333333,0.01,1,1
212127,3,0.7338888888888889,2.05,1,0
212198,2,0.7458333333333333,0.01,1,1
212220,2,0.7452777777777778,0.01,0,1
212239,2,0.5,0.01,0,1
212361,2,0.7452777777777778,0.01,1,1
212371,2,0.7469444444444444,0.01,1,1
212384,3,0.7425,0.01,0,1
212397,2,0.4841666666666667,0.01,0,0
212420,2,0.49805555555555553,0.0,0,1
212439,3,0.49027777777777776,0.01,1,0
212515,2,0.9938888888888889,0.0,0,1
212516,2,0.9747222222222223,0.0,0,0
212521,2,0.5,0.0,0,0
212614,2,0.9616666666666667,0.0,1,1
212636,2,0.9663888888888889,0.0,1,0
212657,2,0.5,0.0,1,1
212823,2,0.9861111111111112,0.0,1,1
212829,2,0.5,0.0,0,0
212954,2,0.9808333333333333,0.0,1,1
213040,3,1.25,0.0,1,0
213063,3,0.5,0.0,0,0
213064,2,0.5,0.0,0,1
213066,2,0.75,0.0,0,0
213109,3,0.5,0.0,1,0
213113,2,0.5,0.0,1,0
213187,3,0.9855555555555555,0.0,0,0
213224,2,0.5,0.0,1,1
213250,2,0.75,0.0,1,1
213253,2,0.5,0.0,1,0
213258,2,0.9602777777777778,0.0,1,0
213264,2,0.9461111111111111,0.0,1,1
213278,2,0.9791666666666666,0.0,1,0
213297,2,0.7666666666666667,0.0,0,0
213307,2,0.7930555555555555,0.0,0,0
213352,2,0.75,0.0,1,1
213371,3,1.0,0.0,1,0
213411,2,0.5,0.0,0,1
213419,2,0.75,0.0,1,1
213425,2,0.5,0.0,1,0
213445,2,0.75,0.0,1,0
213449,2,0.5,0.0,1,1
213477,2,0.75,0.0,1,0
213485,2,0.9769444444444444,0.0,1,0
213513,2,0.75,0.0,0,0
213517,2,0.5,0.0,0,0
213537,3,0.5,0.0,1,0
213582,3,0.5,0.0,1,0
213598,2,0.9741666666666666,0.0,1,1
213605,2,0.9683333333333334,0.0,1,0
213653,2,0.75,0.0,0,1
213655,2,0.5,0.0,0,0
213711,3,1.0,0.0,1,0
213712,3,0.75,0.0,1,0
213895,2,0.9661111111111111,0.0,1,0
213903,2,0.75,0.0,0,0
213926,3,0.5,0.0,1,0
213943,2,0.5,0.0,1,0
214005,2,0.9866666666666667,0.0,1,0
214141,2,0.5,0.0,0,0
214220,3,0.5,0.0,1,0
214229,2,1.008888888888889,0.0,1,0
214258,2,0.9577777777777777,0.0,1,1
214261,2,0.9316666666666666,0.0,0,0
214329,2,0.5,0.0,1,0
214343,2,0.5,0.0,1,0
214359,2,1.0,0.0,1,0
214375,2,1.0033333333333334,0.0,1,0
214411,3,1.0,0.0,0,0
214473,2,0.7575,0.0,0,0
214478,2,1.0,0.0,0,1
214496,2,0.5,0.0,1,1
214500,2,0.5,0.0,1,1
214523,2,0.5,0.0,1,0
214552,2,0.5,0.0,1,0
214600,2,0.5,0.0,1,0
214616,2,0.5,0.0,1,1
214652,2,0.9694444444444444,0.0,1,0
214660,2,0.9519444444444445,0.0,1,0
214752,2,0.5,0.0,1,0
214784,2,0.9769444444444444,0.0,0,0
214804,2,0.5,0.0,1,0
214805,3,0.5,0.0,1,0
214813,2,0.5,0.0,1,0
214841,2,0.5,0.0,1,0
214930,2,0.75,0.0,0,0
214934,2,0.5,0.0,1,1
214949,3,0.5,0.0,1,0
215011,3,0.5,0.0,1,0
215058,2,0.9605555555555556,0.0,1,0
215139,2,0.5,0.0,1,0
215177,3,1.0,0.0,0,0
215181,2,0.5377777777777778,0.0,1,0
215270,2,0.5,0.0,1,1
215288,2,0.75,0.0,0,1
215311,3,0.5,0.0,1,0
215332,2,0.5,0.0,1,1
215362,2,1.0144444444444445,0.0,1,0
215369,3,0.9425,0.0,1,0
215371,2,0.9180555555555555,0.0,1,1
215536,2,0.75,0.0,0,0
215546,2,0.5,0.0,0,0
215598,2,0.5,0.0,1,1
215617,2,0.5,0.0,1,0
215618,3,0.5,0.0,1,0
215625,2,0.75,0.0,1,0
215643,3,0.5,0.0,1,1
215653,3,0.5,0.0,0,0
215665,2,0.7641666666666667,0.0,0,1
215668,2,0.5,0.0,0,1
215669,2,0.5,0.0,0,0
215672,2,0.5,0.0,0,1
215802,2,0.5,0.0,1,0
215805,3,0.5,0.0,1,0
215830,2,0.5,0.0,0,0
215836,2,0.75,0.0,0,0
215887,2,0.5,0.0,1,1
215897,2,0.5,0.0,1,1
215935,3,0.5,0.0,1,0
215983,3,0.5,0.0,0,0
216021,3,0.75,0.0,1,0
216101,3,0.9697222222222223,0.0,1,0
216102,2,0.9902777777777778,0.0,1,0
216118,2,0.9977777777777778,0.0,1,0
216414,2,0.9794444444444445,0.0,0,1
216606,3,0.5,0.0,1,0
216609,3,0.5,0.0,1,0
216629,2,0.5,0.0,1,0
216655,2,0.9838888888888889,0.0,1,1
216747,3,0.5,0.0,0,0
216754,2,0.75,0.0,1,0
216891,3,0.5,0.0,0,0
216996,3,0.75,0.0,1,0
217029,3,0.5,0.0,1,1
217039,3,0.5,0.0,1,0
217050,2,0.5,0.0,0,0
217065,3,0.5,0.0,1,0
217131,3,0.5,0.0,1,0
217268,2,0.75,0.0,1,1
217287,2,0.5,0.0,1,0
217343,2,0.5,0.0,0,0
217392,2,1.0,0.0,0,1
217399,2,0.75,0.0,0,1
217415,3,1.25,0.0,1,0
217436,2,1.25,0.0,1,1
217462,3,0.5,0.0,1,0
217534,2,0.5,0.0,1,0
217550,2,0.9947222222222222,0.0,1,0
217573,2,0.9752777777777778,0.0,1,1
217591,3,0.5,0.0,0,0
217592,3,0.5,0.0,0,0
217596,2,1.25,0.0,0,1
217601,2,0.75,0.0,0,1
217618,2,0.5,0.0,1,1
217648,2,0.5,0.0,1,1
217721,2,0.9663888888888889,0.0,1,1
217739,2,0.5,0.0,1,0
217763,3,0.5,0.0,1,0
217959,2,0.9916666666666667,0.0,1,0
217974,2,0.9761111111111112,0.0,1,0
217988,2,0.9497222222222222,0.0,1,0
218004,3,0.9811111111111112,0.0,1,0
218005,2,0.9544444444444444,0.0,1,1
218024,2,0.75,0.0,0,0
218028,2,0.775,0.0,1,0
218032,2,0.5,0.0,1,1
218035,3,0.5,0.0,1,0
218036,3,0.8019444444444445,0.0,1,0
218054,3,0.5,0.0,1,0
218062,2,0.5,0.0,1,1
218201,3,0.9797222222222223,0.0,1,0
218265,2,1.0183333333333333,0.0,1,0
218324,3,0.5,0.0,1,0
218355,2,0.9516666666666667,0.0,1,1
218372,2,0.9722222222222222,0.0,1,0
218394,2,0.9825,0.0,1,0
218525,2,1.0,0.0,0,0
218534,2,0.48444444444444446,0.0,0,0
218690,2,0.5,0.0,1,0
218698,2,0.9683333333333334,0.0,1,1
218710,2,0.9608333333333333,0.0,1,0
218716,2,0.9611111111111111,0.0,1,0
218776,3,0.75,0.0,1,0
218834,2,0.5,0.0,0,1
218835,3,0.5,0.0,0,0
218836,2,0.5,0.0,0,0
218867,3,0.5,0.0,1,0
218873,3,1.015,0.0,1,0
218901,2,0.7586111111111111,0.0,1,0
218913,3,0.9386111111111111,0.0,1,0
218997,2,0.5,0.0,1,1
219062,2,0.9769444444444444,0.0,1,0
219076,2,0.9736111111111111,0.0,1,0
219096,2,0.5,0.0,0,0
219157,2,0.5,0.0,1,0
219236,2,0.5,0.0,1,1
219318,2,0.9541666666666667,0.0,1,1
219327,2,0.9852777777777778,0.0,1,0
219335,2,0.9658333333333333,0.0,1,1
219349,2,0.9836111111111111,0.0,1,0
219355,2,0.9927777777777778,0.0,1,0
219366,2,0.9902777777777778,0.0,1,0
219368,2,1.25,0.0,0,0
219377,3,0.5,0.0,1,0
219420,2,0.7566666666666667,0.0,1,1
219427,2,0.7580555555555556,0.0,1,1
219442,3,0.75,0.0,1,0
219451,2,0.9755555555555555,0.0,1,0
219471,2,0.9841666666666666,0.0,1,0
219549,2,0.5,0.0,1,1
219572,2,1.0047222222222223,0.0,1,0
219575,2,0.9841666666666666,0.0,1,0
219597,2,0.9561111111111111,0.0,1,0
219599,2,0.7611111111111111,0.0,0,0
219758,2,0.9919444444444444,0.0,1,1
219805,3,0.5,0.0,1,0
219973,2,0.5,0.0,1,0
219977,2,0.75,0.0,1,0
220024,2,1.0,0.0,0,1
220082,3,0.5,0.0,1,0
220108,2,1.0,0.0,0,0
220146,3,0.5,0.0,1,0
220202,2,1.0,0.0,1,0
220241,3,0.75,0.0,1,0
220252,3,0.5,0.0,1,0
220424,2,0.8005555555555556,0.0,1,1
220493,2,0.9608333333333333,0.0,0,0
220502,2,0.5,0.0,1,0
220551,2,0.5,0.0,1,1
220581,2,0.9666666666666667,0.0,1,0
220597,2,0.9572222222222222,0.0,0,1
220599,2,0.5,0.0,0,0
220616,2,0.5,0.0,0,0
220623,3,1.0,0.0,1,0
220630,2,0.7577777777777778,0.0,1,0
220673,2,0.5,0.0,1,0
220715,3,0.75,0.0,1,0
220732,2,0.9908333333333333,0.0,1,0
220830,2,0.9566666666666667,0.0,1,0
220890,3,0.5,0.0,1,0
220935,2,0.8544444444444445,0.0,1,0
220939,2,0.9569444444444445,0.0,1,0
326117,2,0.4936111111111111,0.01,0,1
326124,2,0.4930555555555556,0.01,0,0
326171,2,0.49416666666666664,0.01,1,1
326174,3,0.4955555555555556,0.01,1,0
326198,2,0.74,0.01,1,1
326236,2,0.7455555555555555,0.01,0,0
326273,3,0.5683333333333334,0.01,0,0
326280,2,0.49833333333333335,0.01,0,0
326300,3,0.7197222222222223,1.84,1,0
326397,2,0.7444444444444445,0.01,1,0
326643,2,0.5108333333333334,0.01,1,1
326668,2,0.7347222222222223,0.01,0,0
326700,2,0.5086111111111111,0.01,1,0
326752,3,0.46555555555555556,1.0,1,0
326775,2,0.5130555555555556,0.01,1,1
326778,2,0.5108333333333334,0.01,1,1
326872,3,0.48527777777777775,1.0,1,0
326939,2,0.4961111111111111,0.01,1,1
326945,3,0.4936111111111111,1.02,1,0
326955,3,0.4425,0.01,1,0
326963,3,1.4877777777777779,0.01,1,0
326976,3,0.7422222222222222,0.01,1,0
326977,2,0.7461111111111111,0.01,1,1
326999,2,0.7452777777777778,0.01,0,0
327006,3,0.7441666666666666,0.01,0,0
327161,2,0.7436111111111111,0.01,0,1
327163,3,0.7355555555555555,0.01,0,0
327209,3,0.4886111111111111,0.78,0,0
327229,2,0.7408333333333333,0.01,1,0
327308,2,0.4955555555555556,0.01,1,0
327338,3,0.4936111111111111,1.0,1,0
327376,2,0.7461111111111111,0.01,1,0
327377,2,0.7408333333333333,0.01,1,0
327378,2,0.745,0.01,1,1
327403,2,0.7461111111111111,0.01,1,1
327451,2,0.49,0.0,0,1
327559,3,0.49027777777777776,1.0,1,0
327636,2,0.7463888888888889,0.01,0,0
327639,2,0.5,0.01,0,0
327645,2,0.5222222222222223,0.01,0,0
327686,2,0.5222222222222223,0.01,1,0
327802,2,0.5211111111111111,0.01,1,1
327815,3,0.7413888888888889,0.01,1,0
327984,3,0.49416666666666664,1.0,1,0
328347,2,0.7283333333333334,0.01,1,0
328361,2,0.7469444444444444,0.01,1,0
328371,2,0.7461111111111111,0.01,1,1
328393,2,0.7458333333333333,0.01,1,0
328449,2,0.995,0.01,1,0
328586,2,0.6763888888888889,0.0,0,0
328657,3,0.49277777777777776,1.0,1,0
328670,2,0.5,0.01,1,1
370272,2,0.7452777777777778,0.01,1,0
370432,2,0.7372222222222222,0.01,1,0
370439,2,0.7347222222222223,0.0,1,1
370454,2,0.7447222222222222,0.01,1,1
370457,2,0.7452777777777778,0.01,1,1
370476,2,0.7283333333333334,0.01,1,0
370612,2,0.4897222222222222,0.01,1,1
370614,3,0.7311111111111112,0.01,1,0
370686,2,0.4963888888888889,0.0,0,1
370717,3,0.48944444444444446,0.01,1,0
370776,3,0.4875,1.03,1,0
370795,2,0.7444444444444445,0.01,1,1
370824,3,0.7469444444444444,0.01,1,0
370855,2,0.49722222222222223,0.01,0,0
370888,2,0.4925,0.01,1,1
370927,2,0.4855555555555556,0.01,1,0
370944,2,0.5152777777777777,0.01,1,0
370962,2,0.7458333333333333,0.01,1,0
371104,2,0.495,0.01,0,0
371105,2,0.5191666666666667,0.01,0,0
371121,2,0.49444444444444446,0.01,1,0
371168,3,0.7413888888888889,0.01,1,0
371170,2,0.7461111111111111,0.01,1,1
371175,3,1.1069444444444445,0.01,1,0
371179,2,1.2547222222222223,0.01,1,1
371206,2,0.7458333333333333,0.01,1,1
371248,2,0.49777777777777776,0.01,0,1
371269,2,0.49444444444444446,0.01,1,1
371280,2,0.48777777777777775,0.01,1,0
371281,2,0.4936111111111111,0.01,1,0
371305,2,0.5,0.01,1,0
371306,2,0.49777777777777776,0.01,1,0
371352,3,0.7461111111111111,0.01,1,0
371364,2,0.7452777777777778,0.01,1,0
371477,2,0.5116666666666667,0.01,1,0
371522,3,0.7405555555555555,0.01,1,0
371539,3,0.7383333333333333,0.01,1,0
371549,2,0.7447222222222222,0.01,0,0
371559,2,0.7458333333333333,0.01,0,1
371583,2,0.49472222222222223,0.01,1,0
371619,3,0.4861111111111111,1.02,1,0
371678,3,0.7405555555555555,0.01,1,0
371680,2,0.7455555555555555,0.01,1,1
371723,2,0.7447222222222222,0.01,1,1
371756,2,0.48777777777777775,0.01,0,0
371769,2,0.49666666666666665,0.01,0,0
371774,2,0.4925,0.01,1,1
371794,2,0.49083333333333334,0.01,1,0
371800,3,0.4905555555555556,0.01,1,0
371822,2,0.4930555555555556,0.01,1,0
371846,2,0.49277777777777776,0.01,1,0
371851,2,0.4936111111111111,0.01,1,0
371854,3,0.49472222222222223,0.01,1,0
371859,2,0.4975,0.01,1,0
371928,2,0.7458333333333333,0.01,1,1
371981,2,0.6319444444444444,0.01,1,0
371991,3,0.48638888888888887,1.48,1,1
372055,2,0.49027777777777776,0.01,1,0
372098,2,0.49694444444444447,0.0,1,0
372158,2,0.7441666666666666,0.01,1,1
372215,2,0.4866666666666667,1.39,1,1
372235,2,0.49194444444444446,0.01,1,0
372296,2,0.49722222222222223,0.01,1,1
372308,2,0.9963888888888889,0.01,1,1
372379,2,0.49777777777777776,0.0,0,0
372383,2,0.49722222222222223,0.01,1,0
372397,3,0.49527777777777776,0.01,1,1
372533,2,0.7488888888888889,0.01,0,0
372542,2,0.49777777777777776,0.01,1,0
372544,2,0.5,0.01,1,0
372592,2,0.49444444444444446,0.01,1,1
372621,3,0.49333333333333335,0.99,1,0
372624,2,0.49833333333333335,0.01,1,1
372637,2,0.7433333333333333,0.01,1,1
372669,3,0.7416666666666667,0.01,1,0
372696,3,0.7411111111111112,0.01,0,0
372772,2,0.49166666666666664,0.01,1,1
372802,2,0.49805555555555553,0.01,1,1
372950,2,0.49277777777777776,0.01,1,1
372966,2,0.4922222222222222,0.01,0,0
372977,2,0.49583333333333335,0.01,0,0
372981,2,0.4963888888888889,0.01,1,0
373054,2,0.49722222222222223,0.01,1,0
373068,2,0.49777777777777776,0.0,1,0
373079,3,0.4880555555555556,0.01,1,0
373088,3,0.74,0.01,1,0
373090,2,0.7408333333333333,0.01,1,1
373104,2,0.7438888888888889,0.01,1,0
373140,2,0.49527777777777776,0.01,0,1
373238,2,0.4975,0.01,1,0
373242,2,0.49194444444444446,0.26,1,0
373249,2,0.49805555555555553,0.0,1,0
373273,3,0.7386111111111111,0.01,1,0
373277,3,0.6211111111111111,0.01,1,0
373287,3,0.74,0.01,1,0
373290,3,0.7419444444444444,0.01,1,0
373299,2,0.7444444444444445,0.01,1,0
373347,2,0.49722222222222223,0.01,0,0
373364,2,0.49333333333333335,0.01,1,0
373373,2,0.49777777777777776,0.01,1,1
373374,2,0.4936111111111111,0.01,1,0
373414,3,0.49194444444444446,1.04,1,0
373441,2,0.49833333333333335,0.01,1,1
373442,2,0.4955555555555556,0.01,1,0
373446,2,0.49833333333333335,0.01,1,0
373453,2,0.49666666666666665,0.01,1,1
373464,2,0.49694444444444447,0.0,1,1
373469,2,0.49527777777777776,0.01,1,1
373504,2,0.7458333333333333,0.01,1,1
373514,2,0.7461111111111111,0.01,0,1
373516,2,0.7430555555555556,0.01,0,1
373529,2,0.7572222222222222,0.0,0,0
373531,2,0.49722222222222223,0.01,0,0
373540,2,0.4861111111111111,0.01,1,0
373556,3,0.47805555555555557,1.21,1,0
373616,2,0.4888888888888889,0.01,1,0
373638,2,0.7455555555555555,0.0,1,0
373641,2,0.7444444444444445,0.01,1,1
373654,2,0.7458333333333333,0.01,1,1
373658,2,0.7394444444444445,0.01,1,0
373663,2,0.745,0.01,1,1
373686,2,0.5,0.0,0,1
373835,3,0.7411111111111112,0.01,1,0
373847,2,0.7466666666666667,0.01,1,1
373878,3,0.7338888888888889,0.01,1,0
373881,2,0.7416666666666667,0.01,1,0
373912,3,0.48694444444444446,0.01,1,0
373924,2,0.7436111111111111,0.01,0,0
373953,2,1.4941666666666666,0.01,1,1
373993,2,0.7425,0.01,1,0
374001,2,0.7408333333333333,0.01,1,0
374048,3,0.7391666666666666,0.01,1,0
374068,3,0.49416666666666664,0.01,0,0
374130,2,0.7438888888888889,0.01,1,0
374179,2,0.7463888888888889,0.01,1,0
374272,2,0.5,0.01,1,1
374301,2,0.49166666666666664,0.01,1,0
374302,3,0.4897222222222222,0.01,1,0
374308,3,0.7394444444444445,0.01,1,0
374347,2,0.7466666666666667,0.01,1,0
374448,3,0.49444444444444446,0.01,1,0
374471,3,0.7391666666666666,0.01,1,0
374482,2,0.7455555555555555,0.01,1,1
374540,2,0.7308333333333333,0.01,0,0
374590,3,0.4841666666666667,0.01,1,0
374607,3,0.49416666666666664,0.01,1,0
374706,2,0.7291666666666666,0.01,1,0
374731,2,0.4475,0.01,1,0
374761,2,0.49777777777777776,0.01,0,0
374764,3,0.7405555555555555,1.0,0,0
374765,2,0.4891666666666667,0.01,0,0
374800,3,0.4905555555555556,1.0,1,0
374806,2,0.49805555555555553,0.01,1,0
374813,2,0.49527777777777776,0.01,1,0
374852,2,0.4936111111111111,0.0,1,0
374898,2,0.7463888888888889,0.01,1,1
374912,2,0.7461111111111111,0.01,1,0
374936,2,0.49805555555555553,0.01,0,1
374937,2,0.4702777777777778,1.39,0,1
374953,3,0.48694444444444446,1.0,0,0
374954,3,0.4891666666666667,0.01,1,0
374955,2,0.49805555555555553,0.01,0,1
374962,2,0.49333333333333335,0.01,1,0
374997,2,0.49333333333333335,0.01,1,0
375002,2,0.4911111111111111,0.01,1,0
375107,2,0.4975,0.01,1,1
375229,2,0.49583333333333335,0.01,1,1
375243,2,0.4891666666666667,0.01,1,1
375249,3,0.4955555555555556,0.01,1,0
375270,2,0.7461111111111111,0.01,1,1
375275,3,0.7402777777777778,0.01,1,0
375310,3,0.7386111111111111,0.01,1,0
375315,2,0.7472222222222222,0.01,0,1
375400,3,0.7236111111111111,1.18,1,0
375456,2,0.7019444444444445,0.01,1,0
375458,2,0.7269444444444444,0.01,1,0
375487,2,0.4716666666666667,0.01,0,1
375525,3,0.7933333333333333,0.01,0,0
375527,2,0.7575,0.0,0,1
375548,2,0.495,0.05,1,1
375569,3,0.4911111111111111,0.98,1,0
375573,3,0.49277777777777776,0.01,1,0
375599,3,0.4886111111111111,0.01,1,0
375610,2,0.7430555555555556,0.01,1,1
375617,3,0.7375,0.01,1,0
375655,3,0.7411111111111112,0.01,1,0
375843,2,0.4875,0.01,0,0
375854,2,0.49722222222222223,0.01,0,1
375910,2,0.49805555555555553,0.01,1,1
375946,2,0.49777777777777776,0.01,1,1
376019,2,0.49694444444444447,0.01,0,0
376025,2,0.49666666666666665,0.01,1,0
376051,3,0.49083333333333334,0.01,1,0
376088,2,0.4930555555555556,0.01,1,1
376109,3,0.7413888888888889,0.01,1,0
376135,3,0.7419444444444444,0.01,0,0
376139,2,0.4905555555555556,0.01,0,0
376145,2,0.7591666666666667,0.01,0,1
376179,2,0.49472222222222223,0.01,1,1
376211,2,0.7533333333333333,0.01,1,0
376236,3,0.7413888888888889,0.01,1,0
376237,2,0.7425,0.01,1,0
376273,2,0.7458333333333333,0.01,1,0
376307,2,1.0,0.01,0,0
419915,2,0.49694444444444447,0.0,1,1
419986,2,0.7463888888888889,0.01,1,1
420000,3,0.7413888888888889,0.01,1,0
420010,3,0.7394444444444445,0.01,1,0
420013,2,0.7455555555555555,0.01,0,0
420026,2,0.4875,1.39,0,1
420042,2,0.4936111111111111,0.01,1,1
420101,2,0.4836111111111111,1.44,1,0
420131,3,0.7413888888888889,0.01,1,0
420146,2,0.7466666666666667,0.01,0,0
420172,2,0.49194444444444446,0.01,1,1
420389,2,0.4963888888888889,0.01,1,0
420404,2,0.49166666666666664,0.01,1,0
420487,2,0.4922222222222222,0.01,1,0
420502,2,0.735,0.01,1,0
420590,3,0.4777777777777778,0.01,1,0
420591,3,0.4911111111111111,0.01,1,0
420593,3,0.7386111111111111,0.01,1,0
420597,3,0.7388888888888889,0.01,1,0
420628,3,0.7419444444444444,0.01,1,0
420669,3,0.4677777777777778,0.01,1,1
420728,2,0.7433333333333333,0.01,1,1
420753,2,0.7441666666666666,0.01,0,0
420758,2,0.7447222222222222,0.01,0,1
420779,2,0.49444444444444446,0.0,1,1
420785,2,0.4866666666666667,1.24,1,0
420818,2,0.49416666666666664,0.01,1,1
420837,3,0.7430555555555556,0.01,1,0
420856,3,0.7413888888888889,0.01,1,0
420868,2,0.7491666666666666,0.01,0,1
420875,3,0.4847222222222222,1.56,0,0
420925,2,0.4963888888888889,0.01,1,1
421077,3,0.7402777777777778,0.01,1,0
421111,3,0.7394444444444445,0.01,1,0
421138,2,0.48694444444444446,0.01,0,1
421154,3,0.42194444444444446,1.0,1,0
421178,3,0.4736111111111111,0.01,0,1
421180,3,0.4658333333333333,1.2,0,0
421198,3,0.5,0.01,1,0
421213,2,0.4791666666666667,0.01,0,1
421245,2,0.4963888888888889,0.01,1,1
421277,2,0.49527777777777776,0.01,1,0
421303,3,0.7394444444444445,0.01,1,0
421322,2,0.7433333333333333,0.01,1,0
421328,3,0.7419444444444444,0.01,0,1
421347,3,0.48583333333333334,1.05,1,0
421368,2,0.4922222222222222,0.01,1,0
421392,3,0.4791666666666667,0.84,1,0
421424,2,0.7455555555555555,0.01,1,1
421425,2,0.7463888888888889,0.01,1,0
421464,2,0.4911111111111111,0.01,1,0
421493,2,0.48944444444444446,0.01,1,0
421495,3,0.48333333333333334,0.78,1,0
421507,2,0.49166666666666664,0.01,1,0
421520,3,0.48944444444444446,0.01,1,0
421556,3,0.7402777777777778,0.01,1,0
421562,2,0.7458333333333333,0.01,1,0
421586,2,0.4911111111111111,0.01,0,0
421603,2,0.5,0.01,1,0
421639,2,0.4938888888888889,0.01,1,1
421640,3,0.4872222222222222,0.96,1,0
421688,3,0.7455555555555555,0.01,1,0
421731,2,0.7438888888888889,0.01,1,0
421746,2,0.7725,0.01,0,0
421803,2,0.49194444444444446,0.01,1,1
421806,3,0.4855555555555556,0.01,1,0
421808,2,0.47305555555555556,0.01,1,0
421816,2,0.4905555555555556,0.01,1,0
421869,2,0.4602777777777778,0.01,0,0
421917,3,0.7333333333333333,0.01,1,0
421930,3,0.4230555555555556,1.0,1,0
421938,3,0.4752777777777778,0.01,1,0
421961,2,0.49805555555555553,0.01,1,1
421995,2,0.4897222222222222,0.01,1,0
422014,2,0.49333333333333335,0.01,1,0
422015,2,0.4861111111111111,0.01,1,0
422136,2,0.4955555555555556,0.01,1,1
422149,2,0.745,0.01,1,0
422206,2,0.49666666666666665,0.01,1,1
422273,3,0.48833333333333334,0.01,1,0
422313,2,0.7455555555555555,0.01,1,1
422322,2,0.7452777777777778,0.01,1,0
422427,2,0.7452777777777778,0.01,1,1
422430,3,0.7405555555555555,0.01,1,0
422463,2,0.7441666666666666,0.01,1,1
422465,2,0.7455555555555555,0.01,1,1
422506,2,0.4938888888888889,0.01,1,0
422565,2,0.7461111111111111,0.01,1,0
422574,2,0.7444444444444445,0.01,1,0
422592,2,0.75,0.01,0,1
422616,3,0.73,0.01,1,0
422661,2,0.4913888888888889,0.64,1,0
422699,2,0.49416666666666664,0.0,1,1
422759,2,0.49083333333333334,0.01,1,0
422760,2,0.4866666666666667,0.01,1,0
422773,2,0.7455555555555555,0.01,1,1
422780,3,0.7394444444444445,0.01,1,0
422782,2,0.7461111111111111,0.01,1,0
422796,2,0.7447222222222222,0.01,1,0
422885,2,0.5,0.01,1,0
422897,2,0.4311111111111111,1.16,1,0
422968,2,0.49666666666666665,0.01,1,1
422973,2,0.49416666666666664,0.01,1,0
422977,2,0.4922222222222222,0.01,1,1
423021,3,0.49472222222222223,0.01,1,0
423022,3,0.48333333333333334,0.01,1,0
423041,2,0.7458333333333333,0.01,1,0
423077,2,0.7444444444444445,0.01,1,0
423087,2,0.4880555555555556,0.01,0,0
423239,2,0.7408333333333333,0.01,0,0
423350,2,0.7466666666666667,0.01,1,0
423362,2,0.7466666666666667,0.01,1,0
423378,3,0.4880555555555556,0.01,1,0
423382,3,0.5,0.01,1,0
423385,2,0.7422222222222222,0.01,1,0
423419,3,0.47805555555555557,0.01,0,0
423423,2,0.7388888888888889,0.01,0,0
446312,3,0.4797222222222222,0.01,1,0
446328,2,0.4938888888888889,0.01,1,0
446333,3,0.46805555555555556,1.12,1,0
446340,2,0.49277777777777776,0.0,1,0
446341,3,0.4897222222222222,1.99,1,0
446355,2,0.49277777777777776,0.01,1,0
446390,3,0.49166666666666664,0.01,1,0
446403,2,0.7452777777777778,0.01,1,1
446436,2,0.7527777777777778,0.0,1,1
446484,2,0.4930555555555556,0.0099999997764825,1,0
446494,2,0.4975,0.0199999995529651,1,1
446506,3,0.4938888888888889,0.0099999997764825,1,0
446539,2,0.7463888888888889,0.0099999997764825,1,0
446581,2,0.7466666666666667,0.0099999997764825,1,1
446637,3,0.4841666666666667,1.600000023841858,1,0
446651,2,0.49472222222222223,0.0099999997764825,1,0
446660,3,0.48944444444444446,0.0099999997764825,1,0
446726,2,0.7461111111111111,0.0099999997764825,1,0
446736,2,0.4872222222222222,0.0099999997764825,0,1
446743,2,0.49666666666666665,0.0199999995529651,0,1
446747,2,0.49583333333333335,0.0099999997764825,1,0
446770,2,0.49777777777777776,0.0199999995529651,1,1
446795,2,0.4891666666666667,0.0099999997764825,1,0
446849,2,0.7138888888888889,0.0099999997764825,1,1
446863,2,0.7455555555555555,0.0199999995529651,1,1
446864,2,0.7463888888888889,0.0,1,1
446882,2,0.4747222222222222,0.0099999997764825,1,0
446951,2,0.47694444444444445,0.0099999997764825,0,0
446962,2,0.4888888888888889,0.0199999995529651,0,1
446981,2,0.4622222222222222,0.0099999997764825,1,1
447011,3,0.49444444444444446,0.0099999997764825,1,0
447029,2,0.4911111111111111,0.0099999997764825,1,0
447060,2,0.7483333333333333,0.0199999995529651,1,1
447064,3,0.7394444444444445,0.0099999997764825,1,0
447070,3,0.7388888888888889,0.0099999997764825,1,0
447082,2,0.5,0.0199999995529651,0,0
447086,3,0.4938888888888889,0.0099999997764825,1,0
447105,2,0.49277777777777776,0.0099999997764825,1,0
447110,2,0.4925,0.0,1,0
447114,2,0.745,0.0099999997764825,1,0
447162,2,0.7455555555555555,0.0099999997764825,1,0
447262,2,0.49777777777777776,0.0199999995529651,1,1
447264,2,0.49527777777777776,0.0199999995529651,1,1
447265,2,0.4936111111111111,0.0199999995529651,1,1
447266,3,0.49,0.0199999995529651,1,0
447274,2,0.49166666666666664,0.0099999997764825,1,0
447292,2,0.4777777777777778,0.0099999997764825,1,1
447306,2,0.7447222222222222,0.0,1,0
447346,3,0.7438888888888889,1.2599999904632568,1,0
447381,2,0.49472222222222223,0.0099999997764825,1,1
447408,2,0.49472222222222223,0.0099999997764825,1,1
447487,3,0.7383333333333333,0.0099999997764825,1,0
447508,2,0.7433333333333333,0.9900000095367432,1,1
447513,4,0.49083333333333334,0.0,1,0
447514,2,0.7444444444444445,0.0099999997764825,1,0
447529,3,0.7419444444444444,0.0099999997764825,1,0
447545,2,0.7458333333333333,0.0099999997764825,1,0
447584,2,0.49166666666666664,0.0099999997764825,0,0
447585,3,0.49027777777777776,0.0099999997764825,0,0
447609,2,0.49194444444444446,0.0099999997764825,1,0
447675,2,0.49027777777777776,0.0099999997764825,1,1
447678,2,0.4963888888888889,0.0099999997764825,1,1
447679,2,0.49472222222222223,0.0099999997764825,1,1
447740,2,0.7466666666666667,0.0099999997764825,1,0
447851,2,0.7452777777777778,0.0099999997764825,1,0
447871,2,0.7463888888888889,0.0099999997764825,1,1
447887,3,0.7458333333333333,0.0099999997764825,1,0
447890,2,0.7452777777777778,0.0199999995529651,0,1
447989,2,0.7461111111111111,0.0099999997764825,1,1
448016,2,0.7469444444444444,0.0099999997764825,1,0
448018,2,0.7444444444444445,0.0099999997764825,1,0
448022,2,0.7444444444444445,0.0099999997764825,1,1
448026,2,0.7461111111111111,0.0099999997764825,1,1
474957,2,0.49277777777777776,0.0099999997764825,1,0
474979,2,0.49277777777777776,0.0099999997764825,1,0
475004,2,0.4897222222222222,0.0199999995529651,1,1
475024,2,0.4961111111111111,0.2700000107288361,1,1
475037,2,0.4963888888888889,0.0199999995529651,1,1
475053,3,0.49,1.950000047683716,1,0
475054,3,0.49333333333333335,0.0099999997764825,1,0
475191,3,0.7327777777777778,0.0099999997764825,1,0
475236,2,0.4936111111111111,0.0199999995529651,0,1
475318,2,0.4938888888888889,0.0,1,0
475336,2,0.4738888888888889,0.0099999997764825,1,0
475396,2,0.7502777777777778,0.0199999995529651,1,1
475530,2,0.7444444444444445,0.0099999997764825,1,1
475586,2,0.49833333333333335,0.0199999995529651,1,1
475682,2,0.4922222222222222,0.0,1,1
475733,2,0.4866666666666667,0.0,0,0
475742,2,0.4955555555555556,0.0,1,0
475761,3,0.49277777777777776,1.6200000047683716,1,0
475823,3,0.49277777777777776,1.4600000381469729,1,1
475837,3,0.4911111111111111,0.0,1,0
475868,2,0.7458333333333333,0.0,1,1
475889,2,0.30333333333333334,2.3499999046325684,0,0
475900,2,0.48638888888888887,0.0,1,0
475910,2,0.495,0.0,1,1
475958,3,0.4913888888888889,1.9600000381469729,1,0
475960,2,0.4936111111111111,0.0,1,1
475983,2,0.7433333333333333,0.0,1,1
476019,3,0.7377777777777778,1.600000023841858,1,0
476060,3,0.7422222222222222,1.7799999713897705,1,0
476073,2,1.0,0.0,1,1
476130,3,0.7413888888888889,0.0,1,0
476165,2,0.49277777777777776,0.0,1,0
476183,3,0.48944444444444446,0.0,1,0
476187,2,0.4905555555555556,1.9600000381469729,1,0
476223,2,0.49416666666666664,0.0,1,0
476312,2,0.745,0.0,1,1
476313,2,0.7455555555555555,0.0,1,1
476327,2,0.49722222222222223,0.0,0,0
476407,2,0.49722222222222223,0.0,1,0
476416,2,0.495,0.0,1,1
476441,3,0.7413888888888889,1.600000023841858,1,0
476466,2,0.7452777777777778,0.0,1,1
476496,2,0.5,0.0,0,0
476547,3,0.49472222222222223,1.6599999666213991,1,0
476555,2,0.4911111111111111,0.0,1,1
476579,2,0.4955555555555556,0.0,1,1
476635,2,0.7463888888888889,0.0,1,1
476636,2,0.7438888888888889,0.0,1,1
476641,3,0.6905555555555556,1.600000023841858,0,0
476652,2,0.49694444444444447,0.0,1,1
476691,3,0.47944444444444445,0.0,1,0
476700,3,0.4936111111111111,1.850000023841858,1,0
476747,2,0.7455555555555555,0.0,1,1
476768,2,0.745,0.0,1,0
476778,2,0.7336111111111111,0.0,0,0
476783,2,0.7505555555555555,0.0,0,1
476787,2,0.75,0.0,1,1
476798,2,0.49777777777777776,0.0,1,0
476845,2,0.4961111111111111,0.0,1,1
476909,3,0.7352777777777778,1.600000023841858,1,0
476910,3,0.7352777777777778,1.600000023841858,1,0
477015,3,0.7422222222222222,0.0,1,0
477047,3,0.48388888888888887,1.6399999856948853,1,0
477048,3,0.46166666666666667,0.0,1,0
477078,2,0.49666666666666665,0.0,1,1
477096,2,0.49277777777777776,0.0,1,0
477108,2,0.7461111111111111,0.0,1,1
477115,2,0.745,0.0,1,0
477188,2,0.49472222222222223,0.0,1,1
477220,3,0.4911111111111111,1.950000047683716,1,0
477264,2,0.7452777777777778,0.0,1,0
477315,2,0.7544444444444445,0.0,1,0
477354,2,0.49444444444444446,0.0,1,1
477449,2,0.7402777777777778,0.0,1,0
477455,3,0.7388888888888889,1.600000023841858,1,0
477489,2,0.49527777777777776,0.0,1,1
477521,2,0.5,0.0,1,0
477528,3,0.49166666666666664,2.25,1,0
477578,2,0.7441666666666666,0.0,1,0
477604,3,0.7375,1.600000023841858,1,0
477648,2,0.455,0.0,1,0
477664,2,0.4925,0.0,1,1
477673,3,0.4866666666666667,0.0,1,0
477716,3,0.74,1.600000023841858,1,0
477767,2,0.7380555555555556,0.0,1,0
477816,2,0.7394444444444445,0.0,1,0
477863,2,0.9938888888888889,0.0,0,0
477866,3,1.4930555555555556,0.0,0,1
477915,2,0.49,0.0,1,1
477944,3,0.4888888888888889,1.830000042915344,1,0
477963,3,0.7363888888888889,1.600000023841858,1,0
477971,2,0.7422222222222222,0.0,1,0
477996,2,0.7527777777777778,0.0,1,1
478060,2,0.49416666666666664,0.0,1,1
478117,2,0.7455555555555555,0.0,1,1
478171,3,0.49083333333333334,1.6699999570846558,1,0
478200,2,0.49694444444444447,0.0,1,1
478216,2,0.48944444444444446,0.0,1,1
478217,2,0.48583333333333334,0.0,1,1
478225,3,0.48277777777777775,1.950000047683716,1,0
478237,3,0.4913888888888889,1.7899999618530271,1,0
478295,2,0.48388888888888887,0.0,1,0
478314,2,0.49666666666666665,0.0,1,0
478382,2,0.7458333333333333,0.0,1,1
478402,2,0.7427777777777778,0.9900000095367432,1,1
478407,2,0.73,2.0,1,0
478410,2,0.7455555555555555,0.0,1,1
478424,3,0.7180555555555556,0.3300000131130218,1,0
478425,3,0.7391666666666666,0.0,1,0
478435,2,0.47944444444444445,0.0,0,0
478439,2,0.49444444444444446,0.0,0,0
478493,3,0.6302777777777778,1.600000023841858,1,0
478498,3,0.6302777777777778,1.600000023841858,1,0
478539,3,0.7391666666666666,1.600000023841858,1,0
478638,2,0.4588888888888889,0.0,1,0
478664,2,0.49333333333333335,0.0,1,1
478669,2,0.49444444444444446,0.0,1,0
478688,2,0.49666666666666665,0.0,1,1
478926,3,0.48777777777777775,1.600000023841858,1,0
478939,2,0.7458333333333333,0.0,1,1
478977,3,0.9919444444444444,0.0,1,0
478982,2,0.4736111111111111,1.9700000286102293,1,0
479016,2,0.4888888888888889,0.0,1,0
479024,3,0.4866666666666667,2.5899999141693115,1,0
479051,2,0.7452777777777778,0.0,1,0
479095,2,0.4802777777777778,0.0,0,0
479140,2,0.495,0.0,1,0
503294,2,0.48055555555555557,0.0,1,0
503309,2,0.7291666666666666,0.4399999976158142,1,0
503325,2,0.7175,0.0,1,0
503377,2,0.5,0.0,1,0
503408,3,0.49416666666666664,1.7799999713897705,1,0
503423,2,0.7383333333333333,0.0,1,1
503425,3,0.7386111111111111,0.0,1,1
503432,2,0.74,0.0,1,0
503489,2,0.49472222222222223,0.0,1,0
503512,2,0.49527777777777776,0.0,1,0
503550,2,0.4925,0.0,1,0
503561,2,0.47694444444444445,0.0,1,1
503612,3,0.4825,0.0,1,0
503682,2,0.4913888888888889,0.0,1,0
503733,3,0.49,1.600000023841858,1,0
503744,3,0.48083333333333333,0.550000011920929,1,0
503745,3,0.4888888888888889,0.0,1,0
503750,3,0.48194444444444445,1.600000023841858,1,0
503755,2,0.49166666666666664,0.0,1,0
503898,2,0.4930555555555556,0.9900000095367432,1,1
503903,2,0.4955555555555556,0.0,1,0
503906,2,0.4625,0.0,1,0
503932,2,0.4891666666666667,0.0,1,0
503989,3,0.7008333333333333,0.3300000131130218,1,1
503991,2,0.7438888888888889,0.0,1,1
503994,2,0.4713888888888889,0.0,1,1
504050,2,0.4963888888888889,0.0,1,0
504072,3,0.4891666666666667,0.0,1,0
504092,3,0.9875,0.0,1,0
504155,2,0.9747222222222223,0.0,0,0
504169,2,0.7480555555555556,0.0,1,0
504171,2,0.49027777777777776,0.0,1,0
504261,2,0.7452777777777778,0.0,1,0
504267,2,0.7463888888888889,0.0,0,1
504324,2,0.48138888888888887,0.0,1,0
504337,2,0.7441666666666666,0.0,1,0
504377,2,0.4963888888888889,0.0,1,1
504380,2,0.735,0.0,1,0
504391,2,1.2391666666666667,0.7900000214576721,0,0
504393,2,0.49472222222222223,0.0,1,0
504401,2,0.49805555555555553,0.0,1,0
504404,2,0.49666666666666665,0.0,1,0
504475,2,0.7461111111111111,0.0,1,1
504529,3,0.7377777777777778,0.0,1,0
504569,2,0.4925,0.0,1,0
504595,3,0.49277777777777776,1.600000023841858,1,0
504687,2,0.7433333333333333,0.0,0,1
504688,3,0.7441666666666666,0.0,0,0
504690,2,0.48138888888888887,0.0,0,0
504696,3,0.7038888888888889,1.600000023841858,1,0
504750,3,0.49416666666666664,1.950000047683716,1,0
504765,2,0.4922222222222222,0.0,0,1
504776,2,0.4913888888888889,0.0,1,1
504791,3,0.4841666666666667,0.3300000131130218,1,0
504797,3,0.4880555555555556,1.6599999666213991,1,0
504939,2,0.4961111111111111,0.0,1,0
504946,2,0.74,0.0,1,0
504951,2,0.4961111111111111,0.0,1,1
505033,2,0.7425,0.0,1,1
505040,2,0.7463888888888889,0.0,0,1
505050,2,0.7555555555555555,0.0,1,1
505094,2,0.7444444444444445,0.0,1,1
505097,3,0.7388888888888889,0.0,1,0
505139,2,0.9975,0.0,1,1
505210,2,0.49416666666666664,0.0,1,1
505261,3,0.7463888888888889,0.0,1,0
505271,2,0.7436111111111111,0.0,1,1
505282,2,0.4697222222222222,0.0,0,1
505309,2,0.49527777777777776,0.0,1,0
505321,2,0.4955555555555556,0.0,1,0
505333,2,0.7397222222222222,0.0,1,1
505337,2,0.7483333333333333,0.0,1,0
505386,2,0.7461111111111111,0.0,1,0
505421,2,0.48694444444444446,0.0,0,0
505430,3,0.47,1.600000023841858,1,0
512983,3,0.4775,0.0,1,0
513198,3,4.3933333333333335,0.0,0,0
514619,2,0.9427777777777778,0.0,0,1
515116,2,0.49472222222222223,0.0,1,0
516440,2,0.7213888888888889,0.0,1,0
517099,3,0.7427777777777778,1.8999999761581416,1,0
517186,2,0.7422222222222222,0.0,1,0
517294,3,0.7616666666666667,0.0,1,0
519003,2,0.7394444444444445,0.0,0,0
519703,3,0.49166666666666664,0.0,1,0
520209,1,0.4955555555555556,0.0,1,0
520405,2,0.49472222222222223,0.0,0,1
520434,2,0.49027777777777776,0.0,0,0
520840,2,0.7722222222222223,0.0,1,0
520905,2,0.49527777777777776,0.0,1,0
521701,2,0.9683333333333334,0.0,0,0
521869,2,0.7394444444444445,0.0,1,0
524519,3,0.7411111111111112,1.8999999761581416,1,0
524521,2,0.7411111111111112,1.6799999475479126,1,0
524748,3,0.4886111111111111,0.0,1,0
524750,3,0.7586111111111111,0.0,1,0
524763,2,0.7444444444444445,0.0,1,0
526446,3,0.4841666666666667,0.6700000166893005,0,0
526499,2,0.6811111111111111,0.0,0,0
526711,2,0.7411111111111112,0.0,1,0
527126,2,0.7458333333333333,0.0,1,0
527127,3,0.7438888888888889,0.0,1,0
530456,2,0.49472222222222223,0.0,1,1
531199,2,0.9986111111111111,0.0,0,0
531238,2,0.47583333333333333,0.0,0,1
531926,3,0.7241666666666666,0.0,0,0
531952,2,0.7433333333333333,0.0,0,0
532097,3,2.4522222222222223,0.0,0,0
533701,2,0.48277777777777775,0.0,1,0
533743,3,0.4880555555555556,0.0,1,0
534570,2,1.2416666666666667,0.0,1,0
534742,3,0.4747222222222222,0.0,1,0
534933,3,0.4936111111111111,0.0,1,0
535084,3,0.745,0.0,1,0
535587,2,0.4875,0.0,0,0
535826,3,0.49083333333333334,0.0,1,0
536042,3,0.4886111111111111,0.0,1,0
536163,3,0.7441666666666666,0.0,1,0
536270,3,0.4886111111111111,0.8199999928474426,1,0
536404,2,1.0016666666666667,0.0,1,0
537595,3,0.4741666666666667,1.8999999761581416,1,0
537812,2,2.403888888888889,0.0,0,0
538266,3,0.45055555555555554,0.0,1,0
538539,3,0.7372222222222222,0.0,1,0
538717,2,0.7577777777777778,0.0,1,0
539715,2,0.47833333333333333,0.0,1,0
540366,2,0.47638888888888886,0.0,1,0
540688,3,0.4766666666666667,0.0,1,0
540754,2,0.4905555555555556,0.0,1,0
541419,2,0.7341666666666666,0.0,1,0
542486,2,0.7991666666666667,0.0,1,0
542943,3,0.9958333333333333,0.7699999809265137,1,1
543125,3,0.4925,0.0,1,0
543934,2,0.49583333333333335,0.0,0,0
544006,3,0.7352777777777778,1.8999999761581416,1,0
544014,3,0.7430555555555556,1.8999999761581416,1,0
544021,3,0.7302777777777778,1.2300000190734863,1,0
544150,2,1.5008333333333332,0.0,0,0
545649,2,1.3138888888888889,0.0,0,0
546244,3,0.4911111111111111,0.6200000047683716,1,0
546734,2,0.48055555555555557,0.0,1,0
546837,2,0.745,0.0,0,0
547347,3,0.4922222222222222,0.0,1,0
548333,2,0.4872222222222222,0.0,1,0
549267,3,0.5016666666666667,1.8999999761581416,1,0
550481,3,0.7402777777777778,1.8999999761581416,1,0
550553,2,0.9916666666666667,0.0,0,0
550623,3,0.48055555555555557,0.0,1,0
552084,2,0.47944444444444445,0.0,1,0
552812,3,0.4847222222222222,0.1099999994039535,1,0
554013,3,0.9869444444444444,0.0,1,0
555152,2,0.4936111111111111,0.0,1,0
555600,2,0.4886111111111111,0.0,1,0
556737,2,0.47638888888888886,0.0,1,0
557810,2,0.7416666666666667,0.5199999809265137,1,0
558987,2,1.2530555555555556,0.0,0,0
559508,2,0.7444444444444445,0.0,1,0
559558,2,0.7652777777777777,0.0,1,0
559770,2,1.0019444444444445,0.0,1,0
560148,2,0.4802777777777778,0.0,1,0
561684,2,0.49194444444444446,0.0,1,0
562734,2,0.7736111111111111,0.0,0,0
563788,2,0.4888888888888889,0.0,1,0
563916,2,0.9922222222222222,0.0,0,0
564112,3,0.7411111111111112,1.9600000381469729,1,0
564344,2,0.48777777777777775,0.0,0,0
566167,2,0.495,0.0,1,0
566425,3,0.49333333333333335,1.8999999761581416,1,0
568754,3,0.4938888888888889,1.8999999761581416,1,0
568756,2,0.9944444444444445,0.0,1,0
569124,3,1.4630555555555556,0.0,1,0
569209,2,1.2158333333333333,0.0,1,0
569523,2,0.49444444444444446,0.0,1,0
569656,2,0.49277777777777776,0.0,1,1
569827,3,0.7455555555555555,0.1099999994039535,1,0
570359,2,0.49027777777777776,0.0,1,0
570402,2,0.49027777777777776,0.0,1,0
570441,2,2.6375,0.0,0,0
570675,3,0.7430555555555556,1.8999999761581416,1,0
570697,3,0.7369444444444444,3.3399999141693115,1,0
570812,3,0.4772222222222222,1.8999999761581416,0,0
570861,2,1.0033333333333334,0.0,1,0
571049,2,1.0061111111111112,0.0,0,0
571400,3,1.2655555555555555,1.8999999761581416,1,0
571888,3,0.48305555555555557,1.8999999761581416,1,0
571889,2,0.4886111111111111,0.0,1,0
572361,2,0.44722222222222224,0.0,1,0
572704,2,0.49333333333333335,0.0,0,0
573771,3,0.7544444444444445,0.0,1,0
574373,3,0.48777777777777775,0.0,1,0
574503,2,0.9455555555555556,0.0,0,0
575191,3,0.7458333333333333,0.0,1,0
575673,2,0.4841666666666667,0.0,0,0
575879,2,1.2452777777777777,0.0,1,0
575935,2,0.7377777777777778,2.1199998855590816,1,1
575938,3,0.48777777777777775,1.8999999761581416,1,0
576099,3,0.49083333333333334,0.0,1,0
576383,2,1.5680555555555555,0.0,0,0
576445,2,0.49277777777777776,0.0,0,0
576755,2,0.7444444444444445,0.0,1,0
576898,3,0.7436111111111111,1.8999999761581416,1,0
577010,2,1.2338888888888888,0.0,1,0
577702,3,0.48527777777777775,0.0,1,0
578134,2,0.49027777777777776,0.0,1,0
578340,3,0.49277777777777776,0.0,1,0
578590,3,0.7408333333333333,1.8999999761581416,1,0
578852,3,1.0130555555555556,3.400000095367432,1,0
578972,2,0.9922222222222222,0.0,1,0
579441,2,0.49083333333333334,0.0,0,0
580804,2,0.765,0.0,1,0
580875,3,1.2583333333333333,1.8999999761581416,1,0
581081,3,1.308888888888889,1.8999999761581416,1,0
581167,3,0.49,1.8999999761581416,1,0
581889,3,1.0166666666666666,1.8999999761581416,1,0
581984,2,0.9922222222222222,0.0,1,0
582052,3,0.7277777777777777,0.0,1,1
582107,3,0.4777777777777778,0.0,1,0
582141,2,0.4922222222222222,0.0,1,0
582534,2,0.47805555555555557,0.0,1,0
582712,2,2.1702777777777778,0.0,0,0
582934,2,1.1069444444444445,0.0,1,0
583168,3,0.7405555555555555,1.8999999761581416,1,0
583278,3,0.7405555555555555,1.8999999761581416,1,0
585768,3,0.4955555555555556,1.8999999761581416,1,0
585966,2,1.4902777777777778,0.0,1,0
588352,3,0.745,1.8999999761581416,1,0
589114,3,0.43777777777777777,0.0,0,0
589271,2,0.4722222222222222,0.0,1,0
589343,3,0.7422222222222222,0.5099999904632568,1,0
589353,2,0.9852777777777778,0.0,1,1
589744,3,0.9930555555555556,0.0,1,0
591211,3,0.49527777777777776,1.8999999761581416,1,0
591213,3,0.49,0.0,0,0
591462,2,1.2302777777777778,0.0,1,0
593573,2,1.7433333333333334,0.0,1,0
593642,2,0.4925,0.0,1,0
594582,2,1.2261111111111112,0.0,1,0
594934,3,0.7441666666666666,0.0,1,0
595541,2,0.48083333333333333,0.0,1,0
595794,3,0.7958333333333333,0.0,0,0
596793,2,1.4925,0.0,1,0
596879,3,0.495,1.8999999761581416,1,0
597275,3,0.4913888888888889,0.0,1,0
597482,2,1.0394444444444444,0.0,1,1
597665,3,0.4872222222222222,0.0,0,0
598453,2,0.9872222222222222,0.0,1,1
598559,2,0.49333333333333335,0.0,1,0
598862,3,0.7583333333333333,0.0,1,0
600396,2,0.48777777777777775,0.0,0,0
600950,3,0.4880555555555556,0.0,1,0
602514,2,0.7436111111111111,0.0,0,0
603361,2,0.7388888888888889,0.0,1,0
603518,2,1.2544444444444445,0.0,1,0
604961,3,0.4955555555555556,3.3399999141693115,1,0
605866,2,1.2675,0.0,1,0
605904,2,0.7694444444444445,0.0,1,0
606786,2,1.5975,0.0,0,0
606841,2,0.4938888888888889,0.0,0,1
606887,3,0.8430555555555556,1.8999999761581416,1,0
607093,3,0.4930555555555556,1.8999999761581416,1,0
607124,2,0.7402777777777778,0.0,1,0
607198,3,1.0152777777777777,0.0,1,0
607554,2,0.4880555555555556,0.0,0,0
607590,2,0.9944444444444445,0.0,0,0
607720,3,1.2422222222222221,1.8999999761581416,1,0
608125,3,0.7447222222222222,0.0,1,0
608851,2,1.5547222222222221,0.0,0,0
609484,2,0.49194444444444446,0.0,0,0
610323,2,0.9836111111111111,0.0,1,0
612294,2,0.9941666666666666,0.0,0,0
613505,2,1.1894444444444445,0.0,1,0
613955,2,1.0097222222222222,0.0,1,0
614303,2,0.49777777777777776,0.0,1,0
614601,2,0.4816666666666667,2.1700000762939453,1,0
614602,3,0.4438888888888889,1.8999999761581416,0,0
614615,2,0.4913888888888889,0.0,0,0
614676,3,0.42083333333333334,0.9200000166893004,1,0
614731,2,1.2438888888888888,0.0,1,1
614901,2,0.46305555555555555,0.0,0,0
615005,2,1.7005555555555556,0.0,1,0
615126,3,0.7427777777777778,1.8999999761581416,1,0
615504,3,1.0086111111111111,0.0,1,0
616111,2,0.7508333333333334,0.0,1,1
617121,3,0.4938888888888889,1.8999999761581416,1,0
617124,2,0.6963888888888888,0.0,1,0
617206,2,0.9905555555555555,1.4500000476837158,1,0
617248,2,0.4825,0.0,1,0
617335,2,1.2630555555555556,0.0,1,0
618335,3,0.49444444444444446,1.8999999761581416,1,0
618728,3,0.4741666666666667,0.0,1,0
619152,2,1.0755555555555556,0.0,0,0
619206,2,1.8758333333333332,0.0,0,0
619475,2,0.7416666666666667,0.0,1,0
619546,2,0.9886111111111111,0.0,1,0
619690,2,0.9908333333333333,0.0,1,0
619740,2,0.9961111111111111,0.0,1,0
619842,2,0.49527777777777776,0.0,1,0
620584,2,1.0608333333333333,0.0,0,0
621201,3,0.9877777777777778,0.1099999994039535,1,0
621982,3,0.46444444444444444,0.0,1,0
622150,3,0.49333333333333335,1.8999999761581416,1,0
622196,2,2.0052777777777777,0.0,1,0
622343,3,0.4027777777777778,0.0,1,0
622365,3,0.4688888888888889,3.3399999141693115,1,0
622498,2,0.7436111111111111,0.0,1,0
622499,3,0.7425,1.8999999761581416,1,0
622539,2,0.7455555555555555,0.0,1,0
623939,2,0.7813888888888889,0.0,1,0
624552,3,1.0155555555555555,1.8999999761581416,1,0
624692,3,0.49527777777777776,0.0,1,0
624883,3,0.995,1.8999999761581416,1,0
625233,3,0.4811111111111111,0.0,1,1
625478,2,0.74,0.0,1,0
625794,3,0.49527777777777776,0.0,1,0
625905,3,0.7394444444444445,0.0,1,0
626136,2,0.7302777777777778,0.0,1,0
627103,2,0.49166666666666664,0.0,1,0
627105,2,1.0502777777777779,0.0,1,0
627161,1,1.26,0.0,1,0
627165,2,1.0052777777777777,0.7599999904632568,1,0
627275,2,0.7411111111111112,0.0,1,0
627477,3,0.7502777777777778,0.0,1,0
627751,1,1.2783333333333333,0.0,1,0
627799,3,0.48777777777777775,0.0,0,0
628654,2,0.9833333333333333,0.0,1,0
628689,3,0.4938888888888889,0.0,1,0
628972,3,0.7508333333333334,0.0,1,0
629551,2,0.49333333333333335,0.0,0,0
629721,2,0.4922222222222222,0.0,1,0
630121,2,0.7236111111111111,0.0,1,0
631159,2,1.9555555555555555,0.0,1,0
631278,2,0.7441666666666666,0.0,1,0
631279,3,0.9941666666666666,0.0,1,0
631363,2,0.9922222222222222,0.0,1,0
631447,2,0.48527777777777775,0.0,1,0
631507,2,0.4925,0.0,1,0
631539,2,0.7502777777777778,1.4500000476837158,1,0
632138,3,0.4897222222222222,0.0,1,0
632218,3,0.42444444444444446,1.8999999761581416,0,0
632295,3,0.7447222222222222,1.8999999761581416,1,0
632374,2,0.7438888888888889,0.0,0,0
632828,2,0.4897222222222222,0.0,1,1
633181,2,0.8083333333333333,0.0,0,0
633215,2,0.7444444444444445,0.0,1,1
633885,2,0.4897222222222222,0.0,1,0
633904,2,0.7672222222222222,0.0,1,0
634384,2,0.4938888888888889,0.0,1,0
636151,3,0.9769444444444444,0.0,1,0
636162,3,0.49416666666666664,1.8999999761581416,1,0
637573,2,0.4875,0.0,1,0
637578,3,0.4772222222222222,0.0,1,0
638706,2,0.9930555555555556,0.0,1,0
639537,2,0.49,0.0,0,0
639586,2,1.3497222222222223,0.8899999856948853,1,0
641231,2,0.49472222222222223,0.0,1,0
641308,3,0.49027777777777776,0.0,1,0
641788,2,1.2947222222222223,0.0,1,0
642102,2,0.7422222222222222,0.0,1,0
642290,3,0.4866666666666667,0.0,0,0
643285,2,0.4891666666666667,0.0,1,0
643383,2,0.495,0.0,1,0
644070,2,1.1255555555555556,0.0,1,0
645242,3,0.4608333333333333,0.0,1,0
646269,3,0.49277777777777776,1.8999999761581416,1,0
646334,3,0.7377777777777778,0.0,1,0
646827,2,0.4936111111111111,0.0,1,0
646962,2,0.4963888888888889,0.0799999982118606,1,1
647632,3,0.7425,1.8999999761581416,1,0
648074,2,0.4925,0.0,0,0
648675,3,0.495,1.8999999761581416,1,0
648791,3,0.4955555555555556,1.8999999761581416,1,0
648874,2,0.9852777777777778,0.0,1,0
649958,3,0.49,0.0,1,0
650007,2,0.7611111111111111,0.0,1,0
650008,3,0.7377777777777778,0.0,1,0
650438,3,0.7330555555555556,0.1099999994039535,1,0
650611,3,0.7436111111111111,0.0,1,0
651459,3,0.485,0.0,1,0
652160,2,0.47888888888888886,0.0,1,0
652815,3,0.44972222222222225,0.0,1,0
652932,3,0.4386111111111111,0.0,1,0
653153,2,0.4891666666666667,0.0,1,0
653201,3,0.4905555555555556,0.0,1,0
653846,3,0.49277777777777776,1.8999999761581416,1,0
653966,2,0.9908333333333333,0.0,1,0
653967,2,0.9908333333333333,0.0,1,0
653977,3,0.49027777777777776,0.0,1,0
654096,2,0.9958333333333333,0.0,1,0
654926,2,2.277222222222222,0.0,0,1
655095,2,0.49166666666666664,0.0,1,0
655117,2,1.245,0.0,1,0
655179,2,0.7441666666666666,0.0,1,0
655242,3,0.9919444444444444,1.8999999761581416,1,0
655296,3,2.174722222222222,0.0,0,0
655449,2,1.4830555555555556,0.0,1,0
655451,2,0.7444444444444445,0.0,1,0
655452,2,0.7436111111111111,0.0,1,0
656493,2,0.7663888888888889,0.0,1,1
657293,2,0.9386111111111111,0.0,0,0
657307,2,1.8280555555555555,0.0,1,0
659060,1,0.4911111111111111,0.0,0,0
659890,2,0.4761111111111111,0.0,1,0
660930,2,0.4913888888888889,0.0,1,0
660996,2,0.49444444444444446,0.0,1,0
661038,2,0.9783333333333334,0.0,1,0
661350,3,0.4752777777777778,0.0,1,0
662279,3,0.47805555555555557,0.0,1,0
662332,2,0.48277777777777775,0.0,0,0
662482,4,2.0452777777777778,0.0,0,0
663029,2,0.4825,0.0,0,0
663169,3,0.7419444444444444,1.8999999761581416,1,0
664084,2,0.7369444444444444,0.0,1,0
664190,3,0.72,0.0,1,0
664191,3,0.7186111111111111,1.8999999761581416,1,0
664200,2,1.03,0.0,0,0
664243,2,0.7369444444444444,0.0,1,0
664244,3,0.7333333333333333,0.0,1,0
664297,3,0.7291666666666666,0.0,1,0
664477,3,0.4886111111111111,0.0,1,0
665431,3,0.4816666666666667,1.8999999761581416,1,0
666066,3,0.4897222222222222,0.0,0,0
666254,2,0.48333333333333334,0.0,0,0
666903,3,0.7802777777777777,0.0,1,0
667781,2,0.4905555555555556,0.0,0,1
668366,3,0.8536111111111111,0.0,1,0
670230,2,0.7683333333333333,0.0,1,0
670393,2,0.7916666666666666,0.0,1,0
671065,3,0.49166666666666664,3.0899999141693115,0,0
671392,2,0.4688888888888889,0.0,1,0
672195,2,1.2366666666666666,0.0,1,0
672894,2,0.4922222222222222,0.0,0,0
673039,2,0.9902777777777778,0.0,0,0
673122,2,0.7191666666666666,0.0,1,0
673556,3,0.7172222222222222,1.8999999761581416,1,0
675141,2,0.4938888888888889,0.0,1,0
675380,2,0.47805555555555557,0.0,1,1
676001,2,0.4866666666666667,0.0,0,0
676017,3,1.261111111111111,0.0,0,0
676696,2,0.7766666666666666,0.0,1,0
677085,2,0.7611111111111111,2.1700000762939453,1,0
677426,2,0.7655555555555555,0.0,0,0
677517,3,1.2355555555555555,0.0,0,0
677620,2,0.4686111111111111,0.0,1,0
677705,2,0.7544444444444445,0.0,1,0
677930,2,0.4913888888888889,0.0,1,0
678506,2,1.6416666666666666,0.0,0,0
678653,2,1.0308333333333333,0.0,0,0
678807,2,0.4922222222222222,0.0,0,0
679034,3,0.9883333333333333,0.0,1,0
679105,2,0.9941666666666666,0.0,0,0
679473,2,0.7425,0.0900000035762786,1,0
679701,2,0.46805555555555556,1.6100000143051147,0,0
680222,3,0.7191666666666666,1.8999999761581416,1,0
680786,2,0.9041666666666667,0.0,1,0
680986,3,1.0602777777777779,1.8999999761581416,1,0
683200,3,0.4683333333333333,0.0,0,0
683365,2,0.7194444444444444,0.0,1,0
683432,2,0.7741666666666667,0.0,1,0
683464,2,0.4938888888888889,0.0,1,1
684461,2,0.8269444444444445,0.0,0,0
684573,3,0.49472222222222223,0.0,0,0
686156,2,0.7205555555555555,0.0,0,0
686310,3,0.9475,0.0,1,0
686509,3,0.4822222222222222,0.0,1,0
687760,2,0.49194444444444446,0.0,0,0
687801,2,0.7372222222222222,0.0,0,0
687956,2,0.7419444444444444,0.0,1,0
688279,2,0.49472222222222223,0.0,0,0
689717,2,0.9969444444444444,0.0,1,0
689860,2,0.47055555555555556,0.0,1,0
690111,3,0.49083333333333334,0.0,1,0
690203,3,0.4922222222222222,0.0,1,0
690575,2,0.7686111111111111,0.0,1,0
690798,2,1.1475,0.0,0,0
691114,3,0.72,0.0,0,0
692739,2,0.48833333333333334,0.0,1,0
693633,2,1.1327777777777779,0.0,0,1
693748,2,0.7191666666666666,0.0,0,0
693775,2,0.5108333333333334,0.0,0,1
693901,2,0.4697222222222222,0.0,1,0
693964,2,0.47194444444444444,0.0,1,0
694215,3,0.4891666666666667,0.0,1,1
694756,3,0.7733333333333333,1.8999999761581416,1,0
694792,3,0.48305555555555557,3.3399999141693115,0,0
694893,2,1.4897222222222222,0.0,0,0
694939,2,0.9716666666666667,0.0,0,0
695000,2,1.495,0.0,0,0
695047,2,0.7355555555555555,0.0,1,0
695064,3,0.4922222222222222,1.8999999761581416,1,0
695450,3,0.7422222222222222,1.8999999761581416,1,0
695536,2,0.7433333333333333,0.0,1,0
695684,2,0.9580555555555555,0.0,0,0
695810,2,0.4722222222222222,1.5,0,0
698914,3,0.4888888888888889,3.390000104904175,0,0
699094,3,2.9988888888888887,0.3499999940395355,0,0
699429,2,0.45611111111111113,0.0,0,0
699441,2,0.49416666666666664,0.0,0,0
699809,2,0.7438888888888889,0.0,1,0
700366,2,0.49416666666666664,0.0,1,0
702226,2,0.9927777777777778,0.0,0,0
702305,2,0.48138888888888887,0.0,0,0
703326,2,0.9969444444444444,0.0,1,1
703445,3,1.2441666666666666,1.8999999761581416,1,0
703518,3,1.2394444444444443,0.0,1,0
703547,2,1.5644444444444445,0.0,0,0
703776,3,0.49277777777777776,0.0,1,0
705281,2,0.48694444444444446,0.0,1,0
705319,3,0.49166666666666664,1.8999999761581416,1,0
707501,2,0.7213888888888889,0.0,0,0
708336,2,0.7841666666666667,0.0,1,0
709273,2,0.4861111111111111,0.0,1,0
709274,2,0.46805555555555556,0.0,1,0
709340,3,0.7186111111111111,1.8999999761581416,1,0
709423,2,0.4747222222222222,0.0,1,0
710014,2,0.48527777777777775,2.0299999713897705,1,0
710395,2,0.48833333333333334,0.0,0,0
710478,2,0.47055555555555556,0.0,0,0
711014,3,0.7333333333333333,0.0,1,0
711110,2,0.7477777777777778,0.0,1,0
711300,2,0.49277777777777776,0.0,1,0
711616,3,0.49,1.8999999761581416,1,0
712123,3,0.47694444444444445,0.0,1,0
712830,2,1.4961111111111112,1.2599999904632568,0,0
713135,2,0.4891666666666667,0.0,0,0
714736,2,0.48944444444444446,0.0,1,0
715001,3,0.47555555555555556,0.0,1,0
715814,3,0.7469444444444444,0.9399999976158142,0,1
716123,2,0.7227777777777777,0.0,1,0
716243,2,0.4775,0.0,1,0
716290,2,0.8183333333333334,0.0,1,1
716396,3,0.48944444444444446,0.0,1,0
717303,3,0.8166666666666667,0.0,0,0
718651,2,0.4922222222222222,0.0,1,0
719111,2,0.49527777777777776,0.0,1,0
719257,3,0.47055555555555556,1.8999999761581416,1,0
719800,2,0.7722222222222223,0.0,1,0
720205,2,2.241388888888889,0.0,0,0
720342,2,0.46305555555555555,0.0,0,0
720380,2,0.4508333333333333,0.0,1,0
720780,2,0.9880555555555556,0.0,1,0
720860,3,0.9941666666666666,0.0900000035762786,1,0
720893,2,0.7433333333333333,0.0,1,0
721029,2,0.4811111111111111,0.0,0,0
722519,2,0.4836111111111111,0.0,1,0
722996,2,0.46944444444444444,0.0,0,0
723295,3,0.7211111111111111,0.0,1,0
724651,3,0.49277777777777776,1.8999999761581416,0,0
726358,3,0.49194444444444446,0.0,0,0
726367,2,0.4925,1.100000023841858,0,0
727843,3,0.4936111111111111,0.0,0,0
728604,3,0.49083333333333334,0.0,1,0
729173,2,0.7594444444444445,0.0,0,0
729386,2,0.4469444444444444,0.0,0,0
729705,2,0.49,0.0,0,0
730266,2,0.9925,0.0,0,0
730328,2,0.4697222222222222,0.0,0,0
730424,3,1.0808333333333333,1.8999999761581416,0,0
730522,3,0.7241666666666666,1.8999999761581416,0,0
730694,3,0.47194444444444444,1.8999999761581416,1,0
730729,3,0.4727777777777778,1.8999999761581416,1,0
733015,3,0.4913888888888889,1.8999999761581416,1,0
733427,2,0.4880555555555556,0.0,0,0
733946,2,0.48444444444444446,0.0,1,0
733995,2,0.4861111111111111,0.0,1,0
734139,2,0.4911111111111111,0.6299999952316284,1,0
734967,3,0.4905555555555556,0.0,0,0
736662,2,1.2233333333333334,0.0,1,0
737845,2,1.4922222222222221,0.0,0,0
737890,2,0.47944444444444445,0.0,0,0
737974,3,0.485,0.0,0,0
738002,2,1.2425,0.0,1,0
738078,2,1.0022222222222221,0.0,1,0
738464,2,0.7444444444444445,0.0,1,0
738609,2,1.0233333333333334,0.0,0,0
741745,3,0.47805555555555557,0.0,0,0
742088,2,0.4741666666666667,0.0,1,0
742824,3,0.4905555555555556,1.8999999761581416,1,0
742861,3,0.4786111111111111,1.8999999761581416,1,0
742877,2,1.5880555555555556,0.0,0,0
743850,2,0.4925,0.0,1,0
744290,3,0.48694444444444446,3.3399999141693115,1,0
744795,3,0.9725,1.8999999761581416,1,0
745917,2,0.7475,0.0,0,0
746039,2,0.7425,0.0,1,0
746088,3,0.7872222222222223,0.0,1,0
746236,3,2.2888888888888888,0.3300000131130218,0,0
746303,2,0.4866666666666667,0.0,0,0
746308,2,0.4816666666666667,0.0,0,0
746338,2,0.4905555555555556,3.400000095367432,0,0
746415,3,0.7233333333333334,0.0,0,0
746612,2,0.4936111111111111,0.0,0,0
747194,2,0.9697222222222223,0.0,1,0
747681,2,0.7594444444444445,0.0,1,0
748091,3,0.48055555555555557,0.5099999904632568,0,0
748450,2,0.4905555555555556,0.0,1,0
748555,3,0.48638888888888887,0.0,1,0
748683,3,0.7516666666666667,0.0,1,0
749677,2,0.49333333333333335,0.0,0,0
750510,3,0.49083333333333334,1.8999999761581416,1,0
750520,3,0.9944444444444445,1.8999999761581416,0,0
750526,2,0.8022222222222222,0.0,0,0
750666,2,0.48777777777777775,0.0,0,0
750833,2,0.4938888888888889,0.0,0,0
750980,2,0.4855555555555556,0.7599999904632568,1,0
752077,2,0.4872222222222222,0.0,0,0
752681,3,0.7511111111111111,0.0,1,0
752949,4,0.49,1.8999999761581416,0,0
752974,3,1.065,1.8999999761581416,1,0
753340,3,0.9802777777777778,0.0,0,0
753357,3,0.48583333333333334,0.0,0,0
753430,3,0.49027777777777776,3.4800000190734863,0,0
754113,3,0.4913888888888889,0.0,1,0
754879,2,0.7533333333333333,0.0,0,1
754916,3,0.4683333333333333,0.0900000035762786,0,0
755103,2,0.47555555555555556,0.0,0,0
755463,2,0.4913888888888889,0.0,1,0
756169,2,0.9936111111111111,0.0,0,0
756243,2,1.2136111111111112,0.0,0,0
756492,2,0.7208333333333333,0.0,1,1
756667,3,0.6675,0.0,1,0
757205,2,0.9972222222222222,0.0,0,1
757268,3,0.7919444444444445,1.8999999761581416,1,0
757534,3,0.4847222222222222,0.5099999904632568,0,0
757552,2,0.7341666666666666,0.7599999904632568,1,0
757563,3,0.49416666666666664,1.8999999761581416,1,0
757564,2,0.4938888888888889,0.0,0,0
757639,2,0.4775,0.0,1,0
757931,2,0.9925,0.0,1,0
758003,2,0.455,0.0,1,0
758138,2,0.49277777777777776,0.0,0,0
758219,2,0.4938888888888889,0.0,0,0
758533,2,0.4761111111111111,0.0,1,0
758628,3,0.9330555555555555,1.7899999618530271,1,0
759504,2,1.3325,0.0,0,0
759569,2,0.475,0.0,0,0
759705,3,1.1455555555555557,0.0,1,1
760136,2,0.9908333333333333,0.0,1,0
760483,2,1.0522222222222222,1.3799999952316284,0,0
761160,3,0.5833333333333334,0.7599999904632568,1,0
761393,2,0.9877777777777778,0.0,1,0
761628,2,0.4913888888888889,0.0,1,0
763125,3,0.4905555555555556,0.0,0,0
763222,2,0.7247222222222223,0.0,0,0
763618,2,0.5530555555555555,0.0,1,0
764236,3,0.4766666666666667,3.0899999141693115,1,0
764706,3,0.48583333333333334,3.4800000190734863,1,0
764744,2,0.7413888888888889,0.0,1,0
765053,3,0.7425,0.0,1,1
765124,2,0.7433333333333333,0.0,1,0
765127,2,0.9980555555555556,0.0,1,0
765352,2,0.49194444444444446,0.0,0,1
765405,2,1.1525,1.8999999761581416,0,0
765706,3,0.7266666666666667,1.8999999761581416,0,0
765829,2,0.9811111111111112,0.0,1,0
765911,3,0.48833333333333334,3.3399999141693115,1,0
766422,3,0.4663888888888889,0.0900000035762786,1,0
766796,2,0.49527777777777776,0.0,0,0
766802,2,0.49472222222222223,0.0,0,0
767247,2,0.4936111111111111,0.0,1,0
767543,3,0.48777777777777775,0.0,1,0
768141,2,2.6533333333333333,0.0,1,0
768598,2,0.5819444444444445,0.0,1,0
768821,3,0.4930555555555556,1.8999999761581416,1,0
769098,2,0.6738888888888889,0.0,0,0
769467,3,0.46305555555555555,1.8999999761581416,1,0
770174,3,0.9744444444444444,1.8999999761581416,0,0
771177,3,0.4925,0.0,0,0
772766,2,0.74,0.9200000166893004,1,0
772913,2,0.48638888888888887,0.0,0,0
773136,2,0.7444444444444445,0.0,1,0
773194,3,0.7425,1.8999999761581416,1,0
774160,2,0.7405555555555555,0.0,0,0
774216,3,0.4741666666666667,1.8999999761581416,0,0
774434,2,0.7258333333333333,0.0,1,0
774640,2,0.7366666666666667,0.0,1,1
775163,3,0.4905555555555556,1.8999999761581416,1,0
775552,3,0.46194444444444444,1.0299999713897705,0,0
775599,2,0.7272222222222222,0.0,0,0
776049,3,1.5575,0.0,1,0
776068,2,0.47805555555555557,0.0,0,0
776261,3,0.7258333333333333,1.8999999761581416,1,0
777339,3,0.47694444444444445,1.8999999761581416,0,0
777340,3,0.7269444444444444,1.8999999761581416,0,0
777554,2,0.7225,0.0,1,0
777716,2,0.785,0.0,1,0
777744,3,1.0275,1.8999999761581416,1,0
778601,3,0.7475,1.8999999761581416,0,0
778725,3,0.7430555555555556,3.390000104904175,1,0
779794,2,0.39055555555555554,0.0,1,0
781318,2,0.46194444444444444,0.0,0,0
782612,2,0.7366666666666667,0.0900000035762786,1,0
782614,2,2.4919444444444445,0.0,0,0
782615,2,1.9827777777777778,0.0,0,0
782679,2,0.745,0.0,1,1
782757,2,0.48833333333333334,0.0,0,1
782848,2,0.7436111111111111,0.0,1,0
782853,3,0.47805555555555557,0.0,1,0
783392,2,0.7388888888888889,0.0,1,0
784375,2,0.7527777777777778,0.0,0,0
784805,2,0.4925,0.0,1,0
786980,3,0.48083333333333333,3.2899999618530287,1,1
787838,2,0.7213888888888889,0.0,0,0
788031,2,0.9772222222222222,0.0,1,0
788032,3,0.4772222222222222,1.8999999761581416,1,0
789096,3,0.4875,1.8999999761581416,0,0
789816,3,0.47555555555555556,1.8999999761581416,1,0
791061,2,0.7172222222222222,0.0,0,1
791074,2,0.4777777777777778,0.0,0,0
791339,2,0.7722222222222223,0.0,0,0
791543,3,0.4905555555555556,0.0,1,0
792191,3,0.7677777777777778,1.8999999761581416,1,0
792360,2,0.7525,0.0,0,0
792808,2,0.7422222222222222,0.0,1,1
792866,2,0.7294444444444445,0.0,0,0
793231,3,0.4775,1.8999999761581416,1,0
793961,2,0.7361111111111112,0.0,1,0
796233,2,0.49277777777777776,0.0,0,0
796511,2,0.48833333333333334,0.0,1,0
797729,2,0.7963888888888889,0.0,1,0
797797,2,0.4583333333333333,0.0,0,0
798440,2,1.4947222222222223,0.0,0,0
798806,2,0.4791666666666667,0.0,0,0
799111,3,0.4880555555555556,1.8999999761581416,1,0
799138,2,0.49083333333333334,0.0,1,0
799675,2,0.7316666666666667,0.6100000143051147,1,0
799676,2,0.7113888888888888,0.0,1,0
799929,3,0.4888888888888889,1.8999999761581416,1,0
800240,2,0.8777777777777778,0.0,0,0
801675,3,0.4647222222222222,0.0,0,0
802010,3,0.7383333333333333,0.5400000214576721,1,0
802234,3,0.4311111111111111,0.0,0,0
802862,3,0.7491666666666666,1.8999999761581416,0,0
802961,2,0.7638888888888888,0.0,1,0
803149,3,0.4911111111111111,0.0,1,0
803153,3,0.4938888888888889,1.8999999761581416,1,0
803162,2,1.028888888888889,0.0,1,0
803244,2,0.49277777777777776,0.0,0,0
803246,2,0.57,0.0,1,0
803817,2,1.5380555555555555,0.0,0,0
804032,3,0.7352777777777778,0.0,0,0
804248,3,0.4913888888888889,3.0899999141693115,0,0
804418,3,0.49,1.8999999761581416,1,0
804546,3,0.9955555555555555,0.0,1,0
804781,2,1.0811111111111111,0.0,0,0
804835,2,0.7255555555555555,0.0,0,0
805188,3,1.0808333333333333,0.0,0,0
805434,2,0.7266666666666667,0.0,1,0
805503,3,0.4886111111111111,3.4800000190734863,1,0
805949,3,0.49333333333333335,1.8999999761581416,1,0
806400,2,1.176111111111111,0.0,1,1
807535,3,1.041111111111111,0.0,1,0
808348,2,0.47583333333333333,0.0,0,0
808439,2,0.7308333333333333,0.0,0,0
808614,2,0.4925,0.0,0,1
808654,2,0.47638888888888886,0.0,1,0
808655,2,0.47638888888888886,0.0,1,0
809059,3,0.495,3.3399999141693115,1,0
809762,3,0.4777777777777778,0.0,0,0
810078,2,0.48055555555555557,0.0,0,1
810334,3,0.7433333333333333,1.8999999761581416,1,0
810930,2,0.7594444444444445,0.0,1,0
811399,2,0.4502777777777778,0.0,0,0
811559,2,0.7588888888888888,0.0,1,0
811728,3,0.48333333333333334,0.0,1,0
813433,2,0.48638888888888887,0.0,0,0
813742,3,0.4866666666666667,0.0,1,0
814398,3,0.5638888888888889,1.8999999761581416,1,0
814866,2,0.9908333333333333,0.0900000035762786,0,0
815290,2,1.0013888888888889,0.0,0,0
816218,3,0.7472222222222222,0.0,1,0
816920,2,0.4791666666666667,0.0,0,0
817188,2,0.7447222222222222,0.0,0,0
817479,3,0.47638888888888886,0.0,1,0
817493,2,0.46805555555555556,0.0,1,0
817587,3,0.4797222222222222,1.8999999761581416,1,0
817774,3,0.49194444444444446,3.0899999141693115,1,0
818521,2,0.8163888888888889,0.0,0,0
818528,2,1.5477777777777777,0.0,0,0
818933,2,0.47944444444444445,0.0,1,0
820186,2,1.4883333333333333,0.0,0,0
820187,2,0.9755555555555555,0.0,0,0
820238,2,0.47888888888888886,0.0,0,0
820257,2,0.4930555555555556,0.0,1,0
820280,2,0.48777777777777775,0.0,0,0
820311,2,0.48305555555555557,0.0,0,0
820680,3,0.46555555555555556,0.0,0,0
821180,2,0.7272222222222222,0.0,1,0
821667,3,0.47888888888888886,1.8999999761581416,0,0
821948,2,0.4772222222222222,0.0,1,1
822030,2,0.4786111111111111,0.0,1,0
822118,3,0.4791666666666667,1.8999999761581416,1,0
822200,3,0.4797222222222222,1.8999999761581416,1,0
822386,2,0.49472222222222223,0.0,1,0
822420,2,0.49472222222222223,0.0,1,0
823339,2,0.49472222222222223,0.0,0,0
823340,2,0.8872222222222222,0.0,0,0
824445,3,0.4886111111111111,0.0,1,0
824502,3,0.49027777777777776,0.0,1,0
825157,2,0.5486111111111112,0.0,0,0
825312,3,0.5811111111111111,1.8999999761581416,0,0
825373,2,0.4913888888888889,0.0,1,0
825502,2,0.49444444444444446,0.0,0,0
825581,3,0.6875,1.8999999761581416,1,0
826045,2,0.4955555555555556,0.0,0,1
827052,3,0.4797222222222222,1.8999999761581416,0,0
827065,2,0.7288888888888889,0.0,0,0
828502,2,0.4872222222222222,0.0,1,0
828546,3,0.4847222222222222,0.0,1,0
828781,2,0.7441666666666666,0.0,0,0
829242,3,0.47833333333333333,1.8999999761581416,1,0
829480,3,1.006388888888889,0.0,1,0
829504,3,0.49083333333333334,0.0,1,0
830487,2,1.0441666666666667,0.0,0,0
830839,3,0.7036111111111111,0.0,1,0
831061,2,0.49527777777777776,0.0,0,1
831150,2,0.84,0.0,0,0
831885,2,0.4741666666666667,0.0,1,0
832068,2,0.47944444444444445,0.0,1,0
832293,2,0.7497222222222222,0.0,1,0
832447,3,0.4922222222222222,1.8999999761581416,1,0
832845,2,0.49083333333333334,0.0,0,0
833412,2,0.7269444444444444,0.0,0,0
837217,2,0.9786111111111111,0.0,1,0
838542,2,0.48055555555555557,0.0,1,0
838547,2,0.47944444444444445,0.0,1,0
838897,2,0.9869444444444444,0.0,1,0
839174,2,0.48055555555555557,0.0,0,0
839661,2,0.4897222222222222,0.0,0,0
839710,2,0.7577777777777778,0.0,0,0
840096,3,0.48694444444444446,0.0,0,0
840137,2,0.9861111111111112,0.0,1,0
840244,2,0.4930555555555556,0.0,0,0
840605,2,0.7438888888888889,0.0,1,0
840652,2,0.7472222222222222,0.0,0,0
840654,2,1.993611111111111,0.0,0,0
841050,3,0.9780555555555556,0.0,1,0
841681,4,0.4922222222222222,1.8999999761581416,1,0
843406,3,0.7447222222222222,1.8999999761581416,0,0
843524,3,0.4922222222222222,1.8999999761581416,1,0
844355,2,0.4786111111111111,0.0,1,0
844886,3,0.4786111111111111,1.8999999761581416,0,0
845268,2,1.0283333333333333,0.0,1,0
846040,3,1.246388888888889,0.0,1,0
846157,3,0.4802777777777778,1.8999999761581416,1,0
846229,3,0.7297222222222223,1.8999999761581416,1,0
846952,2,3.1919444444444443,0.0,0,1
847088,3,0.7544444444444445,1.8999999761581416,0,0
847256,3,0.7477777777777778,1.8999999761581416,1,0
847511,2,0.8633333333333333,0.0,1,0
848361,3,0.48083333333333333,1.8999999761581416,1,0
848401,2,1.568888888888889,0.0,1,0
848934,3,0.7425,1.8999999761581416,0,0
848969,2,2.2441666666666666,0.0,1,0
849140,2,1.425,0.0,1,0
849197,2,0.4922222222222222,0.0,1,0
849347,2,1.7416666666666667,0.0,0,1
849385,2,2.0533333333333332,0.0,0,0
849425,3,0.7416666666666667,1.8999999761581416,1,0
849443,3,0.7427777777777778,1.8999999761581416,1,0
849483,3,0.9808333333333333,1.8999999761581416,1,0
849609,2,1.4422222222222223,0.0,1,0
849639,2,4.295555555555556,0.0,1,0
849852,2,1.0480555555555555,0.0,0,1
849914,4,2.442222222222222,1.8999999761581416,0,0
850383,2,1.6433333333333333,0.0,1,0
850899,3,0.48833333333333334,1.8999999761581416,1,0
851279,3,0.4802777777777778,1.8999999761581416,1,0
852058,2,1.5558333333333334,0.0,0,0
853744,3,0.47583333333333333,0.0,0,0
853913,2,3.2683333333333335,0.0,0,0
853973,2,0.7875,0.0,0,0
854025,2,0.48194444444444445,0.0,1,0
856291,3,0.6316666666666667,1.8999999761581416,1,0
856573,3,0.49083333333333334,0.0,1,0
856791,3,0.7391666666666666,0.0,1,0
857186,3,0.47944444444444445,1.8999999761581416,1,0
858765,3,0.4905555555555556,1.8999999761581416,1,0
860064,2,0.4880555555555556,0.0,1,0
860107,2,0.49027777777777776,0.0,0,0
861244,2,0.7408333333333333,0.0,1,0
861658,3,0.48055555555555557,1.8999999761581416,1,0
861792,3,0.49194444444444446,0.0,1,0
861927,3,0.4913888888888889,0.0,1,0
862065,2,0.9888888888888889,0.0,1,1
862807,2,0.49694444444444447,0.0,0,1
863077,2,0.49194444444444446,0.0,0,0
863456,2,0.4930555555555556,0.0,0,0
863628,2,0.6005555555555555,0.0,1,0
864767,2,0.5327777777777778,0.0,0,1
865522,3,0.7511111111111111,3.3399999141693115,1,0
866073,3,0.4802777777777778,1.8999999761581416,0,0
866740,2,0.7458333333333333,0.0,1,0
867141,2,0.48833333333333334,0.0,1,0
867292,2,1.2308333333333332,0.0,0,0
867302,2,1.3041666666666667,0.9499999880790708,0,0
867352,3,0.8819444444444444,0.0,0,0
867433,2,0.7411111111111112,0.0,1,0
867434,3,0.5677777777777778,0.0,1,0
867575,2,0.7397222222222222,0.0,1,0
867734,2,0.7369444444444444,0.75,1,0
867930,2,0.7375,0.1800000071525573,1,1
868003,3,0.7444444444444445,1.8999999761581416,1,0
868851,3,1.1127777777777779,0.0,1,0
869304,3,0.4913888888888889,1.8999999761581416,1,0
869941,3,0.4811111111111111,1.8999999761581416,1,0
870227,2,0.7544444444444445,0.0,0,0
870602,2,0.4825,0.0,1,0
871066,2,0.7858333333333334,0.0,0,0
871425,2,1.635,0.0,0,0
871462,2,0.48694444444444446,0.0,0,0
871483,2,0.49416666666666664,0.0,0,1
871556,2,0.4861111111111111,2.1700000762939453,0,0
872625,2,0.7252777777777778,0.0,1,0
873173,2,1.3477777777777777,0.0,1,1
874865,3,0.7277777777777777,0.0,1,0
874903,3,0.4811111111111111,1.8999999761581416,1,0
875016,2,0.48083333333333333,0.0,1,0
875243,2,0.745,0.0,1,0
877163,3,0.4825,1.8999999761581416,1,0
877639,3,0.48055555555555557,1.8999999761581416,1,0
877739,3,0.4841666666666667,0.0,1,0
878116,3,0.4897222222222222,1.8999999761581416,1,0
878352,2,0.9813888888888889,0.0,0,0
878846,2,0.7422222222222222,0.0,1,0
878848,2,0.49472222222222223,0.0,1,0
879069,2,0.7452777777777778,0.0,1,0
879180,3,0.7541666666666667,0.0,1,0
879255,3,0.7536111111111111,0.0,1,0
879716,2,0.9947222222222222,0.0,1,0
880161,2,0.49527777777777776,0.0,0,0
880863,3,0.48055555555555557,0.0,1,0
880985,3,0.4825,1.8999999761581416,1,0
881134,2,0.48333333333333334,0.0,1,0
881805,2,0.4872222222222222,0.0,0,0
881890,2,1.2172222222222222,0.0,0,1
882058,2,0.7311111111111112,0.0,1,0
882140,3,0.4816666666666667,1.8999999761581416,1,0
883292,2,0.8319444444444445,0.0,0,0
883507,3,0.7322222222222222,1.8999999761581416,1,0
883722,2,1.3016666666666667,0.0,0,1
884010,2,3.1294444444444443,0.0,0,0
884137,2,0.7622222222222222,0.0,0,0
884584,3,0.7308333333333333,0.0,1,0
885035,3,0.7313888888888889,1.8999999761581416,1,0
885576,3,0.49194444444444446,1.8999999761581416,1,0
886570,2,0.49444444444444446,0.0,0,0
886775,2,0.7277777777777777,0.0,1,0
887465,2,0.48277777777777775,0.0,1,0
887942,2,0.49277777777777776,0.0,1,0
888843,3,0.4811111111111111,1.8999999761581416,1,0
889718,2,0.7505555555555555,0.0,0,0
890045,3,0.4897222222222222,0.0,0,0
891091,2,0.4761111111111111,0.0,1,0
891106,3,0.7313888888888889,1.8999999761581416,1,0
892091,2,0.7380555555555556,0.0,1,0
892768,3,0.71,0.7599999904632568,1,0
893379,2,0.9980555555555556,0.0,1,1
893702,2,0.4866666666666667,0.0,0,0
893809,2,0.5605555555555556,0.0,1,0
894429,3,1.2405555555555556,0.0,1,0
894847,2,0.49277777777777776,0.0,0,0
895304,2,0.49416666666666664,0.0,1,0
895557,2,0.4802777777777778,0.0,1,0
896588,2,0.9786111111111111,0.0,0,0
897051,3,0.83,0.0,1,0
898302,3,1.2622222222222221,0.0,0,0
898595,2,0.7305555555555555,0.0,0,0
900446,2,0.7311111111111112,0.0,1,1
901881,3,0.4913888888888889,1.8999999761581416,0,0
901945,3,0.48083333333333333,1.8999999761581416,0,0
902223,2,0.7319444444444444,0.0,1,1
902531,2,0.755,0.0,1,0
903069,2,0.49083333333333334,0.0,0,0
903481,3,1.0275,1.8999999761581416,1,0
903609,2,2.241388888888889,0.0,0,0
903888,3,0.7316666666666667,1.8999999761581416,1,0
905147,3,0.7316666666666667,1.8999999761581416,1,0
905188,3,0.4930555555555556,1.8999999761581416,1,0
905402,2,1.481111111111111,0.0,1,0
905681,3,0.49194444444444446,0.0,1,0
906081,2,0.47805555555555557,0.0,0,0
906904,2,0.48138888888888887,0.0,1,0
906941,2,0.4791666666666667,0.0,1,0
908392,2,0.7591666666666667,0.0,0,1
909952,2,0.49333333333333335,0.0,0,1
910222,3,0.7655555555555555,0.0,1,0
910488,3,0.7311111111111112,0.0,1,0
910557,2,0.7313888888888889,0.0,1,0
910781,2,1.0069444444444444,0.0,1,0
912919,3,0.7433333333333333,1.8999999761581416,1,0
913023,2,0.7402777777777778,3.400000095367432,1,0
913154,3,0.5630555555555555,0.0,1,0
917599,2,0.7308333333333333,0.0,0,1
919082,3,0.48527777777777775,1.8999999761581416,0,0
919216,4,0.7419444444444444,1.8999999761581416,0,0
919247,3,0.8527777777777777,0.0,0,0
919301,2,0.5619444444444445,0.0,1,0
919315,2,0.5561111111111111,0.0,1,0
919845,2,2.7544444444444443,0.0,1,0
919975,2,1.9841666666666666,0.0,1,0
920317,2,0.7877777777777778,0.0,1,0
920670,2,0.5561111111111111,0.0,1,0
921651,2,0.475,0.0,1,0
921733,2,1.5438888888888889,0.0,1,0
921736,3,0.475,1.8999999761581416,1,0
922772,2,0.49083333333333334,0.0,0,0
923259,3,0.8238888888888889,1.8999999761581416,1,0
923757,2,0.7416666666666667,0.0,1,0
923915,2,0.4880555555555556,0.0,0,0
924130,3,0.49166666666666664,0.8199999928474426,1,0
924390,2,0.47444444444444445,1.4600000381469729,1,1
924391,2,0.48,0.0,1,0
924401,2,0.7319444444444444,0.0,1,1
925824,2,1.2297222222222222,0.0,1,0
927018,3,0.4822222222222222,1.8999999761581416,1,0
927590,2,0.49027777777777776,0.0,0,0
927827,2,1.4716666666666667,0.0,1,0
928669,2,0.9783333333333334,0.0,1,0
928729,2,1.7555555555555555,0.0,1,0
929062,3,0.9813888888888889,1.8999999761581416,1,0
929183,3,1.2269444444444444,0.0,0,1
929532,3,1.1680555555555556,0.0,0,0
929956,2,0.7772222222222223,0.0,0,0
930020,2,1.051111111111111,0.0,0,0
932190,2,0.4911111111111111,0.0,0,0
932941,2,0.7641666666666667,0.0,1,1
933312,2,0.4897222222222222,1.5199999809265137,0,0
933434,2,0.8305555555555556,0.0,0,0
933778,2,0.6808333333333333,0.0,1,0
933809,3,0.4936111111111111,3.0899999141693115,1,0
934856,3,0.49444444444444446,1.8999999761581416,1,0
935077,3,1.0141666666666667,0.0,1,0
935521,2,0.7569444444444444,0.0,1,0
935553,2,0.9922222222222222,0.0,1,0
935820,3,0.9847222222222223,0.6100000143051147,0,0
936122,2,1.238611111111111,0.0,0,1
936179,2,1.2483333333333333,0.0,0,0
936841,3,0.7336111111111111,1.8999999761581416,1,0
936859,3,0.7769444444444444,1.8999999761581416,1,0
937161,2,1.021111111111111,0.0,1,0
937208,3,0.7325,1.8999999761581416,1,0
939454,2,0.7511111111111111,0.0,1,0
939591,2,0.75,0.0,1,1
939714,2,1.0155555555555555,0.0,0,1
939756,2,0.9286111111111112,0.0,0,0
939990,2,0.48333333333333334,0.0,1,0
940145,2,0.7311111111111112,0.0,1,0
941490,3,0.8027777777777778,0.0,0,0
941596,3,0.47833333333333333,1.8999999761581416,1,0
942492,2,0.995,0.9200000166893004,1,0
942493,3,0.7447222222222222,1.8999999761581416,1,0
942561,2,0.7408333333333333,1.1799999475479126,1,0
942575,2,2.506111111111111,0.0,1,1
942609,2,0.9947222222222222,0.0,0,0
942614,2,0.495,0.0,0,0
942637,2,0.49416666666666664,0.0,0,0
942691,3,0.5436111111111112,0.0,1,0
943107,2,1.3488888888888888,0.0,0,0
943134,2,0.475,0.0,0,0
943603,3,1.0327777777777778,0.0,1,0
943702,2,1.0911111111111111,0.0,1,0
944192,2,1.0797222222222222,0.0,1,0
944193,2,1.093888888888889,0.0,1,0
944547,2,0.7741666666666667,0.0,0,0
945096,3,0.7825,0.0,1,0
945487,4,0.7769444444444444,0.0,1,0
946182,3,1.181111111111111,1.8999999761581416,0,0
946997,2,0.9891666666666666,0.0,1,0
947596,3,0.9938888888888889,0.0,1,0
947772,2,1.6230555555555555,0.0,0,0
948027,2,0.4847222222222222,0.0,1,0
948908,3,0.49027777777777776,1.8999999761581416,1,0
949958,2,0.49027777777777776,0.0,1,0
950359,3,0.9663888888888889,3.3399999141693115,1,0
950371,3,0.48944444444444446,0.0,1,0
950548,2,0.7458333333333333,0.0,1,0
951083,3,0.745,1.8999999761581416,1,0
951280,2,0.7291666666666666,0.0,0,0
951754,2,0.4936111111111111,0.0,0,0
951833,2,1.0105555555555557,0.0,0,0
952016,3,0.48277777777777775,1.8999999761581416,1,0
952532,2,1.0333333333333334,0.0,1,0
953382,3,0.4913888888888889,0.0,0,0
953551,2,0.47888888888888886,0.0,1,0
953919,3,0.7313888888888889,0.0,1,0
956650,3,0.4855555555555556,0.0,0,0
956697,2,1.9444444444444444,0.0,0,0
957650,3,0.48305555555555557,1.8999999761581416,1,0
958916,3,0.48055555555555557,1.8999999761581416,1,0
958917,2,3.789722222222222,0.0,1,0
959114,2,1.7294444444444443,0.3400000035762787,1,0
959353,2,0.7316666666666667,0.0,1,0
959873,2,1.493611111111111,0.0,0,0
960506,2,3.8858333333333333,0.0,1,0
960570,2,1.3816666666666666,0.0,0,0
961666,2,1.2308333333333332,0.0,1,0
963188,3,1.2313888888888889,1.8999999761581416,1,0
964025,3,0.4727777777777778,1.8999999761581416,1,0
964096,2,1.6655555555555555,0.0,1,0
964692,2,1.3130555555555556,0.0,1,1
965099,2,1.2252777777777777,0.0,1,0
965264,2,1.2741666666666667,0.0,1,0
965299,2,0.8391666666666666,0.0,1,0
965418,2,1.185,0.0,0,1
965421,2,0.8391666666666666,0.0,0,0
966087,3,1.2441666666666666,0.0,1,0
966783,2,2.649722222222222,0.4300000071525574,0,0
967516,2,1.2725,0.0,1,0
968062,2,0.7911111111111111,0.0,1,1
968159,2,1.33,0.0,1,0
968274,3,0.7338888888888889,1.8999999761581416,1,0
968372,2,1.091388888888889,0.0,0,0
968796,2,2.296666666666667,0.0,1,0
968892,3,1.9644444444444444,0.0,0,0
968917,4,1.2341666666666666,1.8999999761581416,0,0
969500,2,1.8508333333333333,0.0,0,0
969584,2,0.9841666666666666,0.0,0,0
969586,3,0.4738888888888889,2.0999999046325684,1,0
969610,2,2.3116666666666665,0.0,1,0
970410,3,0.7477777777777778,3.3399999141693115,1,0
972228,2,2.1044444444444443,0.0,1,0
972229,2,2.750277777777778,0.0,0,0
974459,2,1.2180555555555554,0.0,1,0
974476,2,0.7330555555555556,0.0,1,0
974493,2,1.15,0.0,1,0
975983,3,0.7261111111111112,0.0,1,0
975984,2,0.7330555555555556,0.0,1,1
976004,2,0.9830555555555556,0.0,1,0
977426,2,1.2505555555555556,0.0,0,0
977444,2,0.7305555555555555,0.9499999880790708,1,0
977458,2,0.4775,0.0,1,0
977504,3,0.48305555555555557,1.8999999761581416,1,0
977507,2,0.48444444444444446,0.0,1,0
977519,2,1.0694444444444444,0.0,1,0
977520,2,1.8191666666666666,0.0,1,0
977529,3,0.48388888888888887,1.8999999761581416,1,0
978891,3,0.48277777777777775,1.8999999761581416,1,0
978912,2,2.0766666666666667,0.0,1,0
978915,3,0.49444444444444446,1.8999999761581416,1,0
978919,2,1.2452777777777777,0.0,1,0
978923,2,0.48277777777777775,0.0,1,0
978927,3,0.48333333333333334,1.8999999761581416,1,0
979846,2,0.7027777777777777,1.8999999761581416,1,0
980743,3,0.9897222222222222,0.0,1,0
980772,2,0.9955555555555555,0.0,0,0
982317,3,0.7705555555555555,0.0,1,0
982334,3,0.7466666666666667,0.0,1,0
982353,3,1.3297222222222222,0.0,1,0
982370,3,2.2711111111111113,0.0,1,0
983948,2,1.0061111111111112,0.0,1,0
983992,2,1.506388888888889,0.0,1,0
984009,3,0.49416666666666664,0.0,0,0
985440,3,0.9888888888888889,1.8999999761581416,1,0
985445,3,1.2697222222222222,0.0,1,0
985481,2,1.8333333333333333,0.0,1,0
985490,2,0.48333333333333334,0.0,0,0
986928,3,0.49,1.8999999761581416,0,0
986944,3,0.9919444444444444,1.8999999761581416,1,0
986965,2,1.5033333333333334,1.6699999570846558,1,0
986995,3,0.4922222222222222,0.0,1,0
988444,2,2.6391666666666667,0.0,1,0
988886,2,1.5727777777777778,0.0,0,0
989552,2,0.48944444444444446,0.0,1,0
991163,3,1.7544444444444445,3.0899999141693115,1,0
991178,2,1.9169444444444443,0.0,1,0
991191,3,0.4855555555555556,0.0,1,0
991192,3,0.8263888888888888,0.0,1,0
992269,2,1.7994444444444444,0.0,1,0
992298,3,0.4777777777777778,0.0,1,0
993858,3,0.7261111111111112,1.8999999761581416,1,0
993868,3,1.7397222222222222,0.0,1,0
993912,2,1.133888888888889,0.0,1,0
993915,2,0.4911111111111111,0.0,1,0
995499,3,1.8541666666666667,0.0,1,0
996941,2,0.9802777777777778,0.0,1,0
996944,3,1.4938888888888888,0.6200000047683716,1,0
996967,3,3.6105555555555555,1.8999999761581416,1,0
996969,3,2.7475,0.0,1,0
997408,3,1.541111111111111,0.0,1,0
997412,3,0.49194444444444446,3.0899999141693115,0,0
997993,2,1.0280555555555555,1.3400000333786009,1,0
998000,2,1.5594444444444444,0.0,1,0
998007,2,1.8158333333333334,0.0,1,0
998026,3,1.0530555555555556,0.9200000166893004,1,0
998067,3,0.48388888888888887,1.8999999761581416,1,0
999852,3,1.0122222222222221,0.0,1,0
999865,2,0.49666666666666665,0.0,1,1
999920,3,0.985,1.8999999761581416,1,0
999929,3,0.9847222222222223,1.8999999761581416,1,0
999933,3,1.2683333333333333,0.0,1,0
999934,2,1.4944444444444445,0.0,0,0
999938,3,0.49666666666666665,0.0,0,0
1001555,2,0.9333333333333333,0.8299999833106995,0,0
1001569,2,1.5333333333333334,0.0,1,0
1001613,2,1.535,0.0,1,0
1001639,2,4.079722222222222,0.0,1,0
1001642,2,0.4880555555555556,3.400000095367432,1,0
1001659,3,0.4822222222222222,1.8999999761581416,1,0
1003248,2,0.9958333333333333,0.0,1,1
1003257,3,0.4925,1.8999999761581416,1,0
1003272,3,0.7441666666666666,0.8199999928474426,1,0
1003294,2,3.3230555555555554,0.0,1,0
1003322,3,0.4841666666666667,1.8999999761581416,1,0
1003333,2,0.9933333333333333,0.0,0,0
1004995,3,0.8255555555555556,1.8999999761581416,1,0
1005011,3,2.0455555555555556,0.0,1,0
1006527,2,0.725,0.0,1,0
1006921,2,4.114166666666667,0.0,0,0
1006926,2,0.7427777777777778,0.0,1,0
1006933,3,0.7461111111111111,3.0899999141693115,1,0
1006937,2,2.5011111111111113,0.0,1,1
1006946,3,1.3508333333333333,0.0,1,0
1009310,3,0.4930555555555556,0.0,1,0
1009383,4,0.7358333333333333,3.2899999618530287,0,1
1010917,2,0.7433333333333333,0.0,1,0
1010918,3,1.513611111111111,1.3300000429153442,1,0
1010952,2,0.9905555555555555,0.0,1,0
1010981,3,2.28,2.0299999713897705,1,0
1012603,2,0.7838888888888889,0.0,1,0
1012612,2,3.3922222222222222,0.0,1,0
1012640,2,1.4169444444444443,0.0,1,0
1012651,3,0.9997222222222222,3.3399999141693115,1,0
1012660,2,1.7327777777777778,0.0,1,0
1012680,2,0.49444444444444446,0.0,0,0
1014237,3,1.2533333333333334,0.9200000166893004,1,0
1014249,3,0.49194444444444446,1.8999999761581416,1,0
1014298,3,0.7311111111111112,0.0,1,0
1015837,3,0.7458333333333333,1.8999999761581416,1,0
1016311,3,0.745,1.8999999761581416,1,0
1016316,3,1.2452777777777777,1.8999999761581416,1,0
1016326,3,0.9955555555555555,1.8999999761581416,1,0
1016342,3,1.4933333333333334,1.8999999761581416,0,0
1016910,2,0.7363888888888889,0.0,1,0
1016913,4,1.9894444444444443,1.8999999761581416,1,0
1016934,3,0.46805555555555556,0.0,1,0
1016953,2,3.254166666666667,0.0,1,0
1018604,2,0.6702777777777778,0.0,1,0
1018644,2,0.7536111111111111,0.0,1,0
1018675,3,0.48333333333333334,1.8999999761581416,1,0
1018679,2,0.7555555555555555,0.0,0,0
1020257,2,2.6230555555555557,0.0,0,0
1020298,2,0.48388888888888887,0.0,1,0
1022015,2,0.7416666666666667,0.0,1,1
1022026,2,1.8855555555555557,0.0,1,0
1022039,2,0.9972222222222222,0.0,1,0
1022049,2,3.207777777777778,0.0,1,0
1022055,2,0.9836111111111111,0.0,1,0
1022068,2,1.2919444444444443,0.0,1,0
1023584,2,1.735,0.0,1,0
1024653,2,1.116111111111111,0.0,1,0
1024682,2,0.7438888888888889,0.0,1,1
1024688,3,1.0144444444444445,1.8999999761581416,1,0
1024700,3,1.4975,0.0,1,0
1024705,2,1.3591666666666666,0.0,1,1
1025634,2,2.4880555555555555,0.0,0,0
1025685,2,1.4844444444444445,0.2000000029802322,1,0
1025688,3,0.9866666666666667,1.8999999761581416,1,0
1027552,2,3.223611111111111,0.0,0,0
1027641,2,1.48,0.0,1,0
1027646,3,0.4872222222222222,0.0,1,0
1027668,2,4.089166666666666,0.0,1,0
1029199,3,4.061111111111111,2.1199998855590816,1,1
1029216,2,0.7358333333333333,0.0,1,0
1029219,3,1.2455555555555555,1.8999999761581416,1,0
1029229,2,4.635555555555555,0.0,1,0
1029244,2,2.2647222222222223,0.0,1,0
1030792,2,1.7716666666666667,0.0,1,0
1030846,2,1.2452777777777777,0.0,1,0
1030875,2,1.0322222222222222,0.0,0,0
1032442,2,2.538611111111111,0.0,0,0
1032444,2,1.0316666666666667,0.0,0,0
1034463,2,2.8825,0.0,1,0
1035073,3,0.7402777777777778,1.8999999761581416,1,0
1035076,3,0.7402777777777778,1.8999999761581416,1,0
1035104,2,0.48777777777777775,0.0,1,0
1035136,3,0.7327777777777778,1.8999999761581416,1,0
1036840,2,0.9941666666666666,0.0,1,0
1036910,3,0.7336111111111111,1.8999999761581416,1,0
1038594,2,0.8005555555555556,0.0,1,0
1038620,2,1.9858333333333333,0.0,1,0
1038631,3,1.2655555555555555,0.0,1,0
1038632,3,0.7352777777777778,1.8999999761581416,1,0
1038637,3,0.9852777777777778,1.8999999761581416,1,0
1040231,2,0.7305555555555555,0.0,1,0
1041931,2,1.5363888888888888,1.4099999666213991,1,0
1041975,3,1.7347222222222223,0.0,1,0
1043425,2,1.0341666666666667,0.0,0,0
1043962,2,1.7419444444444445,0.0,1,1
1044511,3,0.5055555555555555,0.0,1,0
1044549,2,1.5363888888888888,1.4500000476837158,1,0
1044553,3,1.2305555555555556,0.0,1,0
1044557,3,1.231111111111111,0.7599999904632568,1,0
1046227,2,1.2566666666666666,0.0,1,1
1046237,2,0.7444444444444445,0.0,1,0
1046255,2,0.7444444444444445,0.0900000035762786,1,0
1048009,3,1.4525,1.8999999761581416,1,0
1048013,2,1.2630555555555556,2.3299999237060547,1,0
1048022,2,0.9802777777777778,0.0,1,0
1048031,2,2.736388888888889,0.0,1,0
1048036,3,0.7405555555555555,0.0,1,0
1048040,2,0.49472222222222223,0.0,0,0
1049563,2,0.8602777777777778,0.0,0,0
1049654,2,0.9997222222222222,0.0,1,0
1051228,3,0.4925,1.8999999761581416,0,0
1051231,2,0.8555555555555555,0.3600000143051147,1,1
1051237,2,1.0086111111111111,0.0,1,1
1051308,2,0.7366666666666667,0.0,1,0
1052595,3,0.4855555555555556,0.0,1,0
1052615,3,0.495,1.8999999761581416,0,0
1053128,2,0.48527777777777775,0.0,0,0
1053749,2,0.9913888888888889,0.0,1,0
1053763,2,0.7338888888888889,0.0,1,0
1053766,3,0.735,0.0,1,0
1055549,3,0.49333333333333335,1.8999999761581416,1,0
1055556,2,0.495,0.0,1,0
1055560,2,0.48583333333333334,0.0,1,0
1055567,3,0.735,1.8999999761581416,1,0
1055572,2,0.7352777777777778,0.0,1,0
1055574,3,1.2358333333333333,1.8999999761581416,1,0
1057305,2,2.2380555555555555,0.0,1,1
1057348,2,0.7363888888888889,0.0,1,0
1057351,3,1.7494444444444444,1.8999999761581416,1,0
1057355,3,0.9888888888888889,0.9499999880790708,1,0
1057358,3,0.47805555555555557,0.0,1,0
1057370,2,1.855,0.0,0,0
1059088,3,2.2630555555555554,1.8400000333786009,1,0
1059107,2,1.498888888888889,0.0,1,0
1060640,2,1.6283333333333334,0.0,0,0
1060653,2,2.178888888888889,0.0,0,0
1060683,3,0.4822222222222222,0.7599999904632568,1,0
1060708,3,0.48944444444444446,0.0,1,0
1060713,2,0.7330555555555556,0.0,1,0
1062225,2,0.4866666666666667,0.0,0,0
1062227,3,1.2027777777777777,0.9499999880790708,1,0
1062244,2,1.7980555555555555,0.0,1,0
1062252,3,0.8772222222222222,1.8999999761581416,0,0
1062708,3,0.7438888888888889,1.8999999761581416,1,0
1062736,3,0.7822222222222223,1.8999999761581416,1,0
1062746,3,0.6763888888888889,3.3399999141693115,0,0
1063339,3,0.9897222222222222,3.0899999141693115,1,0
1063352,2,1.9916666666666667,0.0,1,0
1063369,3,1.028888888888889,0.0,1,0
1063390,2,0.7697222222222222,0.0,1,0
1065003,3,1.4477777777777778,1.25,0,0
1065005,2,1.0519444444444443,1.9299999475479128,0,0
1065026,3,0.7094444444444444,0.6100000143051147,1,0
1065027,3,0.45916666666666667,0.6100000143051147,1,0
1065033,2,1.7061111111111111,0.0,1,0
1065036,3,0.9975,1.8999999761581416,1,0
1065045,2,0.9680555555555556,2.0299999713897705,1,0
1065049,3,0.4891666666666667,1.8999999761581416,1,0
1065054,2,0.9902777777777778,0.0,1,0
1065063,3,0.9991666666666666,1.8999999761581416,1,0
1065069,3,0.7472222222222222,0.0,1,0
1065084,2,3.241111111111111,1.8400000333786009,1,0
1065090,2,1.238611111111111,0.0,1,0
1065104,2,0.49472222222222223,0.0,0,0
1066782,3,0.4905555555555556,1.8999999761581416,1,0
1066786,2,0.4866666666666667,0.7699999809265137,1,1
1068283,3,0.455,1.8999999761581416,0,0
1068287,2,0.9913888888888889,0.0,0,0
1068350,2,1.4955555555555555,0.0,1,0
1068371,2,2.9880555555555555,0.0,0,0
1070887,3,0.4841666666666667,1.8999999761581416,1,0
1070892,2,2.03,0.0,1,0
1070917,2,3.0433333333333334,0.0,1,0
1070926,2,2.248611111111111,1.6100000143051147,1,0
1070927,2,0.9886111111111111,0.0,1,1
1072442,2,0.49583333333333335,1.9099999666213991,1,0
1072469,2,0.49583333333333335,0.0,1,0
1072480,2,0.49472222222222223,0.0,1,0
1072482,2,2.4819444444444443,0.0,1,0
1072487,3,0.9869444444444444,1.8999999761581416,1,0
1072491,2,2.4991666666666665,0.0,1,0
1073922,3,1.4669444444444444,0.0,0,0
1073957,2,2.3769444444444443,0.0,1,0
1073968,3,0.4797222222222222,1.8999999761581416,1,0
1073982,2,2.2655555555555558,0.0,1,0
1073993,2,1.2375,0.0,1,0
1073994,3,0.48444444444444446,1.8999999761581416,1,0
1073995,2,1.2327777777777778,0.0,1,1
1075415,2,0.7072222222222222,0.0,0,0
1075420,4,0.7652777777777777,3.0899999141693115,0,0
1075423,2,2.136388888888889,0.0,1,0
1075439,2,1.2777777777777777,0.0,1,0
1075444,2,0.9727777777777777,0.0,1,0
1075485,2,0.48527777777777775,0.0,1,0
1075497,2,1.2894444444444444,0.0,0,0
1076931,2,1.0258333333333334,0.0,1,0
1076936,3,0.8922222222222222,1.8999999761581416,1,0
1078341,3,0.7458333333333333,0.0,1,1
1078342,3,0.7425,3.2899999618530287,1,1
1078358,3,0.7688888888888888,3.3399999141693115,1,0
1078362,3,0.9391666666666667,1.8999999761581416,1,0
1078777,3,0.9947222222222222,1.8999999761581416,0,0
1079268,2,1.273611111111111,0.0,1,0
1079276,2,1.7875,0.0,1,0
1079313,3,0.7236111111111111,0.0,1,0
1079322,2,0.4922222222222222,0.0,1,0
1079340,3,0.4886111111111111,0.0,0,0
1080886,2,2.063888888888889,0.0,0,0
1080939,2,0.7358333333333333,1.100000023841858,1,0
1080969,2,0.49027777777777776,0.0,0,0
1082458,2,1.5469444444444445,0.0,1,0
1082459,2,1.5244444444444445,0.0,1,0
1082493,3,1.5186111111111111,0.0,1,0
1082527,2,1.2375,0.0,1,0
1082531,3,1.6333333333333333,0.0,0,0
1083873,3,1.125,0.0,0,0
1083878,2,2.723611111111111,0.0,0,0
1083885,2,1.255,0.0,1,0
1083911,4,0.49,1.8999999761581416,1,0
1083945,2,0.4886111111111111,0.0,1,0
1085406,2,0.7733333333333333,0.0,1,0
1085409,3,1.0394444444444444,0.0,1,0
1085418,3,0.4888888888888889,1.8999999761581416,1,0
1085432,2,1.9883333333333333,0.0,1,0
1085436,2,0.9877777777777778,0.0,1,0
1085456,2,1.66,0.0,0,0
1086896,2,1.1352777777777778,0.0,0,1
1086906,2,1.5558333333333334,0.0,1,1
1086920,2,0.7575,0.0,1,0
1086922,3,1.3052777777777778,0.0,1,0
1086927,3,1.1152777777777778,0.4099999964237213,0,0
1087937,2,0.5605555555555556,0.0,0,0
1087963,2,0.7919444444444445,0.0,1,0
1089588,2,0.4855555555555556,0.6000000238418579,1,0
1089594,3,0.7605555555555555,0.0,1,0
1089619,2,0.9861111111111112,0.0,1,1
1089634,3,0.4880555555555556,2.0999999046325684,1,0
1089635,2,5.4125,1.8400000333786009,1,0
1091161,2,0.7436111111111111,0.0,1,0
1091164,3,0.4786111111111111,2.0999999046325684,1,0
1092631,2,0.9938888888888889,0.4300000071525574,1,0
1094018,2,0.9872222222222222,0.0,1,0
1094026,2,1.6211111111111112,0.0,1,0
1095375,2,0.7419444444444444,0.0,0,0
1095389,2,0.7769444444444444,0.0,1,0
1095392,2,1.3180555555555555,0.0,1,0
1095725,2,0.4861111111111111,0.0,1,0
1095730,2,2.817222222222222,0.0,1,1
1095754,2,1.0225,0.0,0,0
1096166,2,1.503611111111111,0.0,1,0
1096178,3,1.485,1.8999999761581416,1,0
1096180,2,3.1108333333333333,0.0,1,0
1096200,2,4.103055555555556,0.0,0,0
1096205,2,1.0275,0.0,1,0
1096213,2,1.7541666666666667,0.0,1,1
1096255,2,1.0247222222222223,0.0,0,0
1098441,2,1.4944444444444445,0.0,1,0
1098442,2,2.0105555555555554,0.0,1,0
1098444,3,2.8030555555555554,0.0,1,1
1098446,3,1.2305555555555556,0.0,1,0
1098463,3,0.4875,1.8999999761581416,1,0
1100036,3,0.7383333333333333,1.8999999761581416,1,0
1100049,2,0.9908333333333333,0.0,1,0
1100077,2,2.1036111111111113,0.0,1,0
1101557,3,0.9919444444444444,3.0899999141693115,0,0
1101583,2,1.2555555555555555,0.0,1,1
1101589,3,0.7508333333333334,1.8999999761581416,1,0
1101602,2,2.5372222222222223,0.0,1,0
1103010,3,1.6216666666666666,1.8999999761581416,1,0
1103377,2,1.7433333333333334,0.0,0,1
1103984,4,4.246388888888889,1.8999999761581416,0,0
1104058,3,0.7380555555555556,0.0,0,0
1105684,3,1.7855555555555556,0.6100000143051147,0,0
1105721,3,1.2413888888888889,1.8999999761581416,1,0
1107287,2,1.2730555555555556,0.0,1,0
1107297,2,1.5161111111111112,0.0,1,1
1107328,3,0.4886111111111111,1.8999999761581416,1,0
1108910,3,0.7322222222222222,0.6100000143051147,1,0
1108913,2,0.4897222222222222,0.0,1,0
1108917,2,0.48777777777777775,0.0,1,0
1108923,2,1.4880555555555555,0.0,1,1
1110302,2,1.5030555555555556,1.0800000429153442,0,0
1110313,2,0.7502777777777778,0.0,1,1
1110321,2,1.0241666666666667,0.0,1,0
1110322,2,0.49444444444444446,0.0,1,0
1110361,2,1.8230555555555557,0.0,1,0
1111734,2,0.7655555555555555,0.0,1,0
1111741,3,0.4888888888888889,1.8999999761581416,1,0
1112139,2,1.333888888888889,0.0,1,0
1112161,2,0.995,0.0,0,0
1112167,2,1.0316666666666667,0.0,0,0
1112733,3,0.9863888888888889,0.0,1,0
1112763,2,0.4936111111111111,0.0,0,0
1114269,3,0.49194444444444446,0.0,0,0
1114327,2,1.7022222222222223,0.0,0,1
1117259,2,0.8752777777777778,0.0,1,0
1117279,2,0.9875,0.0,0,0
1117284,2,1.0777777777777777,0.0,0,0
1117292,2,1.7675,0.0,0,0
1118626,3,1.0516666666666667,0.0,1,0
1118660,2,0.7558333333333334,0.0,1,1
1120039,2,1.2391666666666667,0.0,1,0
1120392,2,1.7683333333333333,0.0,1,1
1120406,2,0.48444444444444446,0.0,0,0
1120919,2,2.238888888888889,0.0,1,0
1120965,3,0.48777777777777775,1.8999999761581416,1,0
1122538,2,1.0072222222222222,0.0,1,1
1122573,2,1.5147222222222223,0.0,1,0
1122574,3,0.7383333333333333,1.8999999761581416,1,0
1122586,2,1.7377777777777779,0.0,0,1
1122589,2,1.0033333333333334,0.0,0,1
1124071,2,1.0297222222222222,0.0,1,0
1124081,2,2.1269444444444443,0.0,1,1
1124112,3,2.2383333333333333,0.5099999904632568,1,0
1125619,2,1.2502777777777778,0.0,1,0
1125670,2,1.2383333333333333,0.0,0,0
1125675,2,0.7394444444444445,0.0,0,0
1126846,2,1.1408333333333334,2.3299999237060547,0,0
1126862,3,0.7502777777777778,1.8999999761581416,1,0
1126898,2,0.4891666666666667,0.0,1,0
1128044,3,0.9661111111111111,1.8999999761581416,0,0
1128056,3,0.7455555555555555,1.8999999761581416,1,0
1128058,2,1.823611111111111,0.0,1,0
1128068,2,1.0080555555555555,0.0,0,0
1128453,3,1.0719444444444444,0.0,0,0
1128454,2,0.7997222222222222,0.25,0,0
1129112,3,2.2725,0.6200000047683716,1,0
1130605,2,0.49666666666666665,0.0,0,0
1130618,2,1.0408333333333333,0.0799999982118606,1,1
1130625,2,2.6702777777777778,0.0,1,0
1130658,2,4.164166666666667,0.0,1,0
1130660,2,3.5130555555555554,0.0,1,0
1130682,2,0.4905555555555556,0.0,0,0
1132074,3,0.7477777777777778,0.8600000143051147,1,0
1132079,2,0.9891666666666666,0.0,1,0
1132098,3,1.2372222222222222,0.0,1,0
1132101,2,0.4913888888888889,0.0,1,0
1132102,3,0.49027777777777776,1.8999999761581416,0,0
1132106,2,1.7383333333333333,0.0,0,0
1133485,2,0.7330555555555556,1.2599999904632568,1,0
1133489,2,0.7552777777777778,0.0,1,0
1133505,2,0.8927777777777778,0.0,1,0
1133510,2,0.7486111111111111,0.0,1,0
1133523,3,0.7616666666666667,1.8999999761581416,1,0
1133549,2,0.9883333333333333,0.0,1,0
1134792,3,0.4911111111111111,1.8999999761581416,0,0
1134830,2,2.2555555555555555,0.0,1,0
1136132,2,0.7383333333333333,0.0,1,0
1136146,2,0.5,0.0,0,1
1136595,2,2.1466666666666665,0.0,1,0
1137227,3,0.4777777777777778,0.0,1,0
1138774,2,2.743611111111111,0.0,1,0
1138776,2,2.4941666666666666,0.0,1,0
1140239,3,0.74,0.0,1,0
1140278,2,1.7752777777777777,0.0,1,0
1140281,2,1.011388888888889,0.0,1,0
1141634,3,0.7211111111111111,0.0,1,0
1143033,2,1.02,0.0,0,0
1143062,2,0.9813888888888889,0.0900000035762786,1,0
1143108,2,3.091666666666667,0.0,0,0
1144391,3,0.49333333333333335,1.8999999761581416,1,0
1144399,3,0.7555555555555555,1.8999999761581416,0,0
1144401,3,0.7608333333333334,0.0,0,0
1145582,2,1.5797222222222222,0.0,0,0
1148759,3,0.7686111111111111,0.0,1,0
1148785,2,0.4897222222222222,0.0,1,0
1148794,2,0.9888888888888889,0.0,1,0
1148811,2,2.0941666666666667,0.0,1,0
1148818,3,0.49583333333333335,1.8999999761581416,0,0
1150290,3,0.4922222222222222,0.0,0,0
1150293,3,1.0108333333333333,0.9200000166893004,0,0
1150333,3,1.26,0.0,1,0
1150336,3,1.4947222222222223,0.0900000035762786,1,0
1150345,3,0.48,0.7599999904632568,1,0
1153406,2,1.2391666666666667,0.0,1,0
1154683,2,1.2716666666666667,0.209999993443489,1,1
1154714,3,0.4841666666666667,0.0,1,0
1154718,2,2.1044444444444443,0.0,1,0
1154719,2,2.1044444444444443,0.0,1,0
1154741,2,2.3455555555555554,0.0,0,0
1156776,2,0.7533333333333333,0.0,1,0
1156793,3,1.2586111111111111,0.0,1,0
1156811,2,3.586388888888889,0.7699999809265137,1,0
1156812,2,3.348611111111111,0.0,1,0
1156825,2,1.0702777777777779,0.0,0,0
1158609,2,0.9983333333333333,0.0,1,0
1158613,2,1.5888888888888888,0.0,1,1
1158659,2,0.9880555555555556,0.0,1,0
1158661,2,3.2536111111111112,0.0,1,0
1158680,2,1.27,0.0,0,1
1158697,2,0.7477777777777778,0.0,0,0
1160236,2,0.7441666666666666,0.0,0,0
1160287,2,1.0019444444444445,0.0,1,0
1160319,2,0.9913888888888889,0.0,1,0
1161930,2,0.8313888888888888,0.0,0,0
1161933,3,0.7369444444444444,0.6100000143051147,0,0
1161941,3,0.7405555555555555,0.0,1,0
1161964,2,1.0216666666666667,1.6100000143051147,1,1
1161967,2,0.7808333333333334,0.0,1,0
1161999,2,0.4913888888888889,0.0,1,0
1164192,2,0.7338888888888889,2.740000009536743,0,0
1164887,2,0.9980555555555556,0.0,0,0
1164888,2,1.2980555555555555,0.0,0,0
1164894,2,0.4761111111111111,0.0,1,0
1164898,2,1.303611111111111,0.1500000059604644,1,1
1164938,2,4.166666666666667,0.0,1,1
1164943,2,1.555,0.0,1,0
1164945,2,1.5041666666666667,0.0,1,0
1166598,2,1.061388888888889,0.0,0,1
1166607,2,0.8425,0.0,0,0
1166677,2,0.8230555555555555,0.0,0,0
1166683,2,3.8033333333333332,0.0,0,0
1166686,2,1.7541666666666667,0.0,0,0
1166687,2,1.426111111111111,0.0,0,0
1168191,2,1.0,0.0,0,0
1168251,2,0.9897222222222222,0.0,1,0
1168265,2,0.7627777777777778,0.0,0,0
1171196,2,1.2752777777777777,0.0,0,0
1172786,2,0.48333333333333334,0.0,0,0
1172818,3,1.2777777777777777,1.8999999761581416,0,0
1174066,2,0.4875,0.0,0,0
1174129,2,0.7408333333333333,0.0,0,0
1175835,3,0.7788888888888889,0.0,0,0
1175874,3,0.7383333333333333,0.0,1,0
1175890,2,0.9913888888888889,0.0,0,0
1177566,2,1.7466666666666666,0.0,1,0
1177580,2,1.2355555555555555,0.0,1,0
1177585,2,1.2413888888888889,0.0,1,0
1177587,3,0.9891666666666666,0.0,0,0
1177595,2,1.5094444444444444,0.0,0,1
1179284,2,1.023611111111111,0.0,1,0
1179334,2,1.2794444444444444,0.0,0,1
1179351,2,0.49527777777777776,0.0,0,0
1180887,2,0.4897222222222222,0.0,1,0
1180889,3,0.7383333333333333,1.8999999761581416,1,0
1180905,3,1.8055555555555556,0.0,0,1
1182405,2,1.7008333333333334,0.0,0,0
1182414,3,0.4888888888888889,0.0,1,0
1182416,3,0.9902777777777778,1.8999999761581416,1,0
1182417,3,0.4897222222222222,1.8999999761581416,0,0
1182419,2,0.49472222222222223,0.0,0,0
1182998,2,1.5283333333333333,0.0,1,0
1183002,3,0.4913888888888889,1.8999999761581416,1,0
1183023,3,0.9919444444444444,3.0899999141693115,0,0
1183698,2,0.9922222222222222,0.0,1,0
1183720,2,1.2427777777777778,0.0,1,1
1183730,3,0.4886111111111111,0.0,1,0
1185358,3,0.7516666666666667,1.2599999904632568,1,0
1185365,2,1.0577777777777777,0.0,1,0
1185379,3,0.49,0.0,1,0
1186847,2,0.99,0.0,0,0
1186852,2,0.7530555555555556,0.0,0,0
1186883,2,0.7483333333333333,0.0,1,0
1186887,2,0.7433333333333333,0.0,1,0
1186899,2,0.7508333333333334,0.0,1,0
1186910,3,0.7647222222222222,1.8999999761581416,1,0
1186919,2,1.1583333333333334,0.0,0,1
1186920,2,0.49777777777777776,0.0,0,0
1186921,2,1.271388888888889,0.0,0,0
1188165,3,0.48444444444444446,1.8999999761581416,0,0
1188170,3,0.7419444444444444,1.8999999761581416,0,0
1188171,2,1.2983333333333333,0.0,0,0
1188177,2,1.2397222222222222,0.0,0,0
1188179,3,1.038888888888889,0.0900000035762786,1,0
1188181,2,1.0066666666666666,0.0,1,0
1188186,2,1.1330555555555555,0.0,1,0
1188187,3,0.8030555555555555,0.4099999964237213,1,0
1189549,2,0.9916666666666667,0.0,1,0
1189555,2,1.0230555555555556,0.0,0,1
1189564,3,0.49277777777777776,1.8999999761581416,0,0
1191054,2,0.4861111111111111,0.0,0,1
1191060,2,0.9816666666666667,0.0,0,0
1191667,3,0.7291666666666666,0.6100000143051147,0,0
1191672,3,0.7575,0.7599999904632568,1,0
1191705,2,2.08,0.0,1,0
1191718,2,1.2416666666666667,0.0,0,0
1193484,2,0.47555555555555556,0.0,1,0
1193491,3,0.6341666666666667,0.0,1,0
1193533,2,0.7408333333333333,0.0,0,0
1195024,2,1.2708333333333333,0.0,0,0
1195056,2,0.7530555555555556,0.0,1,0
1195058,3,0.48833333333333334,0.0,1,0
1195077,2,0.49027777777777776,0.0,1,0
1195095,2,0.9911111111111112,0.0,0,0
1195099,2,1.2380555555555555,0.0,0,0
1196513,2,0.8130555555555555,0.0,0,0
1196530,2,0.7597222222222222,0.0,1,1
1196572,3,0.49166666666666664,0.0,1,0
1196577,2,0.7394444444444445,0.0900000035762786,1,0
1196583,2,1.4922222222222221,0.0,1,0
1197786,2,1.488611111111111,0.699999988079071,0,0
1199509,3,0.8547222222222223,0.9200000166893004,1,0
1200005,3,1.0394444444444444,0.0,0,0
1200011,2,0.7480555555555556,0.0,1,1
1200015,2,0.9436111111111111,0.0,1,0
1200019,2,0.6638888888888889,0.0,1,0
1200054,2,0.7425,0.0,0,0
1200062,2,0.4922222222222222,0.0,0,0
1201510,2,1.8208333333333333,0.0,0,1
1202739,2,0.7886111111111112,0.0,0,0
1202749,2,0.9925,0.0,1,0
1204033,2,1.5377777777777777,0.0,0,0
1204037,2,1.1277777777777778,0.0,0,0
1204040,2,0.7791666666666667,0.0,0,0
1204064,2,0.49166666666666664,0.0,1,0
1204082,2,1.7358333333333333,0.0,1,0
1204090,2,0.9858333333333333,0.0,0,0
1205416,3,0.72,0.9200000166893004,1,0
1205425,2,0.7536111111111111,0.0,1,0
1205449,2,1.7422222222222221,0.0,1,0
1205459,2,1.7802777777777778,0.0,1,0
1206846,3,0.5019444444444444,0.9200000166893004,0,0
1206857,3,0.49333333333333335,0.9200000166893004,0,0
1206862,4,2.1616666666666666,3.3399999141693115,0,0
1207297,3,0.5063888888888889,1.8999999761581416,1,0
1207699,2,1.1155555555555556,0.0,0,0
1208410,2,0.495,0.0,0,1
1209796,2,1.9175,0.0900000035762786,1,0
1211263,2,1.3605555555555555,1.0800000429153442,0,0
1211299,2,1.263611111111111,0.0,1,0
1212542,2,1.3133333333333332,0.0,0,1
1212544,2,1.5094444444444444,0.0,0,0
1212556,2,1.2647222222222223,0.0,0,0
1212607,2,0.4911111111111111,0.0,0,0
1214396,3,0.6661111111111111,0.0,1,0
1214406,3,0.7361111111111112,0.0,1,0
1214855,3,1.2572222222222222,1.8999999761581416,0,0
1214859,2,0.485,0.0,0,0
1215266,2,0.4913888888888889,0.0,0,0
1216720,2,1.2566666666666666,0.0,0,1
1216725,2,0.4922222222222222,0.0,0,0
1216778,3,1.5013888888888889,3.3399999141693115,1,0
1216792,2,1.495,0.0,0,0
1216812,2,1.3244444444444445,0.0,0,0
1218322,2,0.7472222222222222,0.0,0,0
1218328,2,1.2905555555555555,0.0,0,1
1218333,3,0.615,0.0,0,1
1218379,3,0.49027777777777776,1.8999999761581416,1,0
1218386,2,0.7572222222222222,0.0,0,0
1218395,2,1.2416666666666667,0.0,0,0
1219902,2,1.0094444444444444,0.0,1,1
1221852,3,0.8511111111111112,1.8999999761581416,0,0
1221855,2,0.75,0.0,0,0
1224385,2,0.9913888888888889,0.0,1,0
1226055,2,0.7188888888888889,0.0,1,0
1226084,2,0.9977777777777778,0.0,1,0
1227896,3,1.791111111111111,0.5699999928474426,1,0
1227959,2,0.47888888888888886,0.0,1,0
1227964,2,1.875,0.0,1,0
1227970,3,0.7269444444444444,0.9499999880790708,1,0
1227993,2,0.8102777777777778,0.0,0,0
1229465,2,0.8605555555555555,0.0,1,0
1229482,2,0.9927777777777778,0.5099999904632568,1,0
1229497,3,0.49166666666666664,1.8999999761581416,1,0
1229499,2,0.9886111111111111,0.0,1,1
1229510,2,2.7258333333333336,0.0,1,0
1229526,2,2.0155555555555558,0.0,0,0
1231093,2,1.8641666666666667,0.0,0,0
1231114,3,0.4925,0.0,0,0
1231753,2,2.24,0.9200000166893004,1,0
1231779,2,0.49027777777777776,0.0,0,0
1232488,2,1.0663888888888888,0.0,1,1
1232533,2,2.9627777777777777,0.0799999982118606,1,1
1232536,2,1.49,0.0,1,1
1232564,3,0.7375,0.9200000166893004,0,0
1234206,2,1.2975,0.8100000023841858,1,0
1234252,2,2.754166666666667,0.0,1,0
1234255,3,0.4913888888888889,1.8999999761581416,1,0
1235887,3,0.99,0.0,1,0
1235938,3,0.49166666666666664,1.8999999761581416,0,0
1235946,2,0.7905555555555556,0.0,0,0
1237435,2,1.0108333333333333,0.9800000190734864,0,0
1237449,3,0.7536111111111111,1.8999999761581416,0,0
1237450,2,1.2525,0.0,0,1
1237459,2,1.4975,0.0,1,0
1237471,2,0.7552777777777778,0.0,1,1
1237491,3,0.9938888888888889,0.0900000035762786,1,0
1237496,3,0.4847222222222222,0.0,1,0
1237502,2,0.7427777777777778,0.0,1,0
1237517,2,1.0194444444444444,0.0,0,0
1237527,3,1.8308333333333333,0.8799999952316284,0,0
1239092,2,0.9930555555555556,0.0,0,1
1239112,2,0.7416666666666667,0.0,0,1
1240575,3,0.7375,0.0,1,0
1240586,2,0.4880555555555556,0.0,0,0
1240591,3,0.4861111111111111,0.0,0,0
1241155,3,0.4880555555555556,1.8999999761581416,0,0
1241179,2,0.8872222222222222,0.0,1,0
1241244,2,1.0425,0.0,0,1
1242737,2,0.4911111111111111,0.0,0,0
1242738,2,1.7458333333333333,0.0,0,0
1242739,2,0.49444444444444446,0.0,0,0
1242792,2,0.9758333333333333,0.0,0,0
1246044,2,1.4897222222222222,0.0,0,0
1246067,3,1.748888888888889,1.8999999761581416,1,0
1246115,3,0.9905555555555555,1.8999999761581416,1,0
1246122,3,0.7408333333333333,0.0,1,1
1246129,3,0.49277777777777776,1.8999999761581416,1,0
1246152,2,1.7247222222222223,0.0,0,1
1247601,3,0.7438888888888889,1.8999999761581416,1,0
1247610,2,1.238888888888889,0.0,0,0
1247620,3,0.4855555555555556,1.8999999761581416,0,0
1247621,3,0.7358333333333333,1.8999999761581416,0,0
1247630,3,1.2427777777777778,0.0,0,0
1247631,2,1.8641666666666667,0.0,0,1
1247632,2,1.8833333333333333,0.6100000143051147,0,0
1248101,2,0.7641666666666667,0.0,0,0
1248109,3,0.7394444444444445,1.8999999761581416,1,0
1248128,2,0.7372222222222222,0.0,0,0
1248674,2,1.3547222222222222,0.0,1,1
1250576,2,2.0794444444444444,0.0,0,0
1252361,3,0.7469444444444444,3.3399999141693115,1,0
1254222,3,0.7477777777777778,1.8999999761581416,1,0
1254236,3,0.9902777777777778,0.0,1,0
1254253,2,1.7366666666666666,0.0,1,0
1254271,2,1.2408333333333332,0.0,0,0
1254277,2,0.7388888888888889,0.0,0,0
1254278,2,0.49277777777777776,0.0,0,0
1255820,2,1.8872222222222221,0.0,1,1
1255825,2,0.7455555555555555,0.0,0,0
1256287,2,1.87,0.0,0,0
1256289,2,0.7358333333333333,0.0,1,0
1256290,2,0.9952777777777778,0.0,1,0
1256300,2,0.7416666666666667,3.400000095367432,1,0
1256315,3,0.4905555555555556,1.8999999761581416,0,0
1256329,3,0.4905555555555556,0.0,0,0
1256968,3,0.4905555555555556,0.0,1,0
1257017,3,0.49277777777777776,1.8999999761581416,0,0
1258777,2,0.7466666666666667,0.0,1,0
1258804,3,1.5008333333333332,0.0,0,0
1260413,2,1.5527777777777778,0.0,1,0
1260447,2,0.49444444444444446,0.0,1,0
1260458,3,2.305,1.8999999761581416,1,0
1262209,3,0.7525,0.0,0,0
1262238,2,1.9916666666666667,0.0,1,0
1262242,2,0.7411111111111112,0.0,1,0
1262247,2,1.745,0.0,1,1
1263897,2,1.726388888888889,0.0,1,1
1263903,3,2.3108333333333335,0.0,0,0
1265475,2,2.743611111111111,0.0,1,0
1266004,2,2.242777777777778,0.0,0,1
1266768,2,0.9975,0.0,1,0
1266791,3,0.7397222222222222,0.7599999904632568,1,0
1266798,2,1.8622222222222222,0.0,1,0
1268601,2,0.49472222222222223,0.0,1,1
1268621,2,0.7458333333333333,2.0299999713897705,1,0
1268632,2,0.49277777777777776,0.0,1,0
1268646,2,0.9938888888888889,0.0,1,0
1268662,3,0.4922222222222222,0.0,0,0
1268664,3,0.7394444444444445,0.5099999904632568,0,0
1270533,2,0.48388888888888887,0.0,0,0
1270572,2,1.5077777777777779,0.0,1,1
1270590,3,0.4936111111111111,1.8999999761581416,1,0
1270597,3,0.9913888888888889,0.5099999904632568,1,0
1270598,3,0.49194444444444446,1.8999999761581416,1,0
1270599,3,0.48138888888888887,0.0,1,0
1270609,2,0.4938888888888889,0.0,0,1
1270625,2,0.9902777777777778,0.0,0,0
1272447,2,0.4386111111111111,0.0,1,0
1272520,3,1.8769444444444445,0.0,1,0
1272522,2,2.488611111111111,0.0,1,0
1272531,2,1.0855555555555556,0.0,1,0
1272533,2,0.7625,0.0,0,0
1274433,2,0.9827777777777778,0.0,1,0
1274440,2,2.7402777777777776,0.0,1,0
1274465,2,1.2422222222222221,0.0,0,0
1276012,2,3.7505555555555556,0.0,1,0
1276013,3,0.745,0.0,1,0
1276024,3,0.48138888888888887,0.6100000143051147,1,0
1276654,3,1.3994444444444445,0.0,0,0
1277459,3,0.9941666666666666,0.0,1,0
1277525,2,0.49527777777777776,0.0,1,0
1279437,3,1.9925,1.9099999666213991,0,0
1279449,2,1.5466666666666666,0.0,1,1
1279475,2,0.4875,0.0,1,0
1281249,2,1.4908333333333332,1.5299999713897705,1,0
1281251,3,0.7408333333333333,0.9200000166893004,1,0
1281252,2,1.2377777777777779,0.0,1,0
1281270,2,0.7416666666666667,0.0,0,1
1281286,2,1.6133333333333333,0.0,0,0
1282985,3,1.7138888888888888,0.0,0,1
1282993,2,1.023611111111111,0.6200000047683716,0,0
1284731,3,1.4894444444444443,0.0,0,0
1284810,3,0.7461111111111111,0.0,0,0
1286375,2,1.0663888888888888,0.0,0,0
1286403,2,0.49027777777777776,0.0,0,0
1286409,3,0.9933333333333333,1.8999999761581416,0,0
1286417,2,1.9255555555555555,0.0,0,0
1287034,3,0.4938888888888889,1.8999999761581416,0,0
1287669,2,0.74,0.0,1,0
1287680,3,0.7447222222222222,1.8999999761581416,1,0
1287689,3,0.9847222222222223,0.0,1,0
1288254,2,0.48527777777777775,0.0,1,0
1288256,2,0.9211111111111111,0.0,1,0
1289428,3,1.363888888888889,1.8999999761581416,1,0
1289462,2,1.6108333333333333,0.0,0,0
1291113,2,1.2716666666666667,0.0,1,0
1291254,3,0.7052777777777778,0.0,1,0
1291259,3,1.035,0.0,1,0
1291271,2,1.2566666666666666,0.0,1,0
1294473,2,2.261388888888889,0.0,1,0
1294491,2,2.186111111111111,0.0,1,0
1296072,2,3.108611111111111,0.9800000190734864,0,0
1296091,3,0.4955555555555556,0.0,1,0
1296094,3,1.3427777777777778,0.0,1,0
1296782,2,0.9908333333333333,0.0,1,0
1297321,2,0.7383333333333333,0.0,1,0
1298840,2,1.753611111111111,0.0,1,0
1298846,2,1.261388888888889,0.0,1,1
1298869,2,1.2458333333333333,0.0,1,0
1298883,2,0.9947222222222222,0.0,1,0
1300313,2,1.4958333333333333,0.0,1,1
1301882,3,1.1247222222222222,0.0,1,0
1301909,4,1.2580555555555555,1.8999999761581416,1,0
1301936,2,1.215,0.0799999982118606,1,1
1303691,3,1.2747222222222223,0.0,1,0
1303720,3,0.4875,0.0,1,0
1303749,2,0.7547222222222222,0.0,0,0
1305443,3,0.7355555555555555,1.8999999761581416,1,0
1305451,3,0.4866666666666667,0.0,0,0
1306031,3,1.031111111111111,0.0,1,0
1306624,3,1.7547222222222223,2.3199999332427983,1,0
1306638,2,0.7441666666666666,0.0,1,0
1306640,2,0.745,0.0,1,0
1306641,3,0.9869444444444444,1.100000023841858,1,0
1306643,3,0.7422222222222222,0.0,1,0
1306665,3,1.236388888888889,0.0,0,0
1308238,3,1.0208333333333333,0.0,1,0
1308274,2,0.7580555555555556,0.0,1,0
1308289,2,0.9947222222222222,0.0,1,0
1309859,2,1.6180555555555556,0.0,0,1
1309862,2,1.52,0.0,0,1
1309869,2,1.38,0.0,1,0
1309909,2,0.9927777777777778,0.0,1,0
1309927,2,0.7380555555555556,0.0,1,0
1309932,2,1.3616666666666666,0.0,1,0
1309933,2,1.2475,0.0,1,0
1309934,2,1.2475,0.0,1,0
1309943,2,0.45611111111111113,0.6200000047683716,0,0
1311507,3,0.9938888888888889,1.8999999761581416,1,0
1311521,3,1.4908333333333332,0.0,1,0
1311524,3,1.4805555555555556,0.0,1,0
1311527,3,0.49472222222222223,1.8999999761581416,0,0
1313162,2,0.7397222222222222,0.0,1,0
1313197,3,0.745,1.8999999761581416,1,0
1313200,3,2.7708333333333335,0.0,1,0
1313211,2,0.49416666666666664,0.0,1,0
1313228,2,1.2477777777777779,0.0,1,0
1313233,2,2.0469444444444442,0.0,0,0
1313242,2,4.278888888888889,0.0,0,0
1314995,3,6.1322222222222225,0.5299999713897705,0,0
1315592,3,0.7425,1.8999999761581416,1,0
1316204,3,2.0005555555555556,0.0,1,0
1316223,3,0.4936111111111111,0.0,0,0
1317898,2,1.5522222222222222,0.0,1,1
1317899,2,1.295,0.0,1,1
1317905,2,0.4961111111111111,0.0,1,0
1317925,2,0.49083333333333334,0.0,1,0
1317942,2,0.4825,0.0,0,0
1319537,2,1.3844444444444444,0.0,0,0
1319542,2,1.0663888888888888,0.0,0,0
1319620,2,0.47444444444444445,0.0,1,0
1321296,2,0.49416666666666664,0.0,1,1
1321312,2,0.7472222222222222,0.0,1,0
1321316,3,1.513611111111111,1.8999999761581416,1,0
1321323,3,1.076111111111111,0.0,0,0
1322949,2,1.5072222222222222,0.0,1,0
1322975,3,0.7444444444444445,1.8999999761581416,1,0
1322979,2,2.0966666666666667,1.149999976158142,1,0
1324711,2,1.5833333333333333,0.0,0,0
1325242,3,0.49527777777777776,1.8999999761581416,0,0
1325246,3,0.9941666666666666,0.0,0,0
1325762,3,0.7488888888888889,0.0,1,0
1325796,3,0.9902777777777778,0.0,1,0
1325814,3,0.4691666666666667,0.0,1,0
1325817,2,0.7419444444444444,0.0,0,0
1325819,2,1.261388888888889,0.0,0,0
1327379,3,0.7980555555555555,0.0,1,0
1327407,2,0.9933333333333333,0.0,1,0
1327413,2,2.2391666666666667,0.0,1,0
1329031,3,0.7419444444444444,0.6100000143051147,1,0
1329042,2,0.49444444444444446,0.0,1,0
1330795,2,1.5144444444444445,0.0,1,1
1330816,2,0.9788888888888889,0.0,1,0
1330830,2,1.2858333333333334,0.0,1,1
1330836,2,0.7430555555555556,0.0,0,0
1332468,2,0.7458333333333333,0.0,1,1
1332477,2,0.49277777777777776,2.380000114440918,1,0
1332481,2,2.0419444444444443,0.0,1,0
1332501,2,1.305,0.0,1,1
1334223,2,1.493611111111111,0.0,0,0
1334225,2,0.9941666666666666,0.0,0,0
1334228,3,0.4897222222222222,0.0,0,0
1334886,3,0.4930555555555556,0.0,0,0
1334892,2,0.7433333333333333,0.0,1,0
1334909,2,0.7802777777777777,0.0,0,0
1335576,2,0.49027777777777776,0.0,0,0
1335604,2,0.4647222222222222,1.8999999761581416,1,0
1335631,3,0.7366666666666667,0.0,1,0
1335696,2,0.4766666666666667,0.7599999904632568,0,0
1337432,2,1.2644444444444445,0.0,1,1
1337434,2,2.7683333333333335,0.0,1,0
1337454,3,1.2652777777777777,0.0,1,0
1337477,2,0.7902777777777777,0.0,0,0
1339237,2,1.2738888888888888,0.0,1,0
1339288,2,0.4836111111111111,0.0,1,0
1339305,2,0.4880555555555556,0.0,1,0
1340994,2,1.2447222222222223,0.0,0,0
1341018,2,1.0244444444444445,0.0,1,1
1341027,2,0.49083333333333334,0.0,1,0
1341040,3,0.8069444444444445,0.0,1,0
1341043,2,1.5538888888888889,0.0,1,1
1341050,2,1.7630555555555556,0.0,1,1
1341055,2,1.3908333333333334,0.0,1,1
1341057,2,1.031111111111111,0.0,1,0
1341071,2,1.9947222222222223,0.0,1,0
1343004,2,1.0138888888888888,0.0,0,0
1343012,2,0.49444444444444446,0.0,0,0
1344953,2,1.6336111111111111,0.0,1,0
1344959,3,0.7275,0.0,1,0
1345572,3,0.7397222222222222,0.0,1,0
1345603,3,2.5119444444444445,1.8999999761581416,0,0
1346147,2,0.4577777777777778,0.7599999904632568,0,0
1346157,3,0.7747222222222222,0.0,0,0
1346164,2,1.7797222222222222,0.0,1,0
1346229,2,0.475,0.5099999904632568,0,0
1346231,3,0.4822222222222222,0.0,0,0
1348031,4,0.7394444444444445,1.8999999761581416,1,0
1348046,2,0.48833333333333334,0.0,1,0
1348051,2,1.2408333333333332,0.0,1,0
1348055,2,0.7458333333333333,0.0,1,1
1348070,2,0.9769444444444444,0.0,0,0
1349982,2,1.2522222222222221,0.0,1,1
1350006,3,1.748888888888889,0.0,1,0
1350018,3,1.7605555555555557,0.0,1,0
1350026,2,1.2605555555555557,0.9200000166893004,1,0
1350043,2,1.2447222222222223,0.0,1,0
1351902,2,1.2413888888888889,0.0,1,0
1351931,2,0.49472222222222223,0.0,1,0
1353881,2,1.2430555555555556,0.0,1,1
1353911,2,2.0588888888888888,0.0,1,0
1353923,2,1.5875,0.0,0,0
1353926,3,0.49472222222222223,1.8999999761581416,0,0
1355751,2,1.525,0.0,1,0
1355765,2,1.4927777777777778,0.0,1,0
1355767,2,0.7408333333333333,0.0,1,0
1356376,2,2.328888888888889,0.0,1,0
1356389,2,2.7441666666666666,0.0,1,1
1356397,2,0.9938888888888889,0.0,0,0
1357083,2,0.49333333333333335,0.0,1,0
1357084,3,0.7455555555555555,0.0,1,0
1357119,3,1.621388888888889,0.0,1,0
1357121,2,1.2444444444444445,0.0,1,0
1357125,2,1.7425,0.0,1,0
1357126,3,0.4961111111111111,1.8999999761581416,1,0
1357127,2,2.2872222222222223,0.0,1,0
1357132,3,0.7388888888888889,0.0,1,0
1358971,2,1.2597222222222222,0.0,1,1
1358972,2,0.75,0.0,1,1
1358985,2,1.0008333333333332,0.0,1,1
1360793,3,0.7186111111111111,0.8199999928474426,0,0
1360841,2,0.49444444444444446,0.0,1,1
1360861,2,0.49472222222222223,0.0,1,0
1360879,2,0.8316666666666667,0.0,0,0
1360882,2,1.0241666666666667,0.0,0,0
1362824,3,3.2075,0.0,1,1
1362889,3,0.4930555555555556,1.8999999761581416,1,0
1362904,3,0.4936111111111111,1.8999999761581416,1,0
1362925,3,0.49472222222222223,0.0,1,0
1362944,2,4.251388888888889,0.0,0,0
1364978,3,1.0361111111111112,0.7599999904632568,0,0
1364984,4,2.1419444444444444,1.4800000190734863,0,0
1365044,2,0.4963888888888889,0.0,1,1
1365052,3,1.5975,0.0,1,1
1365055,2,1.065,0.0,1,0
1365071,3,1.4944444444444445,1.8999999761581416,1,0
1365078,3,0.8388888888888889,0.9200000166893004,0,0
1368655,2,1.2575,0.0,1,0
1368656,2,1.2369444444444444,0.0,1,0
1368663,2,2.2441666666666666,0.0,1,0
1368664,3,0.7216666666666667,0.6100000143051147,1,0
1368700,3,0.7744444444444445,0.0,1,0
1368715,2,0.7405555555555555,0.0,0,0
1368716,2,0.7438888888888889,0.0,0,0
1370261,2,1.0033333333333334,0.0,1,0
1370264,2,0.495,0.0,1,0
1371923,3,0.4897222222222222,0.0,1,0
1371936,3,0.4533333333333333,1.8999999761581416,1,0
1371938,2,0.4913888888888889,0.0,1,0
1371961,2,0.9933333333333333,0.0,1,0
1371966,3,0.9925,1.8999999761581416,1,0
1371981,3,1.7480555555555555,3.400000095367432,1,0
1371986,2,1.3311111111111111,0.0,0,0
1371988,2,1.0175,0.0,0,0
1373637,3,1.2744444444444445,1.8999999761581416,1,0
1373643,2,1.0919444444444444,0.0,1,1
1373644,2,1.0916666666666666,0.0,1,1
1373658,3,0.4930555555555556,1.8999999761581416,1,0
1373684,3,0.48055555555555557,0.0,0,0
1373694,3,1.5605555555555555,2.039999961853028,0,1
1375186,3,1.0663888888888888,1.8999999761581416,0,0
1377011,3,1.5102777777777778,3.0899999141693115,1,0
1377400,3,1.3408333333333333,1.8999999761581416,1,0
1377860,2,1.011111111111111,0.0,1,0
1377910,2,1.9769444444444444,2.25,0,1
1379314,3,0.7466666666666667,1.8999999761581416,1,0
1379355,2,0.8177777777777778,1.8400000333786009,1,0
1379358,2,0.7386111111111111,0.0,1,0
1380752,2,1.0361111111111112,0.0,1,1
1380812,3,0.7422222222222222,0.0,0,0
1382194,2,1.3383333333333334,0.0,1,0
1382201,2,0.9927777777777778,0.0,1,0
1382248,2,1.2383333333333333,0.0,0,0
1384095,3,0.8891666666666667,1.8999999761581416,1,0
1384128,2,0.7436111111111111,0.0,1,0
1385409,2,0.495,0.0,1,0
1385420,2,0.9827777777777778,0.0,1,0
1386667,2,1.2994444444444444,0.0,1,0
1386738,2,0.49472222222222223,0.0,1,0
1386742,2,1.7422222222222221,0.0,1,0
1388103,2,0.9875,0.9300000071525574,1,0
1389485,3,0.48777777777777775,0.0,1,0
1390987,3,0.48527777777777775,0.0,1,0
1391004,3,0.49027777777777776,1.8999999761581416,1,0
1391008,2,0.7391666666666666,0.0,1,0
1391502,2,1.1605555555555556,0.0,1,0
1391966,4,1.3102777777777779,0.0,1,1
1393364,2,1.2769444444444444,0.0,1,0
1393384,2,0.9977777777777778,0.0,1,1
1393390,3,1.813611111111111,0.0,1,0
1393405,2,1.5341666666666667,0.0,1,0
1394914,2,1.2397222222222222,0.0,0,0
1396407,2,0.49194444444444446,0.0,1,0
1397837,2,0.4961111111111111,0.0,1,0
1397850,2,1.346111111111111,0.0,1,0
1399831,3,0.7897222222222222,1.8999999761581416,1,0
1400345,2,0.7441666666666666,0.0,1,0
1400346,2,0.495,0.0,1,0
1400363,2,0.9927777777777778,0.0,1,0
1400374,2,0.49527777777777776,0.0,1,0
1400375,2,1.2275,0.0,1,0
1401904,2,1.7869444444444444,0.0,1,1
1401936,3,0.9938888888888889,1.8999999761581416,1,0
1403452,3,0.7372222222222222,0.0,0,0
1403513,2,0.49277777777777776,0.0,1,0
1403517,2,0.7411111111111112,0.0,1,0
1404859,2,1.0022222222222221,0.0,1,0
1404890,2,0.49416666666666664,0.0,1,0
1404899,2,0.49472222222222223,0.0,1,0
1406332,3,0.7686111111111111,0.0,0,0
1407974,3,0.7833333333333333,1.8999999761581416,1,0
1407976,3,0.7788888888888889,1.8999999761581416,1,0
1408510,2,2.4494444444444445,0.0,0,0
1408526,2,0.795,0.0,1,0
1408530,2,0.4888888888888889,0.0,1,0
1409043,2,1.6808333333333334,0.0,1,0
1410555,2,2.694722222222222,0.0,1,0
1410557,2,2.5869444444444443,0.0,1,0
1412005,3,0.49722222222222223,1.8999999761581416,1,0
1413369,2,0.4930555555555556,0.0,1,0
1413372,3,0.6544444444444445,1.8999999761581416,1,0
1413401,2,1.26,0.0,1,1
1414872,3,1.006388888888889,0.0,1,0
1414904,3,0.7477777777777778,1.8999999761581416,0,0
1416217,3,0.49916666666666665,1.8999999761581416,1,0
1416225,2,1.5763888888888888,0.0,0,0
1416789,2,0.7408333333333333,0.0,1,0
1416794,3,0.4866666666666667,0.9200000166893004,1,0
1417293,2,0.9661111111111111,0.0,1,0
1417325,3,0.7497222222222222,0.0,1,0
1417349,2,1.2638888888888888,0.0,1,0
1418667,2,0.745,0.0,0,1
1418734,2,2.4763888888888888,0.0,0,0
1421594,3,0.4875,0.0,1,0
1421620,3,0.49027777777777776,0.0,1,0
1423240,2,1.0119444444444445,0.0,1,1
1423250,3,0.7425,1.8999999761581416,1,0
1423286,2,0.4891666666666667,0.0,1,0
1424782,2,1.235,0.0,1,0
1425476,2,0.7416666666666667,3.400000095367432,1,0
1425498,2,0.7338888888888889,0.0,1,0
1425504,3,0.7594444444444445,1.8999999761581416,1,0
1425510,3,1.035,1.8999999761581416,1,0
1426139,3,0.49416666666666664,1.8999999761581416,1,0
1426141,2,0.9913888888888889,0.0,1,0
1426155,3,0.49416666666666664,1.8999999761581416,1,0
1426159,2,0.8044444444444444,0.0,0,0
1427678,2,2.008611111111111,0.0,1,1
1427722,3,0.7877777777777778,1.8999999761581416,1,0
1429142,4,1.055,1.8999999761581416,0,0
1429207,2,1.2469444444444444,0.0,1,0
1429209,3,1.8097222222222222,1.5499999523162842,1,0
1430789,2,1.4969444444444444,0.0,1,1
1430792,3,0.47555555555555556,0.0,1,0
1430793,3,0.9855555555555555,1.8999999761581416,1,0
1430816,3,1.0508333333333333,0.0,1,0
1430843,2,1.8552777777777778,0.0,0,0
1432187,2,1.2133333333333334,0.0,1,1
1432194,3,0.4897222222222222,0.0,1,0
1432204,2,1.2425,0.0,1,1
1432216,3,1.243611111111111,1.8999999761581416,1,0
1432234,2,1.1111111111111112,0.6499999761581421,1,0
1433758,2,1.0155555555555555,0.0,1,0
1433777,2,0.7502777777777778,0.0,1,0
1433786,2,1.8683333333333334,0.0,0,0
1434239,2,0.9341666666666667,0.0,1,0
1434242,3,0.99,0.0,1,0
1434249,3,1.5905555555555555,0.0,1,0
1434252,3,0.47805555555555557,0.0,1,0
1434269,2,1.9972222222222222,0.0,1,0
1434759,3,0.7352777777777778,0.0,1,0
1434799,2,0.9797222222222223,0.0,1,0
1434808,3,0.7430555555555556,1.8999999761581416,1,0
1434811,2,0.9947222222222222,0.0,1,0
1434814,3,0.7436111111111111,1.8999999761581416,1,0
1434830,2,1.2458333333333333,0.0,1,1
1434836,3,0.7280555555555556,0.0,0,0
1436172,3,1.4944444444444445,1.8999999761581416,1,0
1436191,3,0.7441666666666666,1.8999999761581416,1,0
1436198,2,1.7444444444444445,0.0,0,0
1437549,4,1.0825,1.8999999761581416,1,0
1437604,3,1.4641666666666666,1.399999976158142,1,0
1437605,2,0.9891666666666666,0.0,1,0
1439033,2,2.7469444444444444,0.0,1,1
1439039,3,1.4975,0.0,1,0
1439051,2,1.5258333333333334,0.0,1,1
1439062,3,2.9980555555555557,0.6100000143051147,1,0
1439067,2,0.49694444444444447,0.0,1,1
1439086,2,1.2466666666666666,0.0,1,0
1440528,2,0.49694444444444447,0.0,1,1
1440530,2,1.4927777777777778,0.699999988079071,1,0
1442127,2,0.7388888888888889,1.5499999523162842,1,0
1442143,2,1.4958333333333333,0.0,1,0
1442706,3,0.745,1.8999999761581416,1,0
1442712,3,1.743611111111111,0.0,1,0
1442721,3,1.3533333333333333,1.5499999523162842,1,0
1442730,2,1.395,0.0,0,0
1443265,2,2.308611111111111,0.0,1,0
1443277,2,0.745,0.0,1,0
1443297,2,1.1094444444444445,0.0,1,0
1444714,2,1.6280555555555556,0.0,1,0
1444767,2,1.2402777777777778,0.0,1,0
1444779,2,0.8838888888888888,0.9499999880790708,1,0
1444781,2,0.9936111111111111,0.0,1,0
1446063,3,1.0477777777777777,0.0,1,0
1446441,2,0.49722222222222223,0.0,1,1
1446449,2,1.0794444444444444,0.0,1,0
1446466,2,0.7805555555555556,0.0,1,1
1446472,3,0.4647222222222222,0.0,0,0
1447560,2,0.4872222222222222,0.0,1,1
1448890,3,0.7855555555555556,0.0,1,0
1448935,3,0.7422222222222222,0.699999988079071,1,0
1448946,2,1.245,0.0,1,0
1450378,2,0.9947222222222222,0.0,1,0
1450386,2,0.49527777777777776,0.0,1,0
1450397,2,0.49444444444444446,0.0,1,0
1450401,2,0.9833333333333333,0.0,1,0
1450403,2,2.2441666666666666,2.7300000190734863,1,0
1450408,2,0.49444444444444446,0.0,1,0
1451855,2,1.773611111111111,0.0,0,0
1451895,2,1.3069444444444445,0.0,1,1
1451920,2,0.7133333333333334,0.6800000071525574,0,0
1453150,2,0.8330555555555555,0.0,0,0
1453810,2,0.745,0.0,1,0
1453817,2,1.5102777777777778,0.0,1,0
1453826,2,0.49333333333333335,0.0,1,0
1457517,2,0.7538888888888889,0.0,0,1
1457528,2,0.8325,0.0,1,0
1457547,2,0.4913888888888889,0.0,1,1
1457550,2,0.49194444444444446,0.0,1,0
1457555,2,1.7666666666666666,0.0,1,0
1457573,2,0.9925,0.0,1,0
1458922,2,0.4886111111111111,0.0,1,0
1458941,2,1.0391666666666666,0.0,1,0
1458950,2,1.5466666666666666,0.0,1,0
1458975,2,0.9955555555555555,0.0,1,1
1458981,2,0.8833333333333333,0.0,1,0
1458985,2,1.6702777777777778,0.0,1,0
1460645,2,0.9947222222222222,0.0,1,0
1460647,2,1.745,0.0,1,0
1460656,2,0.9919444444444444,0.0,1,0
1460672,3,0.49472222222222223,1.8999999761581416,0,0
1461546,2,0.7408333333333333,0.0,1,0
1461553,2,3.2952777777777778,0.0,1,1
1461554,2,0.7438888888888889,0.0,1,0
1461567,2,0.7758333333333334,0.0,0,1
1461569,2,0.49277777777777776,0.0,0,0
1462304,2,0.48333333333333334,0.0,1,0
1462305,2,0.49444444444444446,0.0,1,0
1462306,2,0.7419444444444444,0.0,1,0
1463414,2,0.47944444444444445,0.0,1,0
1463415,2,0.49083333333333334,0.0,1,1
1463441,3,0.48055555555555557,0.7599999904632568,1,0
1463442,3,0.48055555555555557,0.7599999904632568,1,0
1463452,2,0.83,0.3799999952316284,0,0
1463455,2,0.7916666666666666,0.0,0,0
1465045,3,0.4772222222222222,0.9200000166893004,0,0
1465382,2,1.325,0.0,1,1
1465385,2,0.49083333333333334,0.0,1,0
1465393,2,1.7747222222222223,0.0,1,1
1466588,2,1.4491666666666667,0.0,1,0
1466602,3,0.48694444444444446,2.220000028610229,1,1
1466618,2,0.4905555555555556,0.0,1,0
1466638,2,1.08,0.0,0,0
1467839,2,0.7858333333333334,0.0,1,0
1467848,2,0.7608333333333334,0.0,1,0
1467863,3,0.7586111111111111,0.0,1,0
1467881,2,1.5880555555555556,0.0,1,0
1469035,2,0.8147222222222222,0.0,1,0
1469038,2,0.7408333333333333,0.0,1,0
1469054,2,0.7413888888888889,0.0,1,0
1469057,2,0.4922222222222222,0.0,1,0
1469066,2,0.9933333333333333,0.0,1,0
1470257,2,0.49027777777777776,0.0,1,0
1471602,2,0.9980555555555556,0.0,0,0
1471964,2,0.7397222222222222,1.8999999761581416,1,0
1472442,2,1.7172222222222222,0.6200000047683716,1,0
1472446,2,1.5975,0.0,1,1
1473913,2,0.8427777777777777,0.0,1,0
1475284,2,1.3038888888888889,0.0,1,1
1475296,2,0.4925,0.0,1,0
1475306,2,0.7408333333333333,0.0,1,0
1475309,2,0.48944444444444446,0.0,1,0
1476715,2,2.243333333333333,0.0,1,0
1476716,2,0.9955555555555555,0.0,1,0
1476736,2,0.4938888888888889,0.0,1,0
1478121,2,0.8433333333333334,0.0,1,0
1478141,2,0.7016666666666667,0.0,1,0
1479608,2,0.7388888888888889,3.869999885559082,1,0
1479609,2,0.7461111111111111,0.0,1,0
1479990,2,1.271111111111111,0.0,1,1
1480008,2,0.4716666666666667,1.0800000429153442,1,0
1480009,2,0.4716666666666667,0.9499999880790708,1,0
1480012,2,0.745,0.0,1,0
1481399,2,1.948611111111111,0.0,0,0
1481427,2,0.9925,0.0,1,1
1481440,3,1.235,1.8400000333786009,1,0
1481457,3,0.48777777777777775,0.0,1,0
1483394,2,1.0283333333333333,0.0,1,0
1483849,3,0.4891666666666667,1.8999999761581416,1,0
1483903,2,1.24,0.0,1,0
1483910,2,1.2444444444444445,0.0,1,0
1483912,2,1.2438888888888888,0.0,1,0
1483922,2,0.7536111111111111,0.0,1,0
1483927,2,0.7897222222222222,0.0,0,0
1485425,2,0.8191666666666667,0.0,0,0
1485454,3,0.49277777777777776,1.8999999761581416,1,0
1485466,2,1.4925,0.0,1,0
1485467,3,2.2369444444444446,0.0,1,0
1485484,2,1.486388888888889,0.0,1,0
1487053,2,1.0591666666666666,0.0,1,0
1487101,2,0.9944444444444445,0.0,1,0
1488562,3,1.0480555555555555,1.8999999761581416,1,0
1488602,2,0.7419444444444444,0.0,1,0
1490173,2,1.9469444444444444,0.0,0,0
1490200,3,0.49194444444444446,0.0,1,0
1490246,2,1.2433333333333334,0.0,1,0
1491719,2,0.7458333333333333,0.0,1,0
1491727,3,0.7472222222222222,0.9200000166893004,1,0
1492214,2,1.6152777777777778,0.0,1,0
1492703,3,0.7455555555555555,0.0,1,0
1494154,2,1.883888888888889,0.0,1,0
1494158,3,0.48944444444444446,1.8999999761581416,1,0
1494169,2,1.3733333333333333,0.0,1,0
1494178,2,0.745,0.0,1,0
1494181,2,1.5402777777777779,0.0,1,1
1494192,2,0.4922222222222222,0.0,1,0
1496334,2,1.0683333333333334,0.0,1,0
1496703,3,0.4922222222222222,0.3400000035762787,1,0
1496704,2,0.4938888888888889,0.0,1,0
1496863,2,1.301111111111111,0.0,0,0
1497089,3,0.4911111111111111,1.8999999761581416,1,0
1497105,3,0.4911111111111111,1.8999999761581416,1,0
1497148,3,0.48638888888888887,0.9200000166893004,1,0
1497223,3,0.7747222222222222,0.6100000143051147,0,0
1497740,2,1.7422222222222221,0.0,1,0
1497748,2,1.4855555555555555,0.0,1,0
1497766,2,0.7427777777777778,0.0,1,0
1499146,2,0.4911111111111111,0.0,1,0
1499171,2,0.7697222222222222,0.0,0,0
1501860,2,1.1011111111111112,0.0,1,0
1501861,2,0.8144444444444444,0.0,1,1
1501914,2,0.7452777777777778,0.0,1,1
1503286,2,1.2041666666666666,0.0,1,0
1504696,3,0.7672222222222222,1.8999999761581416,1,0
1504700,3,1.5902777777777777,1.8999999761581416,1,0
1505623,2,0.7833333333333333,0.0,1,0
1505643,2,0.9927777777777778,0.0,1,0
1507008,2,0.7494444444444445,0.0,1,1
1507014,2,0.48277777777777775,0.0,1,0
1507024,2,1.4925,0.0,1,0
1507028,2,1.5425,0.0,1,0
1508442,2,1.0105555555555557,0.0,1,0
1508466,2,0.49277777777777776,0.0,1,1
1508469,2,0.495,0.0,1,0
1509896,2,0.7777777777777778,1.5800000429153442,1,0
1509938,2,0.9866666666666667,0.0,1,0
1509944,2,0.7408333333333333,0.0,1,0
1509955,2,0.7172222222222222,0.0,1,0
1511513,2,1.0502777777777779,0.0,1,1
1511532,2,0.7444444444444445,0.0,1,0
1511540,3,1.2425,0.0,1,0
1513614,2,0.7944444444444444,0.9300000071525574,1,0
1515767,2,1.0419444444444443,0.0,1,1
1515801,2,0.7455555555555555,0.0,1,0
1517777,2,0.4930555555555556,0.0,1,0
1517782,2,2.6725,0.0,1,1
1517790,2,1.01,0.0,1,0
1517795,2,2.5383333333333336,0.0,0,0
1517799,2,0.7711111111111111,0.0,0,0
1517801,2,0.7808333333333334,0.0,0,0
1518369,3,0.7430555555555556,1.8999999761581416,1,0
1518386,3,2.0608333333333335,0.0,0,0
1519010,3,1.8005555555555555,0.0,1,0
1519032,2,0.4922222222222222,0.0,1,0
1519054,2,0.7455555555555555,0.0,1,0
1520925,2,0.4938888888888889,0.0,1,0
1520928,2,1.2483333333333333,0.0,1,0
1522987,2,1.011111111111111,0.0,1,1
1523015,2,0.7519444444444444,1.2200000286102295,1,0
1523026,2,1.0722222222222222,0.0,1,0
1523037,2,1.0986111111111112,0.0,1,0
1523057,2,0.495,0.0,1,0
1524960,2,0.49472222222222223,0.0,1,1
1524975,2,3.381388888888889,0.0,1,1
1524993,2,0.8069444444444445,0.0,1,0
1524996,2,1.4877777777777779,0.0,1,0
1525002,2,0.4922222222222222,0.0,1,0
1525005,2,0.7380555555555556,0.0,1,0
1529392,3,0.7444444444444445,1.8999999761581416,1,0
1529394,3,0.7458333333333333,1.8999999761581416,1,0
1529968,2,0.49472222222222223,0.0,1,0
1531467,2,1.02,0.0,1,1
1531485,2,0.7719444444444444,0.0,1,1
1531497,2,1.5227777777777778,0.0,1,1
1531503,2,1.0138888888888888,2.039999961853028,1,0
1532950,2,1.5152777777777777,0.0,1,0
1534300,2,0.7663888888888889,0.0,1,1
1534311,2,0.7536111111111111,0.0,1,1
1535712,2,0.9969444444444444,0.0,1,0
1535737,2,0.7438888888888889,0.0,1,0
1535746,2,2.165277777777778,0.0,1,1
1535762,2,1.2519444444444445,0.0,1,0
1535763,2,0.7630555555555556,0.0,1,1
1537977,2,1.0327777777777778,0.0,1,0
1538038,2,1.0672222222222223,0.0,1,0
1540612,3,0.7416666666666667,0.0,1,0
1540631,2,1.0005555555555556,2.5,1,0
1540641,3,1.8572222222222223,0.0,0,0
1540642,2,1.4380555555555556,0.0,0,0
1541694,2,1.0238888888888888,0.0,1,1
1542642,3,1.4452777777777779,0.0,1,0
1544711,2,1.061388888888889,0.0,1,0
1544712,2,0.495,0.0,1,0
1545848,3,1.7466666666666666,1.5199999809265137,0,0
1545852,2,2.742777777777778,0.0,1,1
1545856,3,0.5044444444444445,1.8999999761581416,1,0
1546661,2,1.0230555555555556,0.0,0,0
1546710,2,0.4930555555555556,0.0,1,0
1547913,2,1.3302777777777777,0.0,1,1
1547914,2,0.7822222222222223,0.0,1,1
1547947,2,0.9930555555555556,0.0,1,0
1549002,2,0.7375,0.0,1,0
1549990,2,1.0044444444444445,0.0,1,0
1549999,2,0.7444444444444445,0.0,1,0
1551246,2,0.8580555555555556,0.0,0,0
1553179,2,1.0375,0.0,0,0
1553186,2,1.8202777777777779,0.0,1,0
1553196,2,1.946388888888889,0.0,1,0
1553208,2,1.1330555555555555,0.0,1,0
1553235,2,1.5355555555555556,0.0,1,0
1553301,2,2.237222222222222,1.100000023841858,1,0
1553303,2,1.4975,0.0,1,0
1553304,2,1.4947222222222223,0.0,1,0
1553310,3,0.7366666666666667,0.0,0,0
1555474,2,0.4875,0.2700000107288361,1,0
1555493,2,2.3180555555555555,0.0,1,0
1555495,2,0.495,0.0,1,0
1555500,2,1.0544444444444445,0.0,1,0
1555509,2,0.7416666666666667,0.0,1,0
1555518,2,1.0791666666666666,0.0,0,0
1557750,3,0.7425,1.8999999761581416,0,0
1557775,2,0.7408333333333333,0.0,1,0
1557781,2,0.7475,0.0,1,1
1557786,2,0.7558333333333334,0.0,1,0
1557787,2,0.7452777777777778,0.0,1,0
1557797,2,0.9044444444444445,0.0,0,0
1558870,2,1.2408333333333332,1.6100000143051147,1,0
1559268,2,1.3930555555555555,2.0299999713897705,1,0
1559269,2,3.0016666666666665,1.7300000190734863,1,0
1559686,2,1.2663888888888888,0.0,1,1
1559718,2,1.0658333333333334,0.0,1,1
1560850,2,1.0308333333333333,0.0,1,0
1561994,2,0.7916666666666666,0.0,1,0
1563083,2,0.49277777777777776,0.0,1,0
1563086,2,0.48527777777777775,0.0,1,0
1563087,2,0.7672222222222222,0.0,1,1
1563088,2,0.4930555555555556,0.0,1,0
1564269,2,1.4819444444444445,0.0,1,0
1564285,3,0.7383333333333333,1.8999999761581416,1,0
1564336,2,0.7358333333333333,0.9300000071525574,1,0
1564372,2,0.7813888888888889,0.0,0,0
1565865,2,1.0127777777777778,0.0,1,0
1565870,2,0.7288888888888889,0.0,1,0
1566179,2,1.2283333333333333,0.0,0,0
1566235,2,0.4938888888888889,0.0,1,0
1566248,2,0.4930555555555556,0.0,1,0
1566261,3,0.9858333333333333,0.6100000143051147,1,0
1567355,2,0.7394444444444445,0.0,1,0
1567365,2,1.1083333333333334,0.0,1,1
1567381,3,0.48333333333333334,0.0,1,0
1568460,2,0.5183333333333333,0.0,1,0
1568470,2,0.4922222222222222,0.0,1,0
1568480,4,0.8819444444444444,1.8999999761581416,1,0
1568484,2,0.5025,0.0,1,0
1569651,3,1.0013888888888889,1.8999999761581416,1,0
1569669,2,1.6527777777777777,0.0,0,0
1569670,2,1.6625,0.0,0,0
1569672,2,0.78,0.0,0,0
1570218,3,0.485,1.8999999761581416,0,0
1570230,3,0.9952777777777778,1.8999999761581416,1,0
1570237,3,0.4936111111111111,1.8999999761581416,1,0
1570241,3,0.4822222222222222,0.9200000166893004,1,0
1570825,3,0.7033333333333334,1.8999999761581416,0,0
1570853,2,1.2961111111111112,0.0,1,1
1570881,2,2.098333333333333,0.0,1,0
1570919,2,1.2475,0.0,1,0
1570925,2,1.39,0.0,0,1
1570927,2,0.9911111111111112,0.0,0,0
1570935,2,0.4963888888888889,0.0,0,0
1572917,2,1.0152777777777777,0.0,1,0
1572946,2,1.1658333333333333,0.0,0,0
1575069,3,0.9938888888888889,0.0,1,0
1575077,2,0.9925,0.0,1,0
1575102,2,0.49472222222222223,0.0,0,0
1576154,2,0.9975,0.0,0,0
1576172,2,0.4961111111111111,0.0,1,1
1576210,2,0.49194444444444446,0.0,1,0
1576258,2,0.9961111111111111,0.0,0,0
1576264,2,0.7438888888888889,0.0,0,1
1576274,2,1.2425,0.0,0,0
1576285,2,0.9766666666666667,0.0,0,0
1578271,2,1.0091666666666668,2.039999961853028,0,0
1578403,2,0.7394444444444445,0.0,0,0
1580540,2,0.4880555555555556,0.0,1,0
1580548,2,1.5127777777777778,0.0,1,1
1580558,2,1.0069444444444444,0.0,1,0
1580561,2,1.0080555555555555,0.0,1,1
1580583,2,0.9952777777777778,0.0,1,0
1580593,2,1.2427777777777778,0.0,0,0
1582574,3,0.48694444444444446,0.9200000166893004,1,0
1582577,2,1.5347222222222223,0.0,1,1
1582589,2,0.9972222222222222,0.0,1,1
1582627,2,1.2619444444444445,0.0,1,0
1582642,2,1.0161111111111112,0.0,1,1
1582651,2,0.4936111111111111,0.0,1,0
1584645,2,1.521111111111111,0.0,0,0
1584654,2,0.49444444444444446,0.0,0,0
1584658,3,0.48944444444444446,0.0,0,0
1584660,2,1.5163888888888888,0.0,0,0
1584667,2,1.5194444444444444,0.0,1,1
1584675,3,0.4891666666666667,0.6100000143051147,1,0
1584725,2,1.5186111111111111,0.0,1,1
1584737,2,0.7466666666666667,0.0,1,1
1584741,2,1.7669444444444444,0.0,1,0
1584743,2,0.7475,0.0,1,1
1584748,3,1.2425,0.0,1,0
1586879,2,2.0813888888888887,0.0,0,0
1587448,2,2.2741666666666664,0.0,1,0
1587455,3,1.8255555555555556,0.9200000166893004,0,0
1588019,2,1.5191666666666668,0.0,1,1
1588061,2,0.9933333333333333,0.0,1,0
1588062,2,0.49166666666666664,0.0,1,0
1588066,3,1.531111111111111,0.0,1,0
1588085,2,0.4888888888888889,0.0,0,1
1588086,2,0.4786111111111111,0.0,0,0
1590388,2,0.7491666666666666,0.0,1,1
1590413,2,1.0244444444444445,0.0,1,0
1590415,2,1.4894444444444443,0.0,1,0
1592880,2,1.288888888888889,0.0,1,0
1592902,2,0.49194444444444446,0.0,1,0
1592929,2,1.2430555555555556,0.0,0,0
1595233,2,0.4855555555555556,0.0,1,1
1595253,2,1.2458333333333333,0.0,1,0
1595276,3,0.7330555555555556,0.0,0,0
1597462,2,1.8175,0.0,1,0
1597508,3,1.2861111111111112,0.0,1,0
1599872,3,0.7441666666666666,1.8999999761581416,1,0
1599922,2,1.0075,0.0,0,0
1600635,3,0.48138888888888887,1.8999999761581416,1,0
1600643,2,1.1391666666666667,0.0,0,0
1601179,2,1.0177777777777777,0.0,0,1
1601189,2,0.9875,0.0,1,1
1601199,2,0.7180555555555556,0.0,1,0
1601266,3,0.48583333333333334,0.0,0,0
1602710,3,0.4922222222222222,0.0,0,0
1602746,2,1.261111111111111,0.0,1,1
1602772,3,0.48444444444444446,0.9200000166893004,1,0
1605031,3,0.4961111111111111,1.0700000524520874,1,0
1605101,2,1.2630555555555556,0.0,1,1
1605159,2,0.4961111111111111,0.0,0,0
1607437,3,1.2880555555555555,0.0,1,0
1607456,3,0.7702777777777777,0.0,0,0
1607495,2,1.2680555555555555,0.0,0,0
1607610,2,0.7597222222222222,0.0,0,0
1611819,3,1.2927777777777778,1.8999999761581416,1,0
1611844,2,0.7508333333333334,0.0,0,1
1612518,3,0.9911111111111112,2.2300000190734863,0,1
1612531,2,1.5075,0.0,1,0
1612532,3,1.2447222222222223,1.8999999761581416,1,0
1612536,3,0.7530555555555556,0.0,1,0
1612542,3,0.4875,0.0,0,0
1613273,3,1.0141666666666667,0.6100000143051147,1,0
1615247,3,3.0327777777777776,0.0,1,0
1615251,2,1.5438888888888889,0.0,1,0
1617423,2,0.7466666666666667,0.0,1,1
1617427,2,0.7472222222222222,0.0,1,1
1617435,2,0.9944444444444445,0.0,1,0
1617454,2,0.7427777777777778,0.0,0,0
1617455,2,0.7427777777777778,0.0,0,0
1619495,2,1.0477777777777777,0.0,1,1
1619512,2,1.0147222222222223,0.0,1,1
1619523,3,1.5177777777777777,0.0,1,0
1619533,2,1.668611111111111,0.0,1,0
1619539,2,0.7472222222222222,0.0,1,1
1619546,2,0.7447222222222222,0.0,1,0
1619547,3,1.2419444444444445,0.0,1,0
1619552,2,2.505,0.0,1,0
1621446,2,0.7705555555555555,0.0,0,1
1621447,2,0.7586111111111111,0.0,0,1
1621458,2,0.7533333333333333,0.0,1,0
1621461,3,1.705,1.8999999761581416,0,0
1621482,2,0.9919444444444444,0.0,1,1
1621527,2,0.9916666666666667,0.0,1,0
1621533,2,0.7438888888888889,0.0,1,0
1621538,2,0.9938888888888889,0.0,1,0
1624353,2,0.745,0.0,1,0
1624377,3,1.0058333333333334,1.8999999761581416,0,0
1625214,2,3.38,0.0,0,1
1625252,2,0.9941666666666666,0.0,1,0
1625312,2,0.4925,0.0,1,0
1625349,4,1.5733333333333333,1.8999999761581416,0,0
1625375,2,0.9955555555555555,0.0,1,1
1625386,2,0.9813888888888889,0.0,1,0
1625415,2,1.3702777777777777,0.0,1,0
1625427,2,1.2677777777777777,0.0,1,1
1629385,2,1.4152777777777779,0.0,0,0
1629397,2,0.9980555555555556,0.0,0,1
1629461,2,0.7472222222222222,0.0,1,1
1629479,2,1.01,0.0,0,0
1629482,2,0.7619444444444444,0.0,0,0
1632003,2,1.3147222222222221,0.0,0,1
1632072,2,1.5263888888888888,0.0,1,1
1632082,2,0.8130555555555555,0.0,1,0
1632130,3,0.49,0.0,0,0
1634779,2,1.0280555555555555,0.0,1,1
1634780,2,1.0194444444444444,0.0,1,1
1634784,2,1.0163888888888888,0.0,1,1
1634788,2,1.0072222222222222,0.0,1,1
1634855,2,1.3133333333333332,0.0,0,0
1637295,3,0.7452777777777778,1.8999999761581416,1,0
1637933,3,2.641388888888889,0.0,0,0
1638682,2,1.603611111111111,1.8999999761581416,0,0
1638739,3,0.4886111111111111,0.0,1,0
1638752,2,0.7444444444444445,0.0,1,0
1640999,2,1.6172222222222221,0.0,0,1
1641071,2,3.028888888888889,0.0,1,0
1641097,2,0.7363888888888889,0.0,1,0
1641113,2,1.2408333333333332,0.0,1,0
1641132,3,0.4913888888888889,0.0,0,1
1643438,2,0.49166666666666664,0.0,1,0
1643465,2,0.4961111111111111,0.0,0,0
1643466,2,0.9830555555555556,0.0,0,1
1643471,2,1.9961111111111112,0.0,0,0
1643473,2,1.4916666666666667,1.1399999856948853,0,0
1645721,3,1.2955555555555556,0.0,0,0
1645767,2,0.49416666666666664,0.0,1,0
1645771,2,1.028888888888889,0.0,1,0
1645774,3,2.042777777777778,1.8999999761581416,1,0
1645791,2,0.4936111111111111,0.0,1,0
1645834,2,0.7469444444444444,0.0,0,1
1645849,2,0.47583333333333333,0.7099999785423279,0,0
1645851,3,0.4905555555555556,0.0,0,0
1648250,2,2.042777777777778,0.0,1,1
1648274,2,0.8425,0.0,1,1
1648286,2,0.7561111111111111,0.0,1,0
1648326,2,0.7480555555555556,0.0,0,1
1648345,2,0.9283333333333333,0.0,0,0
1650586,2,1.2383333333333333,1.1100000143051147,1,0
1650619,2,0.49472222222222223,0.0,0,0
1651910,2,0.7530555555555556,0.0,1,0
1651932,3,1.0875,0.0,1,0
1651935,2,1.2441666666666666,0.0,1,0
1651946,2,1.7544444444444445,0.0,1,0
1651947,2,1.511111111111111,0.0,1,0
1651954,2,1.2747222222222223,1.7300000190734863,1,0
1651961,2,0.49166666666666664,0.0,0,0
1653901,2,0.9980555555555556,2.0899999141693115,1,1
1653913,3,0.7452777777777778,1.0700000524520874,1,0
1660496,2,0.4936111111111111,0.0,0,0
1660500,2,1.265,0.0,0,0
1660504,2,0.7541666666666667,0.0,0,1
1660508,2,0.49444444444444446,0.0,1,0
1660510,2,0.7502777777777778,0.0,1,0
1660530,2,0.9480555555555555,0.0,1,1
1660532,2,1.0008333333333332,0.0,1,1
1660555,2,1.0038888888888888,0.0,1,1
1662608,2,1.2775,0.0,0,0
1662643,3,1.0369444444444444,0.6100000143051147,0,0
1663978,2,1.0294444444444444,0.0,1,0
1664009,2,1.0247222222222223,0.0,1,1
1664037,2,1.8930555555555555,0.0,1,0
1664045,3,0.7394444444444445,1.8999999761581416,1,0
1664074,2,0.7613888888888889,0.0,1,0
1664087,2,0.9922222222222222,0.0,0,0
1664093,2,1.1388888888888888,0.0,0,1
1666215,2,1.0141666666666667,0.0,1,1
1666224,3,1.28,0.0,1,0
1666235,3,0.7483333333333333,0.0,1,0
1666241,2,1.321388888888889,0.0,1,0
1666259,2,0.4936111111111111,0.0,1,0
1666263,2,0.4911111111111111,0.0,1,0
1666285,3,1.2727777777777778,0.0,0,0
1666286,2,0.49472222222222223,0.0,0,1
1666289,2,0.8202777777777778,0.0,0,0
1666290,2,1.46,0.0,0,0
1668207,3,0.5002777777777778,0.0,0,0
1668215,2,0.49083333333333334,0.0,0,0
1668297,2,0.745,0.0,1,1
1670532,2,0.4936111111111111,0.0,1,0
1670570,2,0.49416666666666664,0.0,1,0
1670577,2,0.4761111111111111,0.0,1,0
1672252,3,0.7513888888888889,1.8999999761581416,1,0
1672257,3,0.9988888888888889,0.0,1,0
1672296,2,0.7266666666666667,1.4600000381469729,0,0
1675096,2,1.0197222222222222,0.0,0,0
1675150,3,2.6066666666666665,0.0,1,0
1676842,2,0.4897222222222222,0.0,1,0
1676879,2,0.4925,0.0,1,0
1678635,2,0.7422222222222222,0.0,0,0
1678655,2,0.7494444444444445,0.0,0,0
1678664,2,0.4936111111111111,0.0,0,0
1680012,2,1.2972222222222223,0.0,0,1
1680058,2,0.7425,0.0,1,0
1680061,2,1.5008333333333332,0.0,1,0
1680064,2,0.49444444444444446,0.0,1,0
1681638,3,0.995,1.8999999761581416,1,0
1683189,2,1.0922222222222222,0.0,0,0
1683241,2,0.7411111111111112,0.0,1,0
1683246,2,0.49416666666666664,0.0,1,0
1683247,2,0.4925,0.0,1,0
1683257,2,1.0780555555555555,0.0,1,0
1683278,3,0.49083333333333334,0.0,0,0
1685046,2,1.2383333333333333,0.4000000059604645,1,0
1685069,2,0.9955555555555555,0.0,1,0
1685073,3,0.48,0.0,1,0
1685077,2,0.495,0.0,1,0
1685082,2,1.2608333333333333,0.0,1,0
1685092,2,0.9933333333333333,0.0,0,0
1686593,2,1.2733333333333334,0.0,0,0
1686623,3,0.7438888888888889,1.8999999761581416,1,0
1690409,2,3.328611111111111,0.0,1,0
1690491,2,1.0119444444444445,0.0,1,1
1690508,3,0.7425,0.0,1,0
1690517,2,0.49027777777777776,0.0,1,0
1690524,2,0.9972222222222222,0.0,0,0
1692887,3,0.49,0.0,0,0
1692920,3,1.2802777777777778,3.3399999141693115,1,0
1692933,2,2.031388888888889,0.0,1,1
1692956,3,0.49,0.6100000143051147,1,0
1692959,2,1.2752777777777777,0.0,1,0
1692997,2,1.4944444444444445,0.0,0,1
1695676,2,1.7766666666666666,0.0,1,1
1695699,2,1.7991666666666666,0.0,1,1
1695738,2,0.49777777777777776,0.0,1,1
1695742,2,0.49472222222222223,0.0,1,0
1695751,2,1.3222222222222222,0.0,1,0
1695769,2,1.4916666666666667,0.0,0,0
1695780,2,1.2313888888888889,0.0,0,0
1698155,2,1.5369444444444444,0.0,1,1
1698170,2,0.9980555555555556,0.0,1,0
1698221,2,1.155,0.0,0,0
1698227,2,0.9847222222222223,0.8799999952316284,0,1
1700574,3,1.7972222222222223,0.0,0,0
1700589,3,0.4880555555555556,0.0,1,0
1700607,2,0.4922222222222222,0.0,0,0
1700611,2,0.9927777777777778,0.0,0,0
1701491,3,1.2419444444444445,1.8999999761581416,1,0
1701493,3,0.7427777777777778,0.0,1,0
1701512,2,1.2875,0.0,0,0
1702422,2,1.7877777777777777,0.0,0,1
1702448,2,0.7511111111111111,0.0,0,1
1702504,3,1.5247222222222223,0.0,1,1
1702564,2,2.318888888888889,0.0,1,1
1702573,2,1.5438888888888889,0.0,1,1
1702629,2,0.7430555555555556,0.0,0,0
1705153,2,1.0025,0.0,0,0
1705164,3,0.7480555555555556,0.0,0,0
1705172,3,0.7463888888888889,0.0,0,0
1705190,2,0.7475,0.0,1,0
1705203,2,1.5191666666666668,0.0,1,1
1705209,2,2.318611111111111,0.0,1,1
1705257,3,0.7336111111111111,0.5099999904632568,1,0
1705260,3,2.027222222222222,0.0,1,0
1705269,2,0.7825,0.0,1,1
1705271,3,0.4891666666666667,0.6100000143051147,1,0
1705273,2,0.7480555555555556,0.0,1,1
1705280,2,0.7480555555555556,0.0,1,1
1705281,2,0.7472222222222222,0.0,1,1
1705285,2,0.49333333333333335,0.0,1,0
1705293,2,0.49333333333333335,0.0,1,0
1707937,2,1.5169444444444444,0.0,0,0
1707956,2,1.555,0.0,1,1
1708012,2,1.2666666666666666,0.0,1,0
1708035,2,0.9930555555555556,0.0,1,0
1708072,2,0.72,1.7300000190734863,0,0
1710883,2,0.495,0.0,1,0
1710891,2,0.4930555555555556,0.0,1,0
1710904,2,0.7430555555555556,0.0,1,0
1710907,2,0.7475,0.0,1,1
1710955,3,1.23,0.0,0,0
1710961,3,0.48583333333333334,0.0,0,0
1713549,2,1.7380555555555555,0.0,1,0
1713591,2,0.7433333333333333,0.0,0,0
1713617,2,2.2430555555555554,0.2599999904632568,0,0
1713625,2,1.2472222222222222,0.0,0,0
1716162,2,0.7433333333333333,0.0,1,0
1716178,2,1.2791666666666666,0.0,1,0
1716199,3,1.8477777777777777,1.8999999761581416,0,0
1716200,3,0.6944444444444444,0.0,0,0
1716204,3,1.0013888888888889,1.8999999761581416,0,0
1716210,2,2.5813888888888887,0.0,0,0
1716215,2,1.435,0.239999994635582,0,0
1717071,3,1.5302777777777778,1.3899999856948853,0,0
1717083,2,3.0797222222222222,0.0,1,0
1717092,2,0.49333333333333335,0.0,1,1
1717967,2,0.7338888888888889,0.0,0,0
1717974,3,0.4891666666666667,0.9200000166893004,0,0
1718056,2,0.4925,0.0,1,0
1720638,2,0.4925,0.0,1,0
1720640,2,4.041388888888889,0.0,1,1
1720642,2,0.49527777777777776,0.0,1,0
1720651,2,0.49333333333333335,0.0,0,0
1720660,2,0.9766666666666667,0.4000000059604645,0,0
1723269,2,1.273611111111111,0.0,0,0
1723373,2,0.7475,0.0,1,0
1723377,2,0.7430555555555556,0.0,1,1
1723407,2,0.48444444444444446,0.0,0,0
1725916,2,0.9963888888888889,0.0,1,1
1725918,2,0.9941666666666666,0.0,1,1
1725941,2,1.2575,0.0,1,1
1725965,2,1.0186111111111111,0.0,1,1
1725981,2,0.6755555555555556,0.0,1,0
1725988,2,0.9916666666666667,0.0,1,0
1725994,2,0.7436111111111111,0.0,1,0
1725999,2,0.49277777777777776,0.0,1,0
1726026,2,0.49333333333333335,0.0,0,0
1726035,2,0.4872222222222222,0.0,0,0
1726036,2,0.9916666666666667,0.0,0,0
1726037,2,0.745,0.0,0,0
1726042,2,0.7427777777777778,0.0,0,0
1726052,2,1.9347222222222222,0.0,0,0
1728406,2,0.7530555555555556,0.0,0,0
1728412,2,1.761388888888889,0.0799999982118606,0,1
1728419,3,0.4888888888888889,1.8999999761581416,0,0
1728429,2,2.0502777777777776,0.0,1,0
1728435,2,1.0108333333333333,0.0,1,1
1728444,2,1.2702777777777778,0.0,1,1
1728507,3,0.7466666666666667,1.8999999761581416,1,0
1728508,2,0.7452777777777778,0.0,1,0
1728509,2,0.7425,0.0,1,0
1728572,2,1.0333333333333334,0.0,0,0
1730792,3,3.713888888888889,0.0,1,0
1731531,2,3.535833333333333,0.0,0,0
1731534,3,0.7455555555555555,1.8999999761581416,1,0
1731549,3,0.7433333333333333,1.8999999761581416,1,0
1731550,2,0.7430555555555556,1.1200000047683716,1,0
1732472,2,0.49333333333333335,0.0,1,0
1732474,2,0.4897222222222222,0.0,1,0
1732482,2,0.7419444444444444,0.0,1,0
1734777,2,1.2666666666666666,0.0,0,1
1734803,2,1.0091666666666668,0.0,1,1
1734812,2,1.285,0.0,1,1
1734843,2,0.7422222222222222,0.0,0,0
1736224,2,1.2497222222222222,0.0,1,0
1736231,3,1.2547222222222223,0.0,1,0
1736232,2,0.7416666666666667,0.0,1,0
1736233,2,1.243611111111111,0.0,1,1
1737067,3,1.5425,0.0,0,0
1737140,2,0.4913888888888889,0.0,1,0
1737173,3,0.49083333333333334,0.0,0,0
1739544,2,1.781111111111111,0.0,0,0
1739613,4,0.9908333333333333,0.0,1,0
1739624,2,2.553611111111111,0.0,1,0
1739639,2,0.9916666666666667,0.0,1,0
1739663,2,1.5863888888888888,0.0,0,0
1742289,3,0.7413888888888889,0.0,1,0
1742298,2,0.49166666666666664,0.0,1,0
1742311,2,1.9922222222222221,0.0,1,0
1742318,2,1.0033333333333334,0.0,1,0
1742325,2,1.2452777777777777,0.0,1,0
1742342,2,0.7475,0.0,1,0
1744749,2,1.0108333333333333,0.0,0,0
1744779,2,1.2630555555555556,0.0,1,0
1744789,3,0.7441666666666666,0.6100000143051147,1,0
1744818,2,1.2608333333333333,0.0,1,1
1744836,3,0.7391666666666666,0.0,1,1
1744851,2,0.7388888888888889,0.0,1,0
1744866,2,0.7455555555555555,0.0,1,0
1744890,2,0.48305555555555557,0.0,0,0
1747440,2,1.2558333333333334,0.0,1,0
1747480,2,0.9883333333333333,0.0,0,0
1747482,2,2.9833333333333334,0.0,0,0
1749902,3,1.0022222222222221,1.8999999761581416,1,0
1750658,2,2.5183333333333335,0.0,1,0
1750664,3,0.7441666666666666,1.8999999761581416,1,0
1750690,3,1.0275,1.8999999761581416,0,0
1750692,3,0.7469444444444444,1.8999999761581416,0,0
1750693,2,0.47555555555555556,0.2300000041723252,0,0
1750694,2,0.5,0.0,0,0
1751559,2,1.0094444444444444,0.0,0,0
1751589,2,0.4872222222222222,0.7699999809265137,1,0
1751636,2,1.5016666666666667,0.0,1,0
1751659,3,0.9758333333333333,3.3399999141693115,1,0
1753960,3,1.5161111111111112,0.0,0,0
1754046,2,1.2461111111111112,0.0,1,1
1754078,3,3.2844444444444445,0.0,1,0
1754091,2,0.7425,0.0,1,0
1756611,2,1.268888888888889,0.0,0,0
1756624,2,1.785,0.0,0,0
1756706,3,1.0075,0.0,1,1
1756709,2,0.49833333333333335,0.0,1,1
1756714,2,0.7469444444444444,0.0,1,1
1756806,3,3.2805555555555554,0.0,0,0
1759562,2,1.5233333333333334,0.0,0,0
1759566,2,1.2744444444444445,0.0,0,1
1759681,2,0.7366666666666667,0.0,1,0
1759700,3,1.2755555555555556,0.0,0,1
1762219,3,0.7555555555555555,0.0,1,0
1762247,2,0.7447222222222222,1.830000042915344,1,0
1762250,2,1.5272222222222223,0.0799999982118606,1,1
1762321,2,2.1391666666666667,0.0,0,1
1764572,3,0.7441666666666666,1.8999999761581416,1,0
1764577,2,1.6288888888888888,0.0,1,1
1764581,3,0.4938888888888889,1.8999999761581416,1,0
1764588,2,1.2755555555555556,0.0,0,0
1764596,3,1.9852777777777777,1.8999999761581416,0,0
1765407,2,1.4919444444444445,0.6700000166893005,1,0
1765410,3,1.006388888888889,1.8999999761581416,1,0
1765419,2,1.0333333333333334,0.239999994635582,1,1
1765425,3,0.49444444444444446,1.8999999761581416,1,0
1765446,3,0.48194444444444445,0.9200000166893004,0,0
1765451,2,0.4930555555555556,0.0,0,0
1765461,2,1.3083333333333333,0.0,0,0
1766269,2,1.2447222222222223,0.0,1,0
1766283,2,1.2908333333333333,0.0,1,0
1766410,2,1.2375,0.0,0,0
1766411,2,0.47555555555555556,0.0,0,0
1768974,3,0.4797222222222222,0.0,0,0
1769009,3,0.49194444444444446,1.8999999761581416,1,0
1769043,3,0.4897222222222222,0.6100000143051147,1,0
1769058,2,4.012777777777778,0.0,1,0
1769097,2,0.755,0.0,0,0
1771849,2,0.49666666666666665,0.0,1,0
1771850,2,1.7777777777777777,0.0,1,1
1771876,2,0.9916666666666667,0.0,1,0
1771934,2,1.488611111111111,0.0,0,0
1774390,2,1.0061111111111112,0.0,0,0
1774450,2,1.4813888888888889,0.0,1,0
1774462,3,0.4925,0.9200000166893004,1,0
1774480,3,1.4905555555555556,0.0,1,0
1774498,2,0.7427777777777778,0.0,1,0
1774506,2,1.9805555555555556,0.0,1,0
1774535,2,1.6119444444444444,0.0,0,0
1776968,2,1.523611111111111,0.0,0,0
1776999,2,1.025,0.0,1,1
1777091,2,0.9963888888888889,0.0,1,1
1779481,3,0.4911111111111111,1.8999999761581416,1,0
1779485,3,0.4938888888888889,1.8999999761581416,1,0
1779509,2,1.7327777777777778,0.0,0,0
1780394,2,1.1225,0.0,1,0
1780395,3,0.7686111111111111,0.0,1,0
1781002,2,1.2625,0.0,0,0
1781021,3,0.7466666666666667,0.9200000166893004,0,0
1781026,2,2.3002777777777776,0.0,0,0
1781039,2,1.5125,0.0,0,1
1781053,2,1.5161111111111112,0.0,1,1
1781098,3,0.49277777777777776,0.0,1,0
1781099,3,0.4897222222222222,0.6100000143051147,1,0
1781135,2,1.2425,0.3100000023841858,1,1
1781146,2,0.7461111111111111,0.0,1,0
1781155,2,1.2422222222222221,0.0,0,1
1783628,2,1.5158333333333334,0.0,1,1
1783646,2,0.7438888888888889,0.0,1,0
1783653,2,0.7433333333333333,0.0,1,0
1783720,2,0.7480555555555556,0.0,0,0
1786222,2,1.0152777777777777,0.0,0,0
1786231,2,1.5183333333333333,0.0,0,1
1786232,2,0.4963888888888889,0.0,0,0
1786267,2,1.261111111111111,0.0,0,0
1786292,3,0.7411111111111112,0.6100000143051147,1,0
1786350,2,0.7597222222222222,0.0,1,1
1788784,2,0.495,0.0,0,1
1788798,2,1.7738888888888888,0.0,0,0
1788891,2,1.2475,0.0,1,1
1788948,2,0.49277777777777776,0.0,0,0
1791525,2,1.008888888888889,0.0,1,1
1791533,3,1.0102777777777778,0.9200000166893004,1,0
1791567,2,1.3316666666666668,0.0,1,1
1794161,3,0.7438888888888889,1.8999999761581416,1,0
1794183,2,0.4913888888888889,0.0,0,1
1794885,3,1.0066666666666666,1.8999999761581416,1,0
1794897,3,1.5633333333333332,3.390000104904175,1,0
1794904,3,0.48333333333333334,0.9200000166893004,0,0
1794907,2,0.49194444444444446,0.0,0,0
1794913,2,0.4880555555555556,0.0,0,0
1794916,3,1.3197222222222222,1.8999999761581416,0,0
1795698,3,0.9969444444444444,0.9200000166893004,1,0
1795704,3,0.9966666666666667,0.9200000166893004,1,0
1795726,2,1.26,0.0,1,1
1795736,2,1.2675,0.0,1,1
1798090,2,1.258888888888889,0.0,0,1
1798099,3,0.4922222222222222,0.9200000166893004,1,0
1798108,3,0.7444444444444445,0.9200000166893004,1,0
1800752,2,1.2722222222222221,0.0,1,1
1800784,2,1.2627777777777778,0.0,1,1
1800797,2,1.256388888888889,0.0,1,1
1800828,2,1.2633333333333334,0.0,1,1
1800829,2,1.0333333333333334,0.0,1,0
1800833,3,0.48833333333333334,0.0,1,0
1800868,2,2.379722222222222,0.0,0,0
1803614,2,1.5244444444444445,0.0,1,1
1803642,2,1.2480555555555555,0.0,1,1
1806420,2,0.7486111111111111,0.0,0,0
1806437,2,2.0452777777777778,0.0,1,1
1806446,3,1.2569444444444444,0.0,1,0
1806501,2,1.2591666666666668,0.0,1,1
1806510,2,1.0122222222222221,0.0,1,1
1806514,2,3.9338888888888888,0.0,1,0
1806521,2,2.81,0.0,1,1
1806528,2,1.5444444444444445,0.0,1,1
1806537,3,0.765,0.0,1,0
1809037,3,0.4702777777777778,0.9200000166893004,0,0
1809890,3,0.9991666666666666,0.0,1,0
1809895,3,0.48333333333333334,0.5099999904632568,1,0
1809904,2,1.261388888888889,0.0,0,0
1809913,2,1.7402777777777778,0.0,0,0
1810842,2,3.848888888888889,0.0,1,1
1810916,3,1.425,0.0,0,0
1813329,3,0.5541666666666667,0.9200000166893004,0,0
1813371,2,1.7555555555555555,0.0,1,0
1813390,2,1.2766666666666666,0.0,1,1
1813456,2,0.48777777777777775,0.0,1,1
1816485,2,1.7883333333333333,0.0,1,0
1816535,2,1.2702777777777778,0.0,1,1
1816539,3,2.8088888888888888,0.0,1,0
1816540,2,1.5161111111111112,0.0,1,1
1816550,2,2.001388888888889,0.0,1,0
1816558,3,1.7261111111111112,0.0,1,0
1816559,3,0.4938888888888889,0.0,1,0
1816575,3,1.736388888888889,0.0,1,0
1819325,3,0.49083333333333334,0.9200000166893004,1,0
1819336,2,1.5125,0.0,1,1
1819338,2,1.27,0.0,1,1
1819356,3,0.7405555555555555,0.9200000166893004,1,0
1819359,2,1.2572222222222222,0.0,1,1
1819367,3,1.0013888888888889,0.0,1,0
1819370,3,0.7380555555555556,0.6800000071525574,1,0
1819376,3,3.9480555555555554,0.0,1,0
1822216,2,1.7816666666666667,0.0,1,1
1822278,3,3.3966666666666665,0.9200000166893004,1,0
1822287,2,1.8744444444444444,0.0,1,1
1822297,2,0.7794444444444445,0.0,1,1
1822300,2,0.7438888888888889,0.0,1,1
1822301,2,0.7455555555555555,0.0,1,1
1822324,2,0.7472222222222222,0.0,1,1
1822327,2,0.9961111111111111,0.0,0,0
1822346,2,2.4902777777777776,0.0,0,1
1825154,2,1.4219444444444445,0.0,0,0
1825159,3,0.49194444444444446,1.8999999761581416,0,0
1825953,3,1.2394444444444443,1.8999999761581416,1,0
1825955,3,1.2413888888888889,1.8999999761581416,1,0
1825971,2,1.0619444444444444,0.0,0,0
1825978,2,1.881388888888889,0.0,0,1
1826676,2,1.2555555555555555,0.0,0,0
1826687,3,0.74,0.6100000143051147,0,0
1826731,3,2.033333333333333,0.0,1,0
1826734,3,0.49,0.9200000166893004,1,0
1826743,3,0.7433333333333333,0.6100000143051147,1,0
1826766,2,0.49583333333333335,0.0,1,0
1826774,2,0.46111111111111114,0.0,1,0
1826787,2,1.0005555555555556,0.0,1,0
1826820,2,1.605,0.0,0,0
1826845,2,0.7252777777777778,0.0,0,0
1829247,2,2.27,0.0,0,0
1829369,2,0.7425,0.0,0,0
1831809,2,1.523611111111111,0.0,0,0
1831878,3,1.0033333333333334,0.0,1,0
1831893,3,1.701111111111111,0.0,1,0
1831914,2,1.0002777777777778,0.0,1,0
1831939,2,0.7444444444444445,0.0,0,0
1834651,2,0.9808333333333333,0.0,1,0
1834668,2,3.533888888888889,0.0799999982118606,1,1
1834726,3,0.7472222222222222,0.9200000166893004,1,0
1834727,3,1.2605555555555557,0.0,1,0
1834753,2,0.7416666666666667,0.0,1,0
1834771,2,1.2472222222222222,0.0,0,1
1834772,2,1.2480555555555555,0.0,0,1
1834786,2,1.2391666666666667,0.0,0,1
1834807,3,1.1797222222222221,0.0,0,0
1834811,2,1.0822222222222222,0.0,0,0
1837429,2,1.7586111111111111,0.0,1,0
1837491,2,0.7461111111111111,0.0,1,1
1837498,2,0.7427777777777778,0.0,1,0
1837517,2,0.7461111111111111,0.0,0,1
1837536,2,0.7427777777777778,0.0,0,0
1837548,2,1.0019444444444445,0.0,0,1
1837560,2,1.2452777777777777,0.0,0,0
1840369,3,0.7291666666666666,0.0,1,0
1840370,3,0.48055555555555557,1.8999999761581416,1,0
1840376,3,0.4911111111111111,1.8999999761581416,1,0
1840395,2,1.0363888888888888,0.0,0,0
1841150,3,0.7419444444444444,1.8999999761581416,1,0
1841193,3,0.4888888888888889,1.8999999761581416,1,0
1841200,3,0.7738888888888888,1.8999999761581416,0,0
1841211,2,0.7558333333333334,0.0,0,0
1842043,3,0.49027777777777776,0.9200000166893004,1,0
1842057,3,1.0055555555555555,0.9200000166893004,1,0
1842085,2,0.7430555555555556,0.0,1,0
1842093,2,0.7475,0.0,1,0
1842099,2,1.2452777777777777,0.0,0,0
1844685,2,2.043888888888889,0.0,1,0
1844779,2,0.49472222222222223,0.0,1,1
1847185,2,1.0072222222222222,0.0,1,0
1847198,3,0.4886111111111111,0.9200000166893004,1,0
1847226,3,0.4897222222222222,0.9200000166893004,1,0
1849814,2,0.7430555555555556,0.0,1,0
1849874,2,1.0047222222222223,0.0,1,0
1849889,2,1.0372222222222223,0.0,1,0
1849892,2,0.7483333333333333,0.0,1,1
1849904,2,1.2394444444444443,0.0,1,0
1852523,3,0.7436111111111111,1.8999999761581416,1,0
1853391,2,0.9961111111111111,0.0,1,1
1853456,2,1.2236111111111112,0.0,0,0
1855753,2,2.2552777777777777,0.0,0,0
1855784,2,0.7438888888888889,0.0,1,0
1855836,2,1.3572222222222223,0.0,1,0
1858154,2,1.2469444444444444,0.0,0,0
1858162,2,0.49527777777777776,0.0,0,0
1858163,2,0.49527777777777776,0.699999988079071,0,0
1858221,2,1.9375,0.0,1,0
1858228,3,1.493611111111111,0.0,1,0
1858265,3,0.47833333333333333,0.0,0,0
1863233,2,0.9636111111111111,0.0,0,0
1863242,3,1.48,0.0,0,0
1863313,2,1.263611111111111,0.0,1,1
1863346,2,1.6341666666666668,0.0,1,0
1865638,2,1.743611111111111,0.0,1,0
1865656,2,0.8705555555555555,0.0,1,0
1865667,3,1.5108333333333333,0.0,1,0
1866539,2,1.263611111111111,0.0,0,1
1866611,2,1.2647222222222223,0.0,1,0
1866633,2,0.7266666666666667,0.0,1,0
1869428,2,1.8725,0.0,0,0
1869458,2,1.263611111111111,0.0,1,0
1869473,3,0.7369444444444444,0.6800000071525574,1,0
1869492,2,0.7519444444444444,0.0,1,0
1871724,3,0.7436111111111111,1.8999999761581416,1,0
1871748,3,0.4766666666666667,0.9399999976158142,1,0
1872596,3,1.2541666666666667,0.3799999952316284,1,0
1872597,2,1.2230555555555556,0.0,1,0
1872618,2,4.724722222222222,0.0,0,0
1873315,2,1.7591666666666668,0.0,0,0
1873327,2,1.7747222222222223,0.0,0,0
1873378,2,1.003611111111111,0.0,1,0
1875728,2,0.49583333333333335,0.0,0,1
1875775,2,1.2633333333333334,0.0,1,0
1875805,2,1.5269444444444444,0.0,1,0
1875877,2,1.2875,0.0,1,0
1878211,2,1.003611111111111,0.0,0,1
1878214,2,0.7455555555555555,0.0,0,0
1878253,3,0.48944444444444446,0.0,1,0
1878280,2,1.5075,0.0,1,0
1878323,2,0.7541666666666667,2.039999961853028,1,0
1878330,3,1.7408333333333332,0.0,1,0
1878331,2,0.9922222222222222,0.0,1,1
1878339,2,2.7505555555555556,0.0,1,0
1878372,2,1.2422222222222221,0.0,0,0
1880716,2,1.2986111111111112,0.0,1,0
1880744,3,0.7397222222222222,0.0,1,0
1880767,2,1.2461111111111112,0.0,1,1
1880788,2,0.4613888888888889,0.0,1,0
1880795,2,1.2313888888888889,0.0,0,0
1882684,2,3.2383333333333333,0.0,1,0
1882728,2,0.9916666666666667,0.0,1,1
1884918,3,0.7436111111111111,1.8999999761581416,1,0
1884924,4,0.7305555555555555,1.8999999761581416,1,0
1884939,3,0.49416666666666664,1.8999999761581416,1,0
1884945,3,0.7577777777777778,0.9399999976158142,1,0
1885701,3,0.7447222222222222,3.0899999141693115,1,0
1885714,3,0.7438888888888889,1.8999999761581416,1,0
1885720,2,1.0352777777777777,0.0,1,0
1885731,3,1.0283333333333333,1.8999999761581416,1,0
1885734,3,1.6130555555555555,0.9399999976158142,0,0
1886331,3,0.7447222222222222,1.8999999761581416,1,0
1886970,3,0.7441666666666666,1.8999999761581416,1,0
1886975,2,0.7444444444444445,0.0,1,1
1886978,3,0.7197222222222223,0.0,1,0
1886983,2,0.7372222222222222,0.0,0,0
1887602,2,0.48194444444444445,0.4699999988079071,0,0
1887645,3,0.4891666666666667,0.9399999976158142,1,0
1887657,2,0.7413888888888889,0.0,1,0
1887661,2,0.7380555555555556,0.0,1,0
1887669,2,0.7408333333333333,0.0,1,0
1887698,3,0.7163888888888889,0.0,1,0
1887701,3,0.7358333333333333,0.0,1,0
1887705,2,0.9741666666666666,0.0,0,0
1889087,2,1.1033333333333333,0.0,1,0
1889162,2,0.7394444444444445,0.0,1,0
1889170,2,1.5,0.0,1,0
1889177,2,0.7477777777777778,0.0,1,1
1889201,2,0.7466666666666667,0.0,1,1
1889206,2,0.7397222222222222,0.0,0,0
1889210,3,1.6944444444444444,1.8999999761581416,0,0
1891544,2,1.246388888888889,0.0,1,1
1891545,2,1.518888888888889,0.0,1,0
1891565,3,0.75,0.0,1,0
1891575,3,0.7469444444444444,3.3399999141693115,1,0
1893698,2,0.7561111111111111,0.0,0,0
1893723,2,1.0030555555555556,0.0,1,1
1893730,2,1.093611111111111,0.0,1,1
1893741,2,1.5119444444444445,0.0,1,0
1893786,3,0.49416666666666664,0.0,1,1
1893821,3,1.4941666666666666,0.0,1,0
1896146,3,1.5066666666666666,0.0,1,0
1896224,2,1.2233333333333334,0.0,1,0
1896246,2,1.2427777777777778,0.0,1,0
1896249,2,2.238611111111111,0.0,1,0
1896252,2,0.9925,0.0,1,0
1898404,3,1.2605555555555557,1.8999999761581416,1,0
1899193,3,1.2413888888888889,0.0,1,0
1899195,2,0.7383333333333333,1.149999976158142,1,0
1899227,3,0.49416666666666664,1.8999999761581416,0,0
1899893,2,1.2652777777777777,0.0,1,0
1899899,2,1.2575,0.0,1,0
1899942,2,0.7508333333333334,0.9800000190734864,1,0
1899944,3,1.5041666666666667,0.0,1,0
1899947,3,0.4905555555555556,0.9399999976158142,1,0
1899959,3,0.7430555555555556,0.9399999976158142,1,0
1902478,2,2.2691666666666666,0.0,0,0
1902486,2,1.7647222222222223,0.0,1,0
1902489,2,2.036388888888889,0.0,1,0
1902494,2,2.024722222222222,0.0,1,1
1902515,2,1.025,0.0,1,0
1902545,2,1.2477777777777779,0.0,1,0
1902581,3,1.2402777777777778,0.6700000166893005,1,0
1902587,2,0.7455555555555555,0.0,1,1
1902594,2,2.3080555555555557,0.0,1,0
1904933,2,1.5286111111111111,0.0,0,1
1904943,2,1.2658333333333334,1.7300000190734863,1,0
1904965,2,1.5238888888888888,0.0,1,0
1905020,2,0.7333333333333333,0.0,1,0
1905051,2,1.9872222222222222,0.0,1,0
1905066,3,0.4716666666666667,0.0,0,1
1905070,2,0.7325,0.0,0,0
1907514,2,1.006388888888889,0.0,1,1
1907523,2,0.4955555555555556,0.0,1,0
1907585,3,0.7413888888888889,0.0,0,0
1907592,2,0.49277777777777776,0.0,0,0
1909957,2,1.5258333333333334,0.0,1,0
1909985,2,1.2591666666666668,0.0,1,0
1910012,2,1.2663888888888888,0.0,1,0
1910041,2,1.2394444444444443,0.0,1,0
1910047,2,2.7352777777777777,0.0,1,0
1912288,3,1.0077777777777779,1.8999999761581416,1,0
1912300,3,0.49472222222222223,1.8999999761581416,1,0
1912301,2,1.4836111111111112,1.1200000047683716,1,0
1912303,3,1.8616666666666666,3.4600000381469727,0,0
1912981,3,0.7458333333333333,1.8999999761581416,1,0
1912985,2,1.596111111111111,0.0,1,0
1912997,2,1.9861111111111112,0.0,1,0
1913009,2,0.7455555555555555,0.0,0,1
1913774,2,1.0441666666666667,0.0,1,0
1913823,2,1.3002777777777779,1.8400000333786009,1,0
1913836,2,3.0194444444444444,0.0,1,0
1913861,2,0.7311111111111112,0.0,1,0
1913868,2,3.819722222222222,0.0,0,0
1916102,2,2.171111111111111,0.0,0,0
1916109,2,0.4961111111111111,0.0,0,0
1916110,2,0.4930555555555556,0.0,0,0
1916134,2,1.2597222222222222,0.0,1,0
1916149,2,1.5227777777777778,0.0,1,0
1916152,3,0.9966666666666667,0.9399999976158142,1,0
1916189,2,1.261111111111111,0.0,1,0
1916196,2,1.8602777777777777,0.0,1,0
1916220,2,0.4922222222222222,0.0,1,0
1916221,2,1.3063888888888888,0.0,1,0
1916245,2,0.7386111111111111,0.0,1,0
1918532,2,0.7569444444444444,0.0,0,0
1918562,2,0.7661111111111111,0.0,1,0
1918570,3,1.0441666666666667,1.8999999761581416,1,0
1919258,2,1.6066666666666667,0.0,0,0
1919273,3,1.9838888888888888,1.8999999761581416,1,0
1919980,2,1.958611111111111,0.0,1,0
1919985,3,1.1005555555555555,0.0,1,0
1920023,2,0.9886111111111111,0.0,1,0
1920031,2,0.9911111111111112,0.0,1,0
1920075,2,0.7375,0.0,1,0
1922104,2,1.0330555555555556,0.0,0,0
1922107,2,1.528888888888889,0.0,0,0
1922121,2,1.5169444444444444,0.0,1,0
1922147,3,0.9908333333333333,0.9399999976158142,1,0
1922188,2,1.0075,0.0,1,1
1922201,2,0.7436111111111111,0.0,1,0
1922208,2,1.2472222222222222,0.0,1,0
1924556,3,1.2094444444444445,0.0,1,0
1924592,2,0.74,0.0,1,0
1924622,2,0.7427777777777778,0.0,1,0
1926838,2,1.5177777777777777,0.0,1,1
1926860,2,1.5072222222222222,0.0,1,1
1926899,2,1.2652777777777777,0.1299999952316284,1,1
1926923,2,1.2366666666666666,0.0,1,0
1926927,2,0.7416666666666667,0.0,1,0
1926945,2,0.7433333333333333,0.0,1,0
1929264,2,1.2516666666666667,0.0,1,1
1929266,2,1.5055555555555555,0.0,1,0
1929306,3,1.0027777777777778,0.0,1,0
1929322,2,0.4955555555555556,0.0,1,1
1931576,2,0.7433333333333333,0.0,1,0
1932105,2,1.376111111111111,0.0,1,1
1932107,2,1.0705555555555555,0.0,1,1
1932122,2,0.7377777777777778,0.0,1,0
1932144,2,0.7422222222222222,0.0,1,0
1934592,3,0.46305555555555555,1.8999999761581416,1,0
1934684,2,0.7416666666666667,0.0,1,0
1934701,2,0.49722222222222223,0.0,1,1
1934707,2,0.7405555555555555,0.0,1,0
1937125,2,0.9952777777777778,0.0,1,1
1937143,2,1.993611111111111,0.0,1,0
1937176,2,0.9919444444444444,0.0,1,0
1937188,2,0.9944444444444445,0.0,1,0
1937190,2,0.9897222222222222,0.0,1,0
1937197,2,2.2441666666666666,0.0,1,0
1937203,2,0.7452777777777778,0.0,1,0
1937204,2,0.745,0.0,1,0
1937205,2,0.7288888888888889,0.0,1,0
1937214,2,0.7447222222222222,0.0,1,0
1937217,2,1.4916666666666667,0.0,1,0
1937228,2,0.7269444444444444,0.0,1,0
1937233,3,0.7386111111111111,0.0,0,1
1937239,2,0.9611111111111111,0.0,0,0
1937249,3,0.49416666666666664,0.0,0,1
1939502,3,0.8630555555555556,0.550000011920929,0,0
1939504,2,1.2108333333333334,0.0,0,1
1939506,2,0.49333333333333335,0.0,0,0
1939507,2,0.48388888888888887,0.0,0,0
1939515,2,2.99,0.0,1,0
1939516,2,1.0033333333333334,0.0,1,1
1939590,2,1.2441666666666666,0.0,1,0
1939592,2,0.7469444444444444,0.0,1,1
1939595,2,0.7405555555555555,0.0,1,0
1939616,2,0.7430555555555556,0.0,1,0
1939639,2,0.7416666666666667,0.0,1,0
1939641,2,0.7413888888888889,0.0,1,0
1941988,2,0.7383333333333333,0.0,1,0
1941990,2,0.7463888888888889,0.0,1,1
1941994,2,0.7394444444444445,0.0,1,0
1942013,3,0.9727777777777777,0.0,1,0
1942032,3,0.48388888888888887,0.0,1,0
1944347,2,2.028888888888889,0.0,0,0
1944351,2,2.047222222222222,0.0,1,0
1944357,3,1.253611111111111,0.9499999880790708,1,0
1944405,3,0.7427777777777778,0.9399999976158142,1,0
1944432,3,2.553888888888889,0.6000000238418579,1,0
1944435,2,1.9605555555555556,0.0,1,0
1944499,2,1.2375,0.0,1,0
1946584,2,1.8305555555555555,0.0799999982118606,1,1
1946596,3,0.49083333333333334,0.9399999976158142,1,0
1946672,2,1.511388888888889,0.0,1,1
1946678,2,1.5358333333333334,0.0,1,1
1946712,2,1.2405555555555556,0.0,1,0
1948730,2,1.7683333333333333,0.0,1,0
1948774,2,1.2605555555555557,0.0,1,1
1948812,2,2.3130555555555556,0.0,1,0
1948819,2,4.613333333333333,0.0,1,0
1948822,2,1.503611111111111,0.0,1,0
1948850,2,1.236388888888889,0.0,1,0
1948852,2,1.2375,0.0,1,1
1948868,2,0.4913888888888889,0.0,0,1
1950930,2,1.2644444444444445,0.0,1,1
1950952,3,1.2347222222222223,0.0,1,0
1950956,2,3.0952777777777776,0.0,1,0
1952142,2,1.521388888888889,0.0,1,0
1952158,2,3.486388888888889,0.0,1,0
1952161,3,1.5316666666666667,0.0,1,0
1952165,2,1.2408333333333332,0.0,1,0
1953715,2,0.4841666666666667,1.399999976158142,0,1
1953724,3,0.7522222222222222,1.8999999761581416,1,0
1954346,2,0.5,0.0,0,0
1954366,3,0.4905555555555556,1.8999999761581416,1,0
1954371,3,0.7538888888888889,0.9399999976158142,1,0
1954373,2,1.3102777777777779,0.0,1,0
1954375,2,3.3233333333333333,0.0,1,0
1954376,3,0.7844444444444445,1.8999999761581416,1,0
1955102,2,1.3508333333333333,0.0,1,1
1955123,2,3.0619444444444444,0.0,1,0
1955133,3,1.0152777777777777,0.9399999976158142,1,0
1955142,2,1.55,1.8400000333786009,1,0
1955158,2,1.241111111111111,0.0,1,0
1955159,2,1.2419444444444445,0.0,1,0
1955160,2,1.9727777777777777,0.0,1,0
1955182,2,1.2358333333333333,0.0,1,0
1955193,3,0.8013888888888889,0.0,0,0
1957190,3,0.4816666666666667,0.0,1,0
1959334,2,0.9869444444444444,0.0,1,0
1959364,2,1.2238888888888888,0.0,1,0
1959383,2,1.2213888888888889,0.0,1,0
1961363,2,0.7544444444444445,0.0,0,0
1961370,3,0.4886111111111111,0.9399999976158142,1,0
1961379,2,1.5216666666666667,0.0,1,0
1961380,2,1.7694444444444444,0.0,1,0
1961426,3,1.0027777777777778,1.8999999761581416,1,0
1961433,3,0.4905555555555556,0.9399999976158142,1,0
1961435,3,0.4911111111111111,0.0,1,0
1961438,2,1.2775,0.0,1,0
1961455,2,1.2361111111111112,0.0,1,0
1961497,2,1.2419444444444445,0.0,1,0
1961503,2,1.0005555555555556,0.0,0,0
1963522,2,1.268888888888889,0.0,1,0
1963543,3,0.7430555555555556,0.9399999976158142,1,0
1963549,2,1.2397222222222222,0.0,1,0
1966318,3,0.7413888888888889,1.8999999761581416,1,0
1966333,3,0.49166666666666664,1.8999999761581416,1,0
1966346,2,0.49,0.0,0,0
1966347,3,0.9697222222222223,0.0,0,0
1967032,2,1.0083333333333333,0.0,1,1
1967108,2,1.2358333333333333,0.0,1,0
1967115,2,2.485,0.0,1,0
1969371,3,1.0002777777777778,0.9399999976158142,0,0
1969407,2,1.0133333333333334,0.0,1,0
1969418,2,1.5002777777777778,0.0,1,0
1969438,2,0.4938888888888889,0.0,1,1
1969466,2,1.7769444444444444,0.0,1,1
1969516,2,1.0080555555555555,0.0,1,1
1969520,2,1.2380555555555555,0.0,1,1
1971566,2,1.7875,0.0,1,0
1971637,2,2.999722222222222,0.6000000238418579,1,0
1971669,2,0.4886111111111111,0.0,1,0
1971674,2,1.7236111111111112,0.0,1,1
1973844,2,0.49333333333333335,0.0,0,0
1973929,2,1.0033333333333334,0.0,1,0
1973937,2,0.49777777777777776,0.0,1,1
1973940,2,2.4325,0.0,1,0
1973943,2,0.47944444444444445,0.0,1,0
1973989,3,1.2372222222222222,0.0,0,0
1973998,2,1.8933333333333333,0.0,0,0
1976107,2,0.9944444444444445,0.0,1,1
1976138,2,0.49472222222222223,0.0,1,0
1976153,2,0.47944444444444445,0.0,1,0
1976160,3,2.2758333333333334,0.0,1,0
1976176,2,2.006111111111111,0.0,1,0
1976177,2,1.2383333333333333,0.0,1,0
1978330,2,3.013611111111111,0.0,1,1
1978336,3,0.7411111111111112,1.8999999761581416,1,0
1978346,3,0.7433333333333333,1.8999999761581416,1,0
1978352,3,0.7427777777777778,1.8999999761581416,1,0
1978353,2,0.7686111111111111,0.0,1,0
1979055,3,0.9961111111111111,1.8999999761581416,1,0
1979062,3,1.3941666666666668,1.8999999761581416,1,0
1979067,3,1.0244444444444445,1.8999999761581416,1,0
1979868,2,1.2413888888888889,0.0,1,0
1979905,2,1.2333333333333334,0.0,1,0
1981973,2,1.7477777777777779,1.830000042915344,1,0
1981998,3,0.4905555555555556,0.9399999976158142,1,0
1982008,2,1.531388888888889,0.0,1,1
1982019,2,1.24,0.0,1,0
1982023,2,1.2427777777777778,0.0,1,0
1982034,3,2.754166666666667,0.0,1,0
1984176,3,1.7772222222222223,0.0,1,0
1984193,2,1.5027777777777778,0.5699999928474426,1,1
1984209,2,1.778888888888889,0.0,1,0
1984245,2,1.2419444444444445,0.0,1,0
1984249,2,1.2272222222222222,0.0,1,0
1984302,3,1.4908333333333332,0.0,0,0
1986473,2,1.5541666666666667,0.0,1,0
1986537,3,1.5191666666666668,0.0,1,0
1986556,2,0.7536111111111111,0.0,1,1
1986563,2,1.2430555555555556,0.0,1,0
1986585,3,3.1044444444444443,0.0,1,0
1988640,2,2.0169444444444444,0.0,0,0
1988641,2,2.3308333333333335,0.0,0,0
1988650,3,0.7466666666666667,0.9399999976158142,1,0
1988661,2,2.0255555555555556,0.0,1,1
1988689,2,0.7505555555555555,0.0,1,1
1988696,2,1.4972222222222222,0.0,1,1
1988712,2,0.9927777777777778,0.0,1,0
1988766,2,0.4886111111111111,0.0,0,1
1990806,2,2.0330555555555554,0.0,1,0
1990823,3,0.46166666666666667,0.9399999976158142,1,0
1991504,2,0.7427777777777778,0.0,1,1
1991509,3,0.4822222222222222,0.4600000083446503,1,0
1991513,3,0.9994444444444445,1.8999999761581416,1,0
1991517,3,0.7427777777777778,1.8999999761581416,1,0
1991523,2,1.243611111111111,0.0,1,0
1991525,2,1.2316666666666667,0.0,1,0
1991531,3,1.2402777777777778,0.0,1,0
1991555,2,0.49166666666666664,0.0,0,0
1992228,2,1.5241666666666667,1.830000042915344,1,0
1992229,3,0.7372222222222222,0.6800000071525574,1,0
1992281,3,0.7513888888888889,0.9399999976158142,1,0
1992294,2,0.4866666666666667,0.0,1,0
1992299,3,0.4930555555555556,0.0,1,0
1992304,2,1.2430555555555556,0.0,1,0
1992365,2,1.4722222222222223,0.0,0,0
1994185,2,1.5152777777777777,0.0,0,1
1994199,2,1.7558333333333334,0.0,1,0
1994208,2,1.2575,0.0,1,1
1994291,2,1.6091666666666666,0.0,1,0
1994316,2,1.2427777777777778,0.0,1,0
1994320,2,1.6808333333333334,0.0,1,0
1994347,2,1.2427777777777778,0.0,1,0
1994362,3,0.7405555555555555,0.0,0,0
1996222,2,1.7622222222222221,0.0,0,0
1996250,3,0.7372222222222222,0.9499999880790708,1,0
1996299,2,0.9925,0.0,1,1
1996362,2,0.7452777777777778,0.0,0,1
1998377,2,1.2336111111111112,0.0,1,1
1998385,2,0.7483333333333333,0.0,1,1
1998436,3,0.7530555555555556,0.0,1,0
1998446,2,1.4944444444444445,0.0,1,0
1998449,2,0.9925,0.0,1,0
1998490,2,0.9927777777777778,0.0,1,0
1998507,2,4.742222222222222,0.0,1,0
2000598,2,0.4922222222222222,0.0,0,0
2000667,3,0.9838888888888889,0.0,1,0
2000670,2,0.9838888888888889,0.0,1,0
2000679,2,0.9880555555555556,0.0,1,0
2000692,2,0.9891666666666666,0.0,1,0
2000734,2,0.7444444444444445,0.0,1,1
2002780,3,2.3027777777777776,0.1899999976158142,0,0
2002797,2,0.9913888888888889,0.0,1,0
2003536,3,0.4775,0.0,0,0
2003574,2,0.4911111111111111,0.0,1,1
2003579,2,1.033611111111111,0.0,0,1
2003581,3,0.7497222222222222,0.0,0,0
2004348,2,0.9927777777777778,0.0,1,0
2004401,3,0.7525,0.5699999928474426,1,0
2004403,2,0.7680555555555556,0.0,1,0
2004410,2,0.4963888888888889,0.0,1,0
2004429,2,0.4897222222222222,0.0,1,0
2004453,2,0.9875,0.0,1,1
2006529,2,0.4872222222222222,0.0,1,0
2006539,2,0.48833333333333334,2.0699999332427983,1,0
2006575,3,0.4930555555555556,0.0,1,0
2008672,2,1.1852777777777779,1.8999999761581416,1,0
2008677,3,0.9405555555555556,0.0,1,0
2008685,2,0.9941666666666666,0.0,1,1
2008755,3,1.4913888888888889,0.0,1,0
2008760,2,0.7461111111111111,0.0,1,0
2008766,2,0.9894444444444445,0.0,1,0
2008770,2,0.4897222222222222,0.0,1,0
2008776,2,2.243333333333333,0.0,1,0
2008777,2,0.4911111111111111,0.0,1,0
2008778,2,0.4708333333333333,0.0,1,0
2008788,2,0.4930555555555556,0.0,1,0
2011110,2,1.5086111111111111,0.0,1,1
2011111,2,0.9236111111111112,0.0,1,0
2011129,3,0.49083333333333334,0.9399999976158142,1,0
2011148,2,0.7430555555555556,0.0,1,0
2011377,2,1.2438888888888888,0.0,1,1
2011378,2,1.9919444444444445,0.0,1,0
2015499,3,0.4913888888888889,1.8999999761581416,1,0
2016198,3,0.7455555555555555,1.8999999761581416,1,0
2016200,3,0.7755555555555556,1.8999999761581416,1,0
2016208,3,0.4913888888888889,1.8999999761581416,1,0
2016213,2,1.4713888888888889,0.0,0,0
2016997,2,1.72,0.0,1,0
2017036,2,0.7375,0.0,0,0
2017044,2,0.49277777777777776,0.0,0,1
2019208,2,1.5133333333333334,0.0,0,0
2019212,2,2.0191666666666666,0.0,0,0
2019218,2,1.7619444444444445,0.0,1,1
2019229,3,0.7480555555555556,0.0,1,0
2019265,3,0.7427777777777778,0.0,1,0
2021680,2,0.48083333333333333,0.0,1,0
2021731,2,1.0061111111111112,1.8999999761581416,1,0
2021749,2,2.0894444444444447,0.0,1,1
2021776,2,1.5494444444444444,0.0,1,0
2024200,2,2.535,0.0,1,0
2024253,2,1.7341666666666666,0.0,1,0
2024280,2,0.9941666666666666,0.0,0,0
2026464,3,1.5175,0.0,0,0
2026465,2,1.2661111111111112,0.0,0,1
2026476,2,1.56,0.0,1,0
2026530,3,1.2533333333333334,0.0,1,0
2026551,2,0.7711111111111111,0.0,1,0
2026580,2,1.2961111111111112,0.3100000023841858,1,0
2026589,2,0.5833333333333334,0.0,0,0
2028775,3,1.0025,0.4699999988079071,1,0
2028814,2,0.765,0.0,0,0
2029610,2,0.6211111111111111,0.0,1,0
2029635,3,1.0016666666666667,3.400000095367432,1,0
2031799,2,0.7561111111111111,0.0,1,0
2031821,2,1.2472222222222222,0.0,1,1
2031846,2,1.2555555555555555,0.0,1,1
2031899,3,1.8263888888888888,0.0,1,0
2034070,3,0.49583333333333335,3.3399999141693115,1,0
2034077,2,0.49333333333333335,0.0,1,0
2034146,2,0.9794444444444445,0.0,0,0
2034152,2,1.0108333333333333,0.0,0,0
2035731,2,3.5722222222222224,0.0,0,0
2035745,2,1.2541666666666667,0.0,1,0
2035749,2,1.5141666666666667,0.0,1,0
2035759,2,1.511111111111111,0.0,1,0
2035849,2,0.9936111111111111,0.0,1,1
2035850,2,0.48305555555555557,0.0,1,0
2035884,3,2.986388888888889,0.0,1,0
2035888,2,0.9897222222222222,0.0,1,1
2035892,2,2.0219444444444443,0.0,0,0
2038186,2,2.03,0.0,0,1
2038229,2,1.5186111111111111,0.0,1,0
2038243,2,1.5283333333333333,0.0,1,1
2038246,2,1.7908333333333333,0.0,1,1
2038259,2,0.4802777777777778,0.0,1,0
2038275,3,1.5102777777777778,0.0,1,0
2040415,3,0.4922222222222222,0.0,1,0
2041242,2,0.48638888888888887,0.0,1,0
2041245,2,0.7383333333333333,0.0,1,0
2041968,2,1.5425,0.0,1,0
2041991,2,0.9972222222222222,0.0,1,0
2041999,2,1.7597222222222222,0.0,1,0
2042017,2,2.098888888888889,0.0,1,1
2042039,2,0.49083333333333334,0.0,1,0
2042047,2,3.187222222222222,0.0,1,1
2042051,2,3.2108333333333334,0.0,1,1
2042053,2,3.402222222222222,0.2700000107288361,1,1
2042068,2,1.4891666666666667,0.0,1,1
2042069,2,2.5155555555555558,0.0,1,0
2044179,2,2.055,0.5199999809265137,1,0
2044186,2,1.761388888888889,0.0,1,0
2044227,2,1.253611111111111,1.100000023841858,1,0
2044228,3,1.2469444444444444,0.0,1,0
2044276,2,2.3066666666666666,0.0,1,1
2044298,2,2.611388888888889,0.0,1,0
2046487,2,1.5308333333333333,0.0,1,0
2046493,2,2.294722222222222,0.0,1,0
2046499,2,0.7419444444444444,0.0,1,0
2046532,3,0.9838888888888889,0.6000000238418579,1,0
2046569,3,3.1102777777777777,1.8400000333786009,1,0
2046618,3,2.0230555555555556,0.0,1,0
2048880,2,1.5169444444444444,0.0,1,0
2048965,3,1.548888888888889,0.0,1,0
2048969,2,1.0166666666666666,0.0,1,1
2048991,3,1.4719444444444445,1.8999999761581416,1,0
2048997,2,5.2775,0.0,1,0
2048999,2,0.9916666666666667,0.0,0,0
2051079,2,1.2625,0.0,1,0
2051085,2,1.2622222222222221,0.0,1,0
2051095,2,1.0291666666666666,0.0,1,0
2051102,3,1.2466666666666666,0.6100000143051147,1,0
2051109,2,1.275,0.0,1,0
2051110,2,0.4938888888888889,0.0,1,0
2051117,2,1.5855555555555556,0.0,1,0
2051122,3,0.8111111111111111,0.9399999976158142,1,0
2051126,3,0.47638888888888886,0.0,1,0
2051139,3,0.4888888888888889,0.9399999976158142,1,0
2051153,2,1.8008333333333333,0.0,1,1
2051175,2,1.238611111111111,0.0,1,0
2051232,2,0.9766666666666667,0.0,0,0
2053280,2,0.7302777777777778,0.0900000035762786,1,0
2053281,3,1.0033333333333334,0.4099999964237213,1,0
2053285,3,1.5322222222222222,1.0299999713897705,1,0
2053290,3,0.7316666666666667,1.8999999761581416,1,0
2053300,3,0.74,1.8999999761581416,1,0
2053994,2,0.4725,0.0,0,0
2054008,2,0.4847222222222222,0.0,1,0
2054837,3,1.0033333333333334,0.9399999976158142,1,0
2054912,2,1.4744444444444444,0.0,1,0
2054948,2,0.9861111111111112,0.0,1,0
2054951,2,2.4922222222222223,0.0,1,1
2054973,2,0.9888888888888889,0.0,1,0
2057161,3,0.4886111111111111,0.9399999976158142,1,0
2057244,2,0.4955555555555556,0.0,1,0
2057248,2,1.5341666666666667,0.0,1,1
2057262,3,0.4875,0.9499999880790708,1,0
2057265,2,1.7961111111111112,0.0,1,1
2057279,3,0.48638888888888887,0.9499999880790708,1,0
2057350,2,0.9894444444444445,0.0,1,1
2057353,2,2.9252777777777776,0.0,1,0
2057366,2,2.616111111111111,0.0,1,0
2057369,3,0.49333333333333335,0.0,0,0
2059634,3,0.4752777777777778,0.0,1,0
2059635,3,0.9941666666666666,0.9399999976158142,0,0
2059738,2,2.3480555555555553,0.0,1,1
2059746,2,1.2694444444444444,0.0,1,0
2059747,2,7.756944444444445,0.0,1,0
2059773,3,0.9841666666666666,0.0,1,0
2061866,2,1.503611111111111,0.0,0,1
2061990,2,0.9847222222222223,0.0,1,0
2062005,2,1.3972222222222221,0.0,1,0
2062009,2,0.99,0.0,1,0
2062011,3,0.9883333333333333,0.0,1,0
2062014,2,3.069722222222222,0.0,1,0
2062019,2,1.745,0.0,1,0
2062034,2,2.8216666666666668,0.0,1,0
2064301,2,1.2652777777777777,0.0,1,0
2064333,2,1.8277777777777777,0.0,1,0
2064413,2,0.9813888888888889,0.0,1,0
2064474,2,1.2580555555555555,0.0,1,0
2064498,3,0.7463888888888889,0.0,0,0
2067320,3,0.75,1.8999999761581416,1,0
2067324,3,1.1702777777777778,3.4800000190734863,0,0
2068068,3,1.531111111111111,0.0,1,0
2068104,2,1.5461111111111112,0.0900000035762786,1,1
2068112,2,1.7758333333333334,0.8500000238418579,1,0
2068133,2,3.8027777777777776,0.0,1,0
2068141,2,2.3030555555555554,0.0,1,1
2068154,2,0.9888888888888889,0.0,1,0
2068158,2,1.9930555555555556,0.0,1,1
2068164,2,1.2402777777777778,0.0,1,1
2068187,2,0.9844444444444445,0.0,1,0
2068192,2,1.2633333333333334,0.0,1,0
2070453,3,1.2422222222222221,0.0,1,1
2070458,2,2.491111111111111,0.0,1,1
2072491,3,2.026666666666667,0.0,0,0
2072493,2,1.5169444444444444,0.0,0,0
2072504,2,1.0161111111111112,0.0,1,0
2072505,2,1.015,0.0,1,0
2072532,2,0.9977777777777778,0.0,1,1
2072559,3,0.4925,0.9399999976158142,1,0
2072562,2,0.7447222222222222,0.0,1,1
2072570,2,1.9744444444444444,0.0,1,1
2072591,2,1.5127777777777778,0.0,1,1
2074887,2,1.5022222222222221,0.0,1,1
2074906,2,2.1772222222222224,0.0,1,0
2074917,2,2.5388888888888888,0.0,1,0
2074927,2,2.596111111111111,0.0,1,0
2074933,2,1.99,0.0,1,0
2074934,2,2.555833333333333,0.0,1,0
2076567,2,0.7486111111111111,0.0,1,0
2076584,3,0.48527777777777775,0.0,1,0
2076637,3,3.2905555555555557,0.0,1,0
2076651,2,1.2433333333333334,0.0,1,0
2076653,2,1.2180555555555554,0.0,1,0
2079573,2,0.7425,1.4900000095367432,1,0
2079589,2,4.197222222222222,0.0,1,0
2079604,3,0.48833333333333334,1.8999999761581416,1,0
2080406,2,1.5608333333333333,0.0,0,0
2080408,3,0.9897222222222222,1.1299999952316284,1,0
2080415,2,1.53,0.0,1,1
2080479,3,0.49,1.8999999761581416,1,0
2080490,3,0.4891666666666667,0.9399999976158142,1,0
2080496,2,1.5091666666666668,0.0,1,1
2080497,3,0.7491666666666666,0.9399999976158142,1,0
2080505,2,1.4972222222222222,0.0,1,1
2080506,3,0.7694444444444445,0.9399999976158142,1,0
2080520,2,1.2744444444444445,0.0,1,0
2080529,3,0.9938888888888889,0.0,1,0
2080548,2,0.9638888888888889,0.0,0,0
2082665,2,1.2933333333333332,0.6299999952316284,0,0
2082666,2,1.0044444444444445,0.0,0,0
2082678,3,0.7383333333333333,1.8999999761581416,1,0
2082702,3,0.4802777777777778,0.9399999976158142,1,0
2083422,3,0.48277777777777775,0.0,0,1
2083431,3,2.0011111111111113,0.8799999952316284,1,0
2083437,3,0.47833333333333333,0.9399999976158142,1,0
2083441,2,1.0322222222222222,0.0900000035762786,1,0
2084123,2,0.4888888888888889,0.0,0,1
2084125,2,1.105,1.8400000333786009,0,0
2084129,2,0.49083333333333334,0.0,0,0
2084142,3,0.7313888888888889,1.8999999761581416,1,0
2084161,3,1.2313888888888889,1.8999999761581416,1,0
2084185,3,0.48305555555555557,0.0,1,0
2084191,2,0.7519444444444444,0.0,0,0
2084864,3,1.5016666666666667,0.8500000238418579,0,0
2084874,3,1.0058333333333334,0.9399999976158142,1,0
2084876,2,2.3119444444444444,0.0,1,0
2084889,2,1.7838888888888889,0.0,1,0
2084895,2,1.5255555555555556,0.0,1,1
2084933,3,0.4872222222222222,0.9399999976158142,1,0
2084953,2,2.004722222222222,0.0,1,1
2084954,2,1.5191666666666668,0.0,1,1
2084962,3,1.2675,0.9399999976158142,1,0
2084974,2,0.9955555555555555,0.0,1,1
2084977,2,1.2397222222222222,0.0,1,0
2084979,2,0.7408333333333333,0.0,1,0
2084982,2,1.2875,0.0,1,1
2084990,2,0.9958333333333333,0.0,1,1
2084992,2,0.9961111111111111,0.0,1,1
2084993,2,0.9963888888888889,0.0,1,1
2087275,2,2.013333333333333,0.0,1,1
2087299,3,0.4875,1.8999999761581416,1,0
2087330,2,1.7625,0.0,1,0
2087337,3,0.7369444444444444,0.0,1,0
2087339,2,1.241111111111111,0.0,1,0
2089493,2,1.8591666666666666,0.9300000071525574,1,0
2089503,2,1.0,0.0,1,1
2089514,3,0.4886111111111111,0.9399999976158142,1,0
2089547,2,1.7733333333333334,0.0,1,1
2089574,3,1.2377777777777779,0.0,1,0
2089594,2,0.7438888888888889,0.0,1,0
2091885,2,0.9972222222222222,0.0,1,1
2091901,2,0.9975,0.0,1,0
2094223,2,1.2663888888888888,0.0,1,1
2094276,3,0.49277777777777776,0.9399999976158142,1,0
2094297,2,0.9966666666666667,0.0,1,0
2094322,2,0.9963888888888889,0.0,1,0
2094323,2,0.9966666666666667,0.0,1,1
2094324,2,0.9958333333333333,0.0,1,1
2094325,2,0.9963888888888889,0.0,1,1
2094349,2,3.8294444444444444,0.0,1,0
2094350,2,0.4897222222222222,0.0,1,0
2094374,2,2.2408333333333332,0.0,0,1
2096506,2,0.7486111111111111,1.9099999666213991,0,1
2096507,2,2.638611111111111,0.0,0,0
2096556,3,0.7258333333333333,0.0,1,0
2097199,2,1.9994444444444444,0.0,1,0
2097232,2,0.4913888888888889,0.0,1,0
2097243,3,0.7519444444444444,0.0,1,0
2097962,2,1.7491666666666668,0.0,1,1
2097994,2,1.2513888888888889,0.0,1,0
2098001,2,1.2647222222222223,0.0,1,1
2098002,2,1.5222222222222221,0.0,1,1
2098003,2,1.5163888888888888,0.0,1,1
2098004,2,1.5008333333333332,0.0,1,1
2098005,2,1.2830555555555556,0.0,1,1
2098006,2,1.2794444444444444,0.0,1,1
2098007,2,1.2575,0.0,1,0
2098011,2,1.521388888888889,0.0,1,0
2098012,2,1.503611111111111,0.0,1,1
2098016,2,0.49722222222222223,0.0,1,0
2098017,2,0.49722222222222223,0.0,1,0
2098019,3,1.0083333333333333,3.2799999713897705,1,1
2098021,2,1.0161111111111112,0.0,1,1
2098066,2,2.4980555555555557,0.0,1,1
2098069,2,1.0077777777777779,0.0,1,0
2098089,3,1.4902777777777778,0.0,1,0
2098110,2,1.7502777777777778,0.0,1,0
2098122,2,1.7419444444444445,0.0,1,0
2098124,2,2.0719444444444446,0.0,0,0
2100208,2,0.7463888888888889,0.0,0,1
2100243,3,0.7105555555555556,1.8999999761581416,1,0
2100257,2,3.2913888888888887,0.0,1,1
2102538,2,1.2572222222222222,0.0,1,0
2102595,2,1.8316666666666668,0.0,1,1
2102601,2,0.49527777777777776,0.0,1,0
2102615,2,0.7391666666666666,0.0,1,0
2102655,2,0.9841666666666666,0.0,0,0
2104838,3,0.7161111111111111,0.6800000071525574,0,0
2104839,3,0.4494444444444444,0.6100000143051147,0,0
2104895,2,0.9925,0.0,1,0
2104928,3,0.7375,0.0,1,0
2104964,3,1.476388888888889,0.0,1,0
2104967,3,0.7202777777777778,0.0,0,0
2104973,2,1.4738888888888888,0.0,0,0
2107355,2,1.7633333333333334,0.0,1,0
2107428,2,1.5275,0.0,1,1
2107430,3,0.7286111111111111,0.7400000095367432,1,0
2107444,2,1.5277777777777777,0.0,1,1
2107445,2,1.7844444444444445,0.0,1,1
2107449,2,1.7483333333333333,0.0,1,1
2107450,2,1.5030555555555556,0.0,1,1
2107451,2,1.8,0.0,1,1
2107452,2,1.7633333333333334,0.0,1,1
2107453,2,1.7955555555555556,0.0,1,1
2107454,2,1.783611111111111,0.0,1,1
2107455,2,1.2669444444444444,0.0,1,1
2107456,2,1.761388888888889,0.0,1,1
2107457,2,2.0372222222222223,0.0,1,1
2107458,2,1.7666666666666666,0.0,1,1
2107459,2,1.7477777777777779,0.0,1,1
2107463,2,1.5394444444444444,0.0,1,0
2107495,2,1.4980555555555555,0.0,1,1
2107496,2,1.2477777777777779,0.0,1,1
2107500,2,1.2480555555555555,0.0,1,1
2107518,2,1.4925,0.0,1,0
2107523,3,0.4861111111111111,0.0,1,0
2107525,3,0.42444444444444446,0.0,1,0
2109591,3,1.7144444444444444,0.0,1,0
2109636,2,0.39805555555555555,0.0,0,0
2110514,2,0.4925,0.0,0,0
2111627,2,1.0075,0.0,0,0
2111706,3,0.9438888888888889,0.9399999976158142,1,0
2111707,3,0.4880555555555556,1.8999999761581416,1,0
2111715,2,1.5127777777777778,0.0,1,1
2111735,2,1.4930555555555556,0.0,1,1
2111762,2,1.5155555555555555,0.0,1,0
2111768,2,0.48944444444444446,0.0,1,0
2111786,2,0.9819444444444444,0.0,1,0
2111788,2,1.2319444444444445,0.0,1,0
2114011,3,1.3316666666666668,3.0899999141693115,1,0
2114012,2,0.4688888888888889,0.0,1,0
2114091,3,0.4880555555555556,0.0,1,0
2114097,2,1.7366666666666666,0.0,1,1
2114105,3,2.976111111111111,1.7699999809265137,1,0
2116439,2,1.501111111111111,0.0,1,1
2116450,2,1.78,0.0,1,0
2116470,2,1.5072222222222222,0.0,1,1
2116474,2,1.5091666666666668,0.0,1,0
2116517,2,0.4963888888888889,0.0,1,0
2118888,2,1.2677777777777777,0.0,1,0
2118946,3,0.7119444444444445,0.0,1,0
2118994,2,0.7380555555555556,0.239999994635582,1,0
2118999,2,0.7427777777777778,0.0,1,0
2119007,2,1.5572222222222223,0.0,1,0
2121109,3,0.7452777777777778,0.9399999976158142,1,0
2121139,2,1.2497222222222222,0.0,1,0
2121171,2,2.2916666666666665,0.0,1,1
2121200,3,0.4888888888888889,0.0,1,0
2121213,2,3.238611111111111,0.0,1,0
2123958,3,0.7408333333333333,1.8999999761581416,1,0
2123964,3,1.2366666666666666,1.8999999761581416,1,0
2123972,3,0.7330555555555556,1.8999999761581416,1,0
2123975,3,0.7413888888888889,1.0800000429153442,1,0
2123988,3,0.9972222222222222,0.9399999976158142,1,0
2124004,3,0.7319444444444444,0.0,0,0
2124666,2,0.9963888888888889,0.0,1,1
2124678,3,0.9891666666666666,0.0,0,0
2124680,2,1.2977777777777777,0.0,0,0
2126056,2,5.105,0.0,1,1
2126074,2,1.7622222222222221,0.0,1,1
2126078,3,0.7402777777777778,1.8999999761581416,1,0
2126083,2,1.2580555555555555,0.0,1,0
2126149,2,0.9966666666666667,0.0,1,1
2126153,2,1.8941666666666668,0.0,1,0
2126158,2,1.7236111111111112,0.0399999991059303,1,0
2126176,2,0.4888888888888889,0.0,1,0
2128316,3,0.4872222222222222,0.9399999976158142,1,0
2128325,3,1.2633333333333334,0.0,1,0
2128347,3,1.7669444444444444,1.8999999761581416,1,0
2128402,3,0.4880555555555556,0.0,1,0
2128419,2,0.9966666666666667,0.0,1,1
2128422,2,0.9969444444444444,0.0,1,1
2128440,2,0.46,0.0,0,0
2130571,2,1.513611111111111,0.0,1,1
2130572,3,0.7463888888888889,1.8999999761581416,1,0
2130636,2,1.7625,0.0,1,0
2130644,2,1.5108333333333333,0.0,1,1
2130645,2,1.2605555555555557,0.0,1,0
2130650,3,0.9905555555555555,0.0,1,0
2130661,2,0.9922222222222222,0.0,1,1
2130667,2,0.9972222222222222,0.0,1,1
2130672,3,0.4675,0.0,1,0
2130683,2,1.2419444444444445,0.0,0,1
2130693,2,1.2669444444444444,0.0,0,0
2130694,2,0.7522222222222222,0.0,0,0
2132824,2,1.215,0.0,1,0
2132852,2,0.495,0.0,1,0
2132886,2,1.4927777777777778,0.0,1,0
2132894,2,1.0286111111111111,0.0,1,0
2132895,2,1.0444444444444445,0.0,1,0
2132903,3,0.7358333333333333,0.0,1,0
2132905,2,0.9958333333333333,0.0,1,1
2132906,2,0.9969444444444444,0.0,1,0
2132908,2,0.9963888888888889,0.0,1,0
2132909,2,0.9961111111111111,0.0,1,1
2132910,2,0.9966666666666667,0.0,1,1
2132922,2,0.9955555555555555,0.0,1,1
2132923,2,0.9955555555555555,0.0,1,1
2132924,2,0.9963888888888889,0.0,1,1
2132925,2,0.9952777777777778,0.0,1,0
2132961,2,0.7447222222222222,0.0,1,0
2135278,3,0.47805555555555557,1.8999999761581416,1,0
2135279,3,0.9847222222222223,0.0,1,0
2135328,2,1.7180555555555554,0.2599999904632568,1,0
2137689,2,1.0172222222222222,0.0,1,0
2139930,2,0.7602777777777778,0.0,1,1
2139931,2,0.9975,0.0,1,1
2139932,2,0.9975,0.0,1,1
2139933,2,0.9975,0.0,1,1
2139934,2,0.9975,0.0,1,1
2139935,2,0.9972222222222222,0.0,1,1
2139955,3,1.051111111111111,0.0,1,0
2139974,2,1.7591666666666668,0.0,1,0
2139979,2,1.2472222222222222,0.0,1,1
2140008,3,2.3091666666666666,2.2100000381469727,1,1
2140014,2,1.2477777777777779,0.0,1,1
2140015,2,0.49805555555555553,0.0,1,1
2140029,2,1.4966666666666666,0.0,1,1
2140037,2,0.9961111111111111,0.0,1,1
2140052,2,0.9958333333333333,0.0,1,1
2140056,2,0.9958333333333333,0.0,1,1
2140057,2,1.7394444444444443,0.0,1,0
2140058,2,0.9969444444444444,0.0,1,1
2140081,3,1.2272222222222222,0.7400000095367432,1,0
2140096,2,1.491111111111111,1.0700000524520874,0,0
2142287,2,1.0127777777777778,0.0,0,1
2142288,2,1.0072222222222222,0.0,0,0
2142293,2,2.7941666666666665,0.0,0,1
2142397,2,0.7641666666666667,0.0,1,0
2144793,3,0.4891666666666667,0.0,1,0
2144801,3,0.4897222222222222,0.7300000190734863,1,0
2144808,2,0.735,0.0,1,0
2147079,2,0.7522222222222222,0.0,1,0
2147194,2,0.4888888888888889,0.0,0,0
2147197,2,0.9894444444444445,0.0,0,1
2147199,2,0.7416666666666667,0.0,0,0
2149517,3,1.0038888888888888,0.0,1,0
2149539,2,1.5255555555555556,0.0,1,0
2149540,3,1.5155555555555555,2.150000095367432,1,0
2149552,2,2.5097222222222224,0.0,1,1
2149555,2,2.2444444444444445,0.0,1,0
2149564,2,1.495,0.0,1,1
2151992,2,1.7213888888888889,0.1500000059604644,1,0
2151998,3,0.48444444444444446,1.600000023841858,1,0
2152004,2,2.1691666666666665,0.0,1,0
2152009,3,0.7380555555555556,1.6100000143051147,1,0
2152752,3,1.2794444444444444,0.0,1,0
2152757,2,0.4922222222222222,0.0,1,1
2152762,2,1.2702777777777778,0.2899999916553497,1,0
2152765,2,0.74,0.0,1,1
2152775,2,0.4847222222222222,0.0,0,0
2153484,4,1.5102777777777778,0.7300000190734863,0,0
2153555,2,1.5061111111111112,0.0,1,0
2153565,3,0.47638888888888886,0.0,1,0
2153609,2,0.9886111111111111,0.0,1,0
2153642,2,1.2322222222222223,0.0,0,0
2153643,3,0.9819444444444444,0.0,0,0
2155978,4,1.5138888888888888,0.6200000047683716,0,0
2156001,2,1.7708333333333333,0.0,1,1
2156067,2,1.5716666666666668,0.0,1,1
2156078,3,0.49444444444444446,0.0,1,0
2156102,2,1.7547222222222223,0.0,1,1
2156106,2,1.0013888888888889,0.0,1,1
2158451,2,0.7513888888888889,0.0,0,0
2158453,2,1.2569444444444444,0.0,0,0
2158467,2,1.7772222222222223,0.0,1,1
2158472,3,0.9961111111111111,0.1400000005960464,1,0
2158483,2,1.2725,0.0,1,0
2158570,2,0.4913888888888889,0.0,1,0
2160989,2,1.2683333333333333,0.0,0,0
2163360,2,0.4955555555555556,0.0,1,0
2163368,2,1.241111111111111,0.0,1,0
2163386,2,1.0347222222222223,0.0,1,0
2163430,3,1.565,2.25,0,0
2165826,2,0.7511111111111111,0.0,0,0
2165843,2,0.8336111111111111,0.0,1,0
2165868,2,1.0002777777777778,0.3199999928474426,1,0
2165873,3,0.47055555555555556,1.6100000143051147,1,0
2166701,3,0.7711111111111111,1.7200000286102295,0,0
2166703,2,0.5,0.0,1,0
2166710,3,0.7322222222222222,1.6100000143051147,1,0
2166729,2,0.7730555555555556,0.0,0,0
2167447,2,1.4841666666666666,1.0800000429153442,1,0
2167487,2,0.7544444444444445,0.0,1,0
2167500,2,1.5047222222222223,0.0,1,0
2167503,2,0.4961111111111111,0.0,1,0
2167504,2,1.0002777777777778,1.8400000333786009,1,0
2167523,3,0.7280555555555556,0.0,1,0
2167530,2,0.7388888888888889,0.0,1,0
2169771,2,1.7702777777777778,0.0,0,0
2169782,2,1.2683333333333333,0.0,1,0
2169863,3,3.835277777777778,0.0,1,0
2169869,3,1.7336111111111112,0.0,1,0
2169880,2,0.7447222222222222,0.0,1,0
2169881,2,0.7427777777777778,0.0,1,1
2171964,2,1.7744444444444445,0.0,0,1
2172025,2,0.9944444444444445,0.1500000059604644,1,0
2172042,2,0.4880555555555556,0.0,1,0
2172047,2,0.9944444444444445,0.0,1,0
2172075,2,0.9683333333333334,0.0,1,0
2174217,2,1.011111111111111,0.9399999976158142,1,0
2174234,2,1.0091666666666668,0.0,1,0
2174301,2,1.2408333333333332,0.0,1,1
2174308,2,0.9930555555555556,0.0,1,0
2174313,2,1.9927777777777778,0.0,1,0
2174332,3,0.7325,0.0,0,0
2174333,2,2.821388888888889,0.0,0,0
2174334,3,0.7372222222222222,0.0,0,0
2176575,3,1.0091666666666668,0.6800000071525574,1,0
2176579,3,0.4602777777777778,0.0,1,0
2176594,2,1.5147222222222223,0.0,1,1
2176600,2,1.011388888888889,0.0,1,0
2176640,3,0.7330555555555556,0.0,1,0
2176666,3,0.7391666666666666,0.0,0,0
2178836,3,1.5697222222222222,0.0,1,0
2178837,3,1.2441666666666666,0.0,1,0
2179394,2,0.9922222222222222,0.0,0,0
2180184,3,0.4936111111111111,0.0,1,0
2180190,2,0.9997222222222222,0.0,1,0
2180217,2,1.5155555555555555,0.0,1,1
2180233,3,0.7369444444444444,0.0,1,0
2180258,2,1.2405555555555556,0.0,1,0
2180281,2,1.2391666666666667,0.0,0,0
2182350,3,0.4905555555555556,0.9399999976158142,1,0
2182397,2,1.778888888888889,0.0,1,1
2182399,3,0.4797222222222222,0.9399999976158142,1,0
2182414,2,1.751111111111111,0.0,1,0
2182419,2,1.2377777777777779,0.0,1,0
2182450,2,2.786388888888889,0.0,1,0
2182455,2,1.5072222222222222,0.0,1,0
2182461,2,0.9961111111111111,0.0,1,1
2182469,2,0.9913888888888889,0.0,0,1
2182471,3,0.48305555555555557,0.0,0,0
2184715,3,0.7538888888888889,0.9399999976158142,1,0
2184716,3,0.4725,0.0,1,0
2184718,2,1.7730555555555556,0.0,1,0
2184736,2,1.2669444444444444,0.0,1,0
2184739,2,1.2705555555555557,0.0,1,0
2184794,3,0.7455555555555555,0.9399999976158142,1,0
2184843,2,0.9930555555555556,0.0,0,0
2184848,2,1.4866666666666666,0.0,0,0
2184853,2,0.7552777777777778,0.0,0,1
2187087,2,1.011388888888889,1.0299999713897705,1,0
2187097,2,1.0002777777777778,3.400000095367432,1,0
2187111,2,1.5038888888888888,0.0799999982118606,1,1
2187159,2,0.9944444444444445,0.0,1,1
2187177,2,0.9963888888888889,0.0,1,0
2187192,2,0.9941666666666666,0.0,1,0
2187202,2,3.2894444444444444,0.0,0,0
2189423,3,0.7502777777777778,0.9399999976158142,1,0
2189443,2,0.9944444444444445,0.0,1,0
2189452,3,0.7513888888888889,0.9399999976158142,1,0
2189456,2,2.3113888888888887,0.0,1,1
2191819,2,2.301111111111111,0.0,1,0
2191821,3,1.2669444444444444,0.0,1,0
2191855,3,1.2375,0.0,1,0
2192554,2,0.4791666666666667,0.0,1,0
2192565,2,1.2947222222222223,0.0,0,0
2193246,3,0.4761111111111111,0.0,1,0
2193249,2,1.0061111111111112,0.0,1,0
2193250,2,1.8941666666666668,0.6700000166893005,1,0
2193253,2,1.0372222222222223,0.0,1,0
2193256,2,1.2922222222222222,0.0,1,1
2193286,2,0.49416666666666664,0.0,1,0
2193346,2,1.23,0.0,1,1
2193351,2,0.9969444444444444,0.0,1,1
2193394,2,0.9941666666666666,0.0,1,1
2195511,2,2.283888888888889,0.0,0,0
2195521,2,1.5425,0.0,1,0
2195573,2,0.995,0.0,1,1
2195614,2,0.7516666666666667,3.470000028610228,1,0
2195620,3,1.0144444444444445,0.0,1,0
2195634,2,0.4938888888888889,0.0,1,0
2197747,2,0.9930555555555556,0.0,0,0
2197748,2,0.49583333333333335,0.0,0,0
2197749,2,0.4961111111111111,0.0,0,0
2197753,3,0.4925,0.0,0,0
2198639,2,0.4936111111111111,0.0,0,0
2200758,3,0.4897222222222222,0.7300000190734863,0,0
2200771,3,0.4936111111111111,0.0,1,1
2200773,2,0.4925,0.0,1,1
2200775,3,0.4886111111111111,0.7300000190734863,1,0
2200786,2,0.49472222222222223,0.0,1,0
2200802,3,0.49027777777777776,0.7300000190734863,1,0
2200804,3,0.47888888888888886,0.0,1,1
2200805,2,0.4961111111111111,0.0,1,0
2200859,2,0.4791666666666667,0.0,1,1
2200883,3,0.4658333333333333,0.0,1,0
2203243,2,0.49694444444444447,0.0,0,1
2203337,2,0.6022222222222222,0.0,1,0
2203357,3,0.985,0.0,1,0
2205793,2,0.5,0.0,0,1
2208222,2,0.4747222222222222,0.0,0,0
2208290,2,0.44583333333333336,0.0,1,0
2208332,2,0.9808333333333333,0.0,0,1
2210506,3,0.7294444444444445,2.1099998950958248,1,0
2210523,3,0.4772222222222222,0.7300000190734863,1,0
2210526,3,0.47,2.5299999713897705,0,0
2212001,2,0.485,0.0,0,1
2213855,3,0.74,0.0,0,0
2213856,3,0.425,0.0,0,0
2213942,2,1.2638888888888888,0.0,1,0
2213946,2,0.9880555555555556,0.0,1,1
2213957,2,1.0022222222222221,0.0,1,1
2213972,2,3.262777777777778,0.0,0,1
2216029,3,0.48583333333333334,1.7200000286102295,1,0
2216043,3,0.48527777777777775,1.7200000286102295,1,0
2216062,2,0.7366666666666667,0.0,1,0
2216076,3,1.4913888888888889,0.0,0,0
2218326,3,0.48527777777777775,1.7200000286102295,1,0
2218355,2,0.745,0.0,1,0
2220348,2,1.0133333333333334,0.0,1,0
2220373,2,0.7413888888888889,0.0,1,0
2220393,2,1.0055555555555555,0.0,1,0
2220400,2,0.9775,0.0,0,1
2220403,2,1.061388888888889,0.0,0,0
2222403,2,0.7838888888888889,0.7200000286102295,0,0
2222405,3,3.5319444444444446,0.0,0,0
2222406,2,1.5652777777777778,0.0,0,0
2223007,2,1.0266666666666666,0.0,0,0
2223046,3,1.9808333333333332,0.5400000214576721,1,0
2223686,2,1.0072222222222222,0.0,0,1
2223696,3,0.7338888888888889,0.7300000190734863,0,0
2223703,2,1.2586111111111111,0.0,0,0
2223731,2,1.2675,0.0,1,0
2223760,2,0.49166666666666664,0.0,1,0
2223789,2,0.9527777777777777,0.0,1,0
2223809,2,0.9930555555555556,0.0,0,0
2225740,3,0.48527777777777775,0.1400000005960464,0,0
2225745,2,1.5252777777777777,0.0,1,0
2225761,2,1.246388888888889,0.0,1,1
2225797,2,1.5316666666666667,0.0,1,1
2225808,2,1.8169444444444445,0.0,1,1
2225816,3,0.4777777777777778,0.0,1,0
2227925,2,1.5208333333333333,0.0,0,0
2228021,2,1.0055555555555555,0.0,1,1
2228022,2,1.0058333333333334,0.0,1,1
2228029,2,0.745,0.0,1,0
2228047,2,2.5947222222222224,0.0,1,1
2228052,3,1.32,0.0,1,0
2228065,2,0.9811111111111112,0.0,0,0
2230403,2,1.7694444444444444,0.0,0,0
2230459,3,0.7325,0.1400000005960464,1,0
2230472,2,2.048611111111111,0.0,1,1
2230476,2,3.1016666666666666,0.0,1,1
2232897,2,2.7977777777777777,0.0,0,1
2232923,2,1.5138888888888888,0.0,1,0
2233005,2,0.48944444444444446,0.0,1,0
2233006,2,0.9955555555555555,0.0,1,1
2235209,2,0.48638888888888887,0.1800000071525573,0,0
2235215,3,0.7394444444444445,1.190000057220459,1,1
2235235,2,0.4891666666666667,0.0,0,1
2235242,2,0.48083333333333333,0.0,0,0
2236032,2,0.7911111111111111,0.0,0,0
2236065,3,0.7419444444444444,0.6200000047683716,1,0
2236076,3,0.4777777777777778,0.7300000190734863,1,0
2236739,2,1.7891666666666666,0.0,0,0
2236797,3,0.7427777777777778,0.1400000005960464,1,0
2236826,2,2.5258333333333334,0.2899999916553497,1,0
2236836,2,2.738888888888889,0.0,0,0
2238839,2,0.9958333333333333,0.0,0,0
2238859,3,0.7319444444444444,0.7300000190734863,1,0
2238897,2,0.7902777777777777,0.0,1,1
2241101,3,2.0355555555555553,0.0,0,0
2241126,2,1.2566666666666666,0.0,1,0
2241144,2,1.5072222222222222,0.0,1,1
2241164,3,0.49027777777777776,3.2300000190734863,1,0
2241239,2,1.0286111111111111,0.0,0,1
2243465,2,1.0033333333333334,0.0,1,0
2243480,3,0.6397222222222222,0.7300000190734863,1,0
2243492,2,0.9872222222222222,0.0,1,0
2243498,2,1.2397222222222222,0.0,1,0
2245627,2,1.263611111111111,0.0,1,0
2245721,2,1.058888888888889,0.0,1,0
2247839,3,0.48638888888888887,1.9099999666213991,1,0
2248637,2,2.4902777777777776,0.75,1,1
2248645,3,0.47333333333333333,0.7300000190734863,1,0
2248652,2,1.3075,0.0,1,0
2248661,3,1.0102777777777778,0.7300000190734863,0,0
2248662,3,0.48055555555555557,0.6200000047683716,0,0
2249378,3,0.4686111111111111,0.0,1,0
2251548,3,0.48305555555555557,0.0,0,0
2251550,2,1.19,0.0,0,0
2251572,3,0.5011111111111111,0.0,0,0
2251694,3,0.4658333333333333,0.0,1,1
2251718,3,0.48777777777777775,0.0,0,0
2251726,2,0.7333333333333333,0.0,0,0
2254109,2,0.49027777777777776,0.0,0,1
2254747,2,72.43944444444445,0.5699999928474426,0,0
2254776,2,0.49444444444444446,0.0399999991059303,0,1
2254825,2,0.49472222222222223,0.0,1,0
2257345,2,0.4938888888888889,1.6200000047683716,0,0
2257448,3,0.4925,1.2200000286102295,1,0
2257466,3,0.47888888888888886,0.0,1,0
2261574,2,0.49777777777777776,0.0,0,0
2261575,2,0.49277777777777776,0.0,0,0
2261582,2,0.4911111111111111,0.0,0,0
2261722,2,0.4922222222222222,0.0,0,1
2264271,3,0.48694444444444446,0.0,0,0
2264393,2,0.7413888888888889,0.0,1,0
2264415,3,0.9886111111111111,0.0,0,0
2266994,2,0.9919444444444444,0.0,0,0
2269488,3,0.4888888888888889,2.6700000762939453,0,0
2269507,2,0.49444444444444446,0.0,0,0
2269576,2,0.49472222222222223,2.009999990463257,1,0
2269579,2,0.49333333333333335,0.0,1,0
2269615,2,0.6505555555555556,0.0,0,1
2269623,2,0.7427777777777778,0.0,0,0
2269647,2,0.7158333333333333,0.0,0,0
2272182,2,0.495,0.0,0,0
2272185,2,0.49444444444444446,0.0,0,0
2272186,2,0.49416666666666664,0.0,0,0
2272193,2,0.49722222222222223,0.0,0,0
2272198,3,0.4891666666666667,0.0,0,0
2272247,2,0.4925,0.0,1,0
2272295,2,0.46694444444444444,0.0,1,0
2272307,3,0.7397222222222222,0.0,1,0
2274609,2,0.745,0.0,1,0
2274647,2,0.48583333333333334,0.0,0,0
2275270,3,0.4786111111111111,2.720000028610229,0,0
2275291,3,0.4691666666666667,0.6200000047683716,1,0
2275307,2,0.48777777777777775,0.0,0,0
2276059,2,0.495,0.0,0,0
2276070,2,0.495,0.0,0,1
2276086,2,0.49694444444444447,0.0,1,1
2276147,2,0.4961111111111111,0.0,1,1
2276151,2,0.4872222222222222,0.0,1,1
2278831,2,0.49722222222222223,0.0,0,0
2278982,2,0.9858333333333333,0.5699999928474426,1,0
2281811,2,0.49694444444444447,0.0,0,0
2281840,2,0.49777777777777776,0.0,1,0
2281859,2,0.49333333333333335,0.0,1,0
2281918,3,0.4913888888888889,0.3499999940395355,1,0
2281965,2,0.4936111111111111,0.0,1,0
2284408,2,0.495,0.0,0,1
2284441,2,0.49666666666666665,0.0,1,0
2284445,2,0.49805555555555553,0.0,1,1
2284486,2,0.4888888888888889,0.0,1,0
2284489,2,0.49333333333333335,0.0,1,0
2284500,2,0.49694444444444447,0.0,1,1
2284577,2,0.47055555555555556,0.0,0,1
2287195,3,0.48055555555555557,2.6700000762939453,0,0
2287206,2,0.4963888888888889,0.0,0,1
2287210,2,0.49583333333333335,0.0,0,0
2287238,2,0.49416666666666664,0.0,1,0
2287278,2,0.49694444444444447,0.0,1,0
2287279,3,0.4802777777777778,0.0,1,0
2289555,2,0.7425,0.0,1,0
2289565,3,0.46111111111111114,2.5299999713897705,1,0
2289599,2,0.4922222222222222,0.0,0,0
2290313,2,0.7419444444444444,0.3799999952316284,1,0
2290318,3,0.4761111111111111,0.0,1,0
2291259,2,0.4888888888888889,0.0,0,0
2291298,2,0.49583333333333335,0.0,1,1
2293279,2,0.49722222222222223,0.0,1,0
2293280,2,0.49722222222222223,0.0,1,1
2293282,2,0.49722222222222223,0.0,1,0
2293298,3,0.4861111111111111,0.7300000190734863,1,0
2293326,2,0.4963888888888889,0.0,1,1
2293364,3,0.9883333333333333,0.0,1,0
2293370,2,0.48,0.0,1,0
2295635,2,0.4875,2.009999990463257,0,0
2295655,2,0.49805555555555553,0.0,1,1
2295666,2,0.48944444444444446,0.0,1,0
2295695,2,0.4761111111111111,0.3700000047683716,1,0
2298319,3,0.4905555555555556,0.7300000190734863,0,0
2298358,2,0.49777777777777776,0.0,1,1
2298417,3,0.48444444444444446,0.6200000047683716,1,0
2300875,2,0.4936111111111111,0.0,1,1
2300879,3,0.4736111111111111,0.7200000286102295,1,0
2300884,3,0.4905555555555556,0.0,1,0
2300915,2,0.49527777777777776,0.0,1,1
2300918,2,0.49,2.4100000858306885,1,0
2300962,2,0.4888888888888889,0.0,0,0
2300967,2,0.4841666666666667,0.0,0,0
2303129,2,0.4936111111111111,0.0,1,0
2303155,3,0.4811111111111111,0.0,1,0
2303825,2,0.49166666666666664,0.0799999982118606,0,1
2303832,2,0.7425,0.0,1,0
2303838,3,0.7338888888888889,2.6600000858306885,1,0
2304403,2,0.49527777777777776,0.0,1,0
2304405,3,0.4930555555555556,0.0,1,0
2304415,3,0.48138888888888887,1.850000023841858,1,0
2304424,3,0.48638888888888887,0.1400000005960464,1,0
2304466,2,0.4897222222222222,0.0,0,0
2304470,2,0.9919444444444444,0.0,0,0
2306508,3,0.4888888888888889,0.7300000190734863,0,0
2306521,2,0.49416666666666664,0.0,1,1
2306525,2,0.49583333333333335,0.0,1,0
2308995,3,0.49194444444444446,0.0,0,0
2309006,2,0.49194444444444446,0.0,1,1
2309009,3,0.4913888888888889,0.7300000190734863,1,0
2309029,2,0.48388888888888887,0.75,1,0
2309061,3,0.4888888888888889,0.7300000190734863,1,0
2309064,3,0.4888888888888889,0.7300000190734863,1,0
2309098,2,0.9766666666666667,0.0,0,0
2311528,2,0.49333333333333335,0.0,0,0
2311547,4,0.43722222222222223,0.0,0,0
2311563,3,0.48833333333333334,0.0,1,0
2311566,2,0.49194444444444446,0.0,0,0
2312415,3,0.48138888888888887,0.1400000005960464,0,0
2312428,2,0.4963888888888889,0.0,0,1
2312456,3,0.47805555555555557,3.740000009536743,1,0
2312509,3,0.4888888888888889,1.7200000286102295,0,0
2314508,2,0.495,0.0,0,1
2314518,3,0.48333333333333334,0.0,0,0
2314531,3,0.4880555555555556,0.0,1,0
2314535,2,0.49527777777777776,0.0,1,0
2314548,2,0.4938888888888889,0.0,1,0
2314588,3,0.4936111111111111,0.0,1,0
2316817,2,0.4938888888888889,0.0,0,1
2316828,3,0.46944444444444444,1.7200000286102295,0,0
2316832,2,0.49333333333333335,0.0,0,0
2316920,3,0.4888888888888889,1.7200000286102295,0,0
2319185,2,0.49416666666666664,0.0,1,1
2320009,2,0.45166666666666666,0.6200000047683716,1,0
2320013,2,0.48277777777777775,0.0,0,0
2320966,2,0.9883333333333333,0.0,0,0
2320983,2,0.9972222222222222,0.0,1,1
2321010,3,0.4880555555555556,0.0,1,0
2323442,2,0.4961111111111111,0.0,0,1
2323509,2,0.48305555555555557,0.0,1,1
2323548,2,0.9825,0.0,0,0
2323551,2,0.9855555555555555,0.0,0,0
2325916,3,0.4922222222222222,0.0,1,0
2328296,2,0.47305555555555556,0.3700000047683716,1,0
2328299,3,0.4741666666666667,0.3700000047683716,1,0
2328342,2,0.9913888888888889,0.0,0,0
2328343,2,0.9877777777777778,0.0,0,0
2330603,2,0.44916666666666666,0.1400000005960464,1,0
2330607,2,0.49472222222222223,0.0,1,0
2333512,2,0.4841666666666667,0.0,0,0
2333542,2,0.7427777777777778,0.0,1,0
2334253,3,0.4905555555555556,0.0,1,0
2334259,3,0.48388888888888887,0.1400000005960464,1,0
2334277,3,0.48194444444444445,1.7200000286102295,1,0
2334278,2,0.49166666666666664,0.0,1,0
2336691,2,0.49722222222222223,0.0,0,1
2336696,2,0.49777777777777776,0.0,0,0
2336787,3,0.4938888888888889,0.0,1,0
2336788,2,0.4925,0.0,1,0
2336819,3,0.4791666666666667,0.0,0,0
2336820,2,0.4905555555555556,0.0,0,0
2336826,3,0.47305555555555556,0.0,0,0
2339253,3,0.48305555555555557,0.0,0,0
2339304,2,0.4963888888888889,0.0,1,1
2339378,3,0.4888888888888889,1.7200000286102295,0,0
2342087,2,0.49416666666666664,0.0,0,1
2342089,2,0.49805555555555553,0.0,0,1
2342118,2,0.49666666666666665,0.0,1,1
2342166,3,0.4891666666666667,0.0,1,0
2342196,2,0.4938888888888889,0.0,0,0
2344567,2,0.49333333333333335,2.309999942779541,0,1
2344585,2,0.49527777777777776,2.309999942779541,1,1
2344642,2,0.4936111111111111,0.0,1,0
2344689,3,0.7388888888888889,0.0,0,0
2346869,2,0.4897222222222222,0.5699999928474426,0,0
2346887,2,0.7211111111111111,0.0,1,1
2346897,2,0.4872222222222222,0.0,1,0
2346908,2,0.48777777777777775,0.0,0,0
2347786,2,0.7411111111111112,0.0,1,0
2347789,2,0.7397222222222222,0.0,1,0
2347827,2,0.4936111111111111,0.0,0,0
2348649,2,0.4905555555555556,0.0,0,0
2348651,2,0.49666666666666665,0.0,0,0
2348656,2,0.49277777777777776,0.0,0,0
2348695,2,1.4952777777777777,0.0,1,1
2348703,2,0.75,0.0,1,0
2348718,3,0.9622222222222222,0.7200000286102295,0,0
2350636,2,24.476388888888888,0.5699999928474426,0,0
2350659,3,0.48583333333333334,1.8400000333786009,0,0
2350667,2,0.49583333333333335,0.0,1,0
2350733,3,0.4897222222222222,1.7000000476837158,1,0
2350741,3,0.4925,0.0,1,0
2350743,3,0.4925,0.0,1,0
2350786,3,0.4683333333333333,1.850000023841858,1,0
2353456,2,0.49722222222222223,0.0,0,0
2353473,2,0.49444444444444446,0.0,0,1
2356143,2,0.4955555555555556,0.0,0,0
2356153,2,0.49472222222222223,0.0,0,1
2356183,2,0.49527777777777776,0.0,1,1
2356218,2,0.4961111111111111,0.0,1,0
2356303,2,0.495,0.0,0,0
2356306,2,0.9891666666666666,0.0,0,0
2359218,2,0.49805555555555553,0.0,1,0
2359249,2,0.4777777777777778,0.3499999940395355,1,0
2359268,2,0.4955555555555556,0.0,1,0
2359297,2,0.49805555555555553,0.0,1,1
2359302,2,0.4922222222222222,0.0,1,0
2359319,2,0.9922222222222222,0.0,0,0
2359320,3,0.9808333333333333,0.0,0,0
2361705,3,0.7105555555555556,0.6399999856948853,1,0
2361709,2,0.7419444444444444,0.9200000166893004,1,0
2361711,3,0.7202777777777778,2.0699999332427983,1,0
2362426,2,0.7280555555555556,1.7899999618530271,1,0
2363124,2,0.49722222222222223,0.0,0,1
2363136,2,0.49333333333333335,0.0,0,0
2363151,2,0.49,0.0,1,1
2363159,2,0.49805555555555553,0.0,1,1
2363164,2,0.49777777777777776,0.0,1,1
2363226,2,0.48833333333333334,0.0,0,0
2365823,2,0.4925,0.0,1,0
2365868,2,0.7305555555555555,0.0,1,1
2368427,2,0.4913888888888889,0.0,0,0
2368469,2,0.49333333333333335,0.0,1,1
2370818,2,0.49694444444444447,0.0,1,1
2370828,3,0.4930555555555556,0.9499999880790708,1,0
2370832,2,0.49194444444444446,0.0,1,0
2374373,2,0.46694444444444444,1.870000004768372,1,0
2375082,2,0.4963888888888889,0.0,0,1
2375094,2,0.4938888888888889,0.0,1,0
2375097,2,0.49416666666666664,0.0,1,0
2375102,2,0.5,0.0,1,0
2375163,3,0.4897222222222222,0.550000011920929,1,0
2375169,3,0.49027777777777776,0.0,1,0
2375218,3,0.9716666666666667,0.0,0,0
2377513,2,0.4911111111111111,0.0,1,0
2377527,3,0.4911111111111111,0.0,0,1
2377548,2,0.7288888888888889,0.0,0,0
2379510,2,0.49333333333333335,0.0,1,1
2381585,2,0.49777777777777776,0.0,0,1
2381600,2,0.49805555555555553,0.0,0,1
2381603,3,0.48138888888888887,1.600000023841858,0,0
2381661,3,0.46,2.720000028610229,1,0
2381713,2,0.49166666666666664,0.0,0,0
2383905,3,0.4777777777777778,0.0,1,0
2383909,2,0.7427777777777778,0.0,1,1
2383954,2,0.485,0.0,0,0
2383969,2,0.4880555555555556,0.0,0,0
2386086,2,0.49166666666666664,0.0,0,0
2386101,2,0.7433333333333333,0.0,1,0
2386116,2,0.48277777777777775,0.0,0,0
2387312,2,0.4961111111111111,0.0,0,0
2389494,2,0.49722222222222223,0.0,1,0
2389568,3,0.4886111111111111,0.0,1,1
2389584,3,0.48583333333333334,1.7200000286102295,1,0
2389585,3,0.4891666666666667,1.7200000286102295,1,0
2389587,2,0.48694444444444446,0.0,1,0
2392113,3,0.4880555555555556,0.0,1,0
2392128,3,0.47944444444444445,2.720000028610229,1,0
2392159,2,0.49666666666666665,0.0,1,1
2394469,2,0.4963888888888889,0.0,1,1
2394500,2,0.4161111111111111,0.0,0,0
2396773,2,0.4897222222222222,0.0,0,0
2396777,2,0.49,0.0,1,0
2396781,3,0.4741666666666667,0.0,1,0
2396833,3,0.4897222222222222,1.7200000286102295,1,0
2399756,2,0.7441666666666666,0.0,1,0
2399788,2,0.47305555555555556,0.0,0,0
2399791,2,0.4797222222222222,0.0,0,0
2400250,2,0.4855555555555556,0.0,0,1
2400274,2,0.49527777777777776,0.0,0,1
2400288,2,0.4961111111111111,0.0,1,1
2400348,2,0.9936111111111111,0.0,1,1
2400353,2,0.495,0.0,1,0
2400359,3,0.4875,1.7200000286102295,1,0
2400381,2,0.9897222222222222,0.0,0,0
2400385,3,0.9558333333333333,0.0,0,0
2402577,2,0.49444444444444446,0.0,1,0
2402612,3,0.49277777777777776,0.0,1,0
2402613,3,0.48694444444444446,0.8600000143051147,1,0
2402616,2,0.4875,1.809999942779541,1,0
2402628,3,0.4822222222222222,0.6299999952316284,1,0
2402634,2,0.4963888888888889,0.0,1,1
2402645,3,0.4897222222222222,0.0,1,0
2402662,3,0.4861111111111111,1.7200000286102295,1,0
2402667,2,0.4930555555555556,0.0,1,1
2402674,2,0.49527777777777776,0.0,0,0
2402680,3,0.4922222222222222,0.0,0,1
2405141,2,0.49583333333333335,0.0,0,0
2405142,2,0.495,0.0,0,0
2405240,2,0.49722222222222223,0.0,1,0
2405247,2,0.5702777777777778,0.0,1,1
2405249,2,0.49583333333333335,0.0,1,1
2405252,2,0.4975,0.0,1,1
2405305,3,0.7252777777777778,3.7200000286102295,0,0
2407720,3,0.7352777777777778,1.7200000286102295,1,0
2407767,2,0.4891666666666667,0.0,0,1
2409309,2,0.4975,0.0,0,1
2409393,3,0.49166666666666664,0.0,1,0
2411954,2,0.49277777777777776,0.0,0,1
2411980,3,0.48194444444444445,2.690000057220459,1,0
2412667,2,0.48305555555555557,0.0,1,0
2412677,2,0.4875,0.0,0,0
2413255,3,0.4691666666666667,0.6200000047683716,0,0
2413265,2,0.485,0.0,1,1
2414869,2,0.4880555555555556,0.0,0,0
2416245,2,0.4975,0.0,0,1
2416253,2,0.49472222222222223,0.0,0,1
2416328,3,0.4786111111111111,0.0,1,0
2416362,3,0.49027777777777776,0.0,0,0
2416364,3,0.99,0.0,0,0
2418317,2,0.49805555555555553,0.0,0,1
2418318,2,0.49805555555555553,0.0,0,1
2418320,2,0.4963888888888889,0.0,0,1
2418328,3,0.49333333333333335,0.0,0,1
2418329,3,0.49472222222222223,0.0,0,1
2418352,2,0.49777777777777776,0.0,1,1
2418416,2,0.4955555555555556,0.0,1,0
2418440,2,0.48833333333333334,0.0,1,0
2418475,3,0.48,1.7200000286102295,0,0
2420407,2,0.49444444444444446,0.0,0,0
2420410,2,0.4297222222222222,0.0,1,0
2421022,2,0.48833333333333334,0.0,0,0
2421051,2,0.4786111111111111,0.0,1,0
2421059,2,0.48277777777777775,0.0,0,0
2421067,3,0.4777777777777778,0.0,0,0
2421751,2,0.9961111111111111,0.0,0,1
2423689,2,0.49333333333333335,0.0,0,1
2423692,3,0.47638888888888886,0.0,0,0
2423743,2,0.4888888888888889,0.0,1,1
2423772,2,0.4888888888888889,0.0,1,1
2423806,2,0.49583333333333335,0.0,1,1
2423824,2,0.49194444444444446,0.0,1,1
2423900,2,0.7636111111111111,0.0,1,0
2423910,2,0.4897222222222222,0.0,0,1
2430399,2,0.7430555555555556,0.0,1,0
2430416,3,0.4775,1.600000023841858,1,0
2431112,3,0.4836111111111111,0.0,0,0
2431125,3,0.7361111111111112,1.7699999809265137,1,0
2431925,2,0.49583333333333335,0.0,0,1
2431930,2,0.4961111111111111,0.0,1,1
2431959,2,0.4913888888888889,0.0,1,1
2432128,2,0.9936111111111111,0.0,0,1
2435192,2,0.4961111111111111,0.0,0,0
2435197,2,0.49472222222222223,0.0,0,0
2435287,2,0.4955555555555556,0.0,1,1
2435290,2,0.4875,2.2100000381469727,1,1
2435346,2,0.49666666666666665,0.0,1,1
2435373,2,0.9841666666666666,0.0,1,1
2435377,2,0.4911111111111111,0.0,1,1
2435379,2,0.49694444444444447,0.0,1,1
2435433,2,0.49722222222222223,0.0,0,1
2435476,3,0.9802777777777778,0.0,0,0
2438639,3,0.48138888888888887,1.600000023841858,1,0
2438640,3,0.49194444444444446,0.0,1,0
2438769,3,0.48833333333333334,1.600000023841858,1,0
2438800,2,0.4847222222222222,0.0,1,1
2438801,2,0.4913888888888889,0.0,1,0
2441650,2,0.49805555555555553,0.0,0,1
2441660,2,0.49416666666666664,0.0,0,0
2441699,3,0.48305555555555557,1.7200000286102295,1,0
2441717,2,0.4975,0.0,1,1
2441730,2,0.4975,0.0,1,1
2441734,3,0.4855555555555556,1.649999976158142,1,0
2441738,3,0.49083333333333334,1.559999942779541,1,0
2441746,3,0.48527777777777775,1.2599999904632568,1,0
2441789,2,0.48777777777777775,0.0,0,0
2441805,3,0.7302777777777778,0.0,0,0
2444698,2,0.4897222222222222,0.0,1,0
2444701,2,0.4936111111111111,0.0,1,0
2444727,2,0.49333333333333335,0.0,1,0
2444753,2,0.49722222222222223,0.0,0,1
2447857,3,0.7377777777777778,1.809999942779541,1,0
2448622,2,0.7408333333333333,0.0,1,0
2448630,3,0.48277777777777775,1.2599999904632568,1,0
2448635,3,0.4738888888888889,1.5700000524520874,1,0
2448636,2,0.4888888888888889,0.0,1,1
2448642,3,0.4836111111111111,0.0,0,1
2449581,2,0.9680555555555556,0.0,0,1
2452300,3,0.4905555555555556,2.490000009536743,1,1
2452374,3,0.4866666666666667,0.0,1,0
2455105,2,0.4930555555555556,0.0,0,1
2455168,3,0.4925,0.0,1,0
2455207,2,0.7419444444444444,0.0,1,0
2458074,2,0.49722222222222223,0.0,1,1
2458144,2,1.2397222222222222,0.0,0,0
2461347,3,0.49194444444444446,0.0,1,0
2463832,2,0.7438888888888889,0.0,1,0
2464709,2,0.4752777777777778,0.0,0,1
2464710,2,0.4622222222222222,0.0,0,0
2465556,2,0.4938888888888889,0.0,0,0
2465631,3,0.48638888888888887,1.2599999904632568,1,0
2465651,3,0.4888888888888889,1.820000052452088,1,0
2468251,3,0.4930555555555556,0.0,1,0
2468254,2,0.5,0.0,1,1
2468272,2,0.4955555555555556,0.0,1,1
2468328,3,0.4913888888888889,1.5399999618530271,1,0
2468344,3,0.4775,1.600000023841858,1,0
2468350,3,0.4861111111111111,1.8600000143051147,0,0
2468354,2,0.49083333333333334,0.0,0,0
2468358,3,0.4930555555555556,0.0,0,0
2471300,3,0.48277777777777775,3.3299999237060547,0,0
2471306,3,0.4636111111111111,0.0,0,0
2471313,3,0.9666666666666667,1.8600000143051147,0,0
2473857,2,0.49666666666666665,0.0,1,1
2473866,2,0.49694444444444447,0.0,1,1
2473870,3,0.4675,0.550000011920929,1,0
2473875,3,0.48944444444444446,1.600000023841858,1,0
2473883,3,0.4880555555555556,1.600000023841858,1,0
2473885,3,0.4875,1.6100000143051147,1,0
2475347,2,0.4386111111111111,2.150000095367432,1,1
2475441,2,0.9808333333333333,0.0,0,0
2477013,2,0.49277777777777776,0.0,0,0
2477037,3,0.4486111111111111,0.0,1,0
2477694,2,0.4891666666666667,0.0,0,0
2477701,2,0.7411111111111112,0.8700000047683716,1,0
2477704,2,0.7444444444444445,0.0,1,0
2477706,3,0.7394444444444445,1.5700000524520874,1,0
2478749,2,0.48305555555555557,1.5499999523162842,1,0
2478817,2,0.4905555555555556,0.0,0,0
2478838,3,0.9869444444444444,0.0,0,0
2481447,3,0.49166666666666664,0.0,1,0
2481449,3,0.4880555555555556,0.0,1,0
2481526,2,0.9922222222222222,0.0,0,1
2484163,2,0.4938888888888889,1.559999942779541,0,0
2484171,2,0.49472222222222223,0.0,0,1
2487856,2,1.1427777777777777,0.0,0,0
2487868,3,0.48305555555555557,1.600000023841858,1,0
2487888,3,0.48388888888888887,0.0,1,0
2487891,3,0.4772222222222222,0.0,0,0
2487892,3,0.48277777777777775,0.0,0,0
2488618,2,0.49583333333333335,0.0,1,1
2488621,3,0.4888888888888889,0.0,1,0
2488622,3,0.48277777777777775,1.7999999523162842,1,0
2488647,3,0.4697222222222222,0.0,1,0
2488683,2,0.4925,0.0,0,0
2491376,3,0.4888888888888889,0.0,1,0
2491390,2,0.49527777777777776,0.0,1,1
2491418,2,0.48138888888888887,1.559999942779541,1,0
2491432,3,0.48638888888888887,1.600000023841858,1,0
2491444,3,1.808888888888889,1.600000023841858,1,0
2491456,2,0.7441666666666666,0.0,1,0
2491470,3,0.49527777777777776,0.0,1,0
2494081,2,0.4913888888888889,0.0,0,0
2494218,2,0.49416666666666664,0.0,0,1
2494231,2,0.4891666666666667,0.0,0,1
2497095,3,0.48333333333333334,1.600000023841858,1,0
2497109,3,0.48138888888888887,1.600000023841858,1,0
2497124,2,0.46194444444444444,0.0,1,1
2499945,2,0.4963888888888889,0.0,0,0
2499985,2,0.4888888888888889,2.0,1,0
2499992,2,0.4911111111111111,0.0,1,0
2500001,3,0.48638888888888887,1.809999942779541,1,0
2500038,2,0.4897222222222222,0.0,1,1
2500055,2,0.5,0.0,0,0
2502629,3,0.4577777777777778,0.0,0,0
2503275,3,0.4897222222222222,0.0,0,0
2503991,2,0.48194444444444445,0.0,1,0
2506516,3,0.47694444444444445,1.7999999523162842,0,0
2506536,2,0.49666666666666665,0.0,1,1
2506542,2,0.49666666666666665,0.0,1,0
2506556,3,0.4791666666666667,1.870000004768372,1,0
2506593,3,0.4444444444444444,3.2100000381469727,1,0
2506609,2,0.4897222222222222,0.0,1,0
2509462,2,0.49722222222222223,0.0,0,1
2509464,2,0.4880555555555556,0.0,0,1
2509466,2,0.49444444444444446,0.0,0,1
2509482,3,0.48583333333333334,1.75,0,0
2509557,2,0.48527777777777775,0.0,1,1
2509561,3,0.48638888888888887,0.0,1,0
2509582,3,0.45611111111111113,0.479999989271164,0,0
2509599,2,0.4963888888888889,0.0,1,1
2509624,2,0.49333333333333335,0.0,0,1
2509631,2,0.4905555555555556,0.0,0,0
2513206,2,0.49166666666666664,0.0,0,1
2513212,2,0.49444444444444446,0.0,0,1
2513297,2,0.48777777777777775,1.919999957084656,1,0
2513318,2,0.49333333333333335,0.0,1,0
2513319,2,0.4866666666666667,0.0,1,0
2513347,2,0.99,0.0,0,1
2515895,2,0.7391666666666666,1.940000057220459,0,0
2515900,2,0.7413888888888889,0.0,1,0
2515901,3,0.7433333333333333,0.0,1,0
2515904,2,0.7430555555555556,0.0,1,1
2515907,3,0.7336111111111111,1.7999999523162842,1,0
2515933,2,0.4891666666666667,0.0,0,0
2516664,3,0.7394444444444445,1.8600000143051147,1,0
2516670,3,0.7369444444444444,2.1300001144409184,1,0
2516675,3,0.7422222222222222,1.8899999856948853,1,0
2517269,2,0.4961111111111111,0.0,0,1
2517354,3,0.48277777777777775,1.600000023841858,1,0
2517362,3,0.4866666666666667,1.600000023841858,1,0
2517418,3,0.4886111111111111,0.0,0,0
2517426,2,0.49194444444444446,0.0,0,0
2517431,2,0.9808333333333333,0.0,0,1
2517435,2,0.9875,0.0,0,0
2520177,2,0.49722222222222223,0.0,0,1
2520178,3,0.4791666666666667,1.3899999856948853,0,0
2520180,3,0.4911111111111111,0.0,0,0
2520182,3,0.8519444444444444,1.2999999523162842,0,0
2520229,3,0.48638888888888887,0.6399999856948853,1,0
2520304,3,0.4752777777777778,0.9399999976158142,1,0
2523191,2,0.49805555555555553,0.0,1,1
2523246,3,0.4855555555555556,1.600000023841858,1,0
2523249,3,0.6472222222222223,1.6399999856948853,1,0
2523280,2,0.9855555555555555,0.0,0,0
2526074,2,0.49527777777777776,0.0,1,0
2526154,2,0.47888888888888886,3.109999895095825,1,1
2529176,3,0.4938888888888889,0.0,1,1
2529201,2,0.4905555555555556,0.0,1,1
2529267,2,1.2333333333333334,0.0,0,0
2529272,2,1.4891666666666667,0.0,0,1
2532097,2,0.7355555555555555,1.0499999523162842,1,0
2532098,3,0.7361111111111112,2.150000095367432,1,0
2532108,3,0.7336111111111111,1.850000023841858,1,0
2532124,2,0.49333333333333335,0.0,1,1
2532861,2,0.4938888888888889,0.0,0,1
2532864,2,0.7436111111111111,0.0,1,0
2532870,3,0.7291666666666666,1.830000042915344,1,0
2532879,2,0.49277777777777776,0.0,1,1
2533760,2,0.4975,0.0,1,1
2533787,2,0.4955555555555556,0.0,1,1
2533792,2,0.49472222222222223,0.0,1,1
2536435,3,0.49277777777777776,1.5700000524520874,0,0
2536530,2,0.49527777777777776,0.0,1,1
2536532,2,0.4955555555555556,0.0,1,1
2536540,2,0.49666666666666665,0.0,1,1
2536552,2,0.4911111111111111,0.0,1,0
2536564,2,0.49194444444444446,0.0,1,1
2536569,2,0.4961111111111111,0.0,1,1
2539376,3,0.49444444444444446,1.8899999856948853,1,0
2539398,3,0.49166666666666664,0.0,1,0
2539486,2,0.4888888888888889,0.0,0,1
2542219,2,0.49083333333333334,0.0,1,0
2542258,3,0.9919444444444444,0.0,1,1
2542299,2,0.9863888888888889,0.0,0,0
2545007,3,0.4772222222222222,0.0,0,0
2545008,3,0.4922222222222222,0.0,0,0
2545029,2,0.4938888888888889,0.0,0,1
2545076,2,0.49722222222222223,0.0,1,1
2545089,2,0.49694444444444447,0.0,1,0
2545126,2,0.4961111111111111,0.0,1,1
2545164,3,0.9897222222222222,0.0,0,0
2548055,3,0.49277777777777776,0.0,0,0
2548062,2,0.4911111111111111,0.0,0,0
2548086,2,0.745,0.0,1,0
2548117,2,0.48944444444444446,0.0,0,0
2548917,2,0.4936111111111111,0.0,0,0
2548950,3,0.4775,1.2599999904632568,1,0
2548952,3,0.49083333333333334,0.0,1,0
2549809,2,0.4955555555555556,0.0,0,1
2549843,3,0.4886111111111111,0.0,0,0
2549939,2,0.49166666666666664,0.0,1,0
2549992,2,1.2419444444444445,0.0,0,1
2552808,3,0.4855555555555556,1.600000023841858,1,0
2552811,3,0.4847222222222222,0.0,1,0
2552850,2,0.46805555555555556,1.0499999523162842,1,0
2552873,2,0.48527777777777775,0.0,1,1
2552879,2,0.4913888888888889,0.0,1,0
2552911,3,0.9608333333333333,0.0,0,0
2555651,2,0.49027777777777776,0.0,0,1
2555652,3,0.4802777777777778,0.3400000035762787,0,0
2555736,2,0.7422222222222222,1.6699999570846558,0,0
2558112,2,0.49,0.0,0,0
2558152,2,0.4905555555555556,0.0,0,0
2559601,2,0.49444444444444446,0.0,1,0
2559622,3,0.4822222222222222,1.600000023841858,1,0
2559628,3,0.4880555555555556,1.600000023841858,1,0
2559642,2,0.6333333333333333,0.0,0,0
2559646,2,1.353888888888889,0.0,0,0
2561021,3,0.48444444444444446,1.600000023841858,1,0
2561070,3,0.47805555555555557,1.600000023841858,1,0
2561095,2,0.49444444444444446,0.0,1,1
2561117,2,0.4891666666666667,1.4600000381469729,1,1
2563575,2,0.4938888888888889,0.0,0,0
2563627,3,0.48277777777777775,1.600000023841858,1,0
2563658,2,0.4930555555555556,0.0,1,0
2563674,2,0.49333333333333335,0.0,1,1
2566341,2,0.4930555555555556,2.2699999809265137,0,1
2566386,2,0.4961111111111111,0.0,1,1
2566388,2,0.4975,0.0,1,1
2566404,2,0.4822222222222222,0.0,1,0
2566412,3,0.4913888888888889,0.0,1,0
2566413,3,0.7705555555555555,1.600000023841858,1,0
2566420,3,0.4866666666666667,1.600000023841858,1,0
2566430,2,0.4938888888888889,0.0,1,1
2566445,2,0.49416666666666664,0.0,1,0
2569007,3,0.49083333333333334,0.0,0,0
2569011,2,0.4938888888888889,0.0,0,1
2569094,3,0.4861111111111111,1.600000023841858,1,0
2569113,2,0.7463888888888889,0.0,0,0
2569115,2,0.4666666666666667,0.0,0,1
2571548,3,0.48194444444444445,1.2599999904632568,1,0
2572317,2,0.4822222222222222,0.2300000041723252,0,0
2572338,2,0.48833333333333334,1.4099999666213991,1,0
2572358,2,0.47583333333333333,1.870000004768372,1,0
2572367,2,0.49083333333333334,0.0,1,1
2572388,2,0.4875,0.0,0,1
2572396,2,0.49027777777777776,0.0,0,1
2573134,2,0.49694444444444447,0.0,0,1
2573188,3,0.4905555555555556,3.240000009536743,1,1
2573243,2,0.4847222222222222,0.0,1,0
2573278,3,0.4558333333333333,0.479999989271164,0,0
2575757,2,0.49333333333333335,0.0,0,0
2575773,2,0.49583333333333335,0.0,0,1
2575775,2,0.4875,0.0,1,0
2575830,3,0.4752777777777778,0.0,1,0
2575852,3,0.48833333333333334,1.4199999570846558,1,0
2575853,3,0.48833333333333334,1.4199999570846558,1,0
2575863,3,0.4886111111111111,0.0,1,0
2575873,2,0.49166666666666664,0.0,1,0
2578620,2,0.49277777777777776,0.0,0,1
2578629,2,0.49583333333333335,0.0,1,1
2578705,3,0.735,1.600000023841858,1,0
2578742,2,0.4786111111111111,0.0,1,0
2578761,2,0.4922222222222222,0.0,1,0
2578766,3,0.4766666666666667,1.75,1,0
2581223,2,0.49583333333333335,0.0,0,0
2581230,3,0.4922222222222222,0.0,0,0
2581333,3,0.46416666666666667,0.2899999916553497,1,0
2581348,3,0.4713888888888889,6.869999885559082,0,0
2581350,3,0.4861111111111111,2.9500000476837163,0,0
2583691,2,0.4825,0.0,1,0
2583720,3,0.4861111111111111,1.600000023841858,1,0
2583722,2,0.4897222222222222,0.0,0,0
2586265,2,0.5283333333333333,0.0,1,1
2586277,2,0.5286111111111111,0.0,1,1
2586290,2,0.7419444444444444,0.5,1,0
2586297,2,0.7441666666666666,0.0,1,0
2586307,2,0.4886111111111111,0.0,0,0
2586308,3,0.7352777777777778,1.950000047683716,0,0
2586310,2,0.7380555555555556,0.0,0,0
2586311,2,0.7347222222222223,0.0,0,1
2586313,2,0.48777777777777775,0.0,0,0
2586314,2,0.49277777777777776,0.0,0,0
2587085,2,0.7447222222222222,0.0,1,0
2587088,3,0.7380555555555556,1.7799999713897705,1,0
2587092,3,0.7363888888888889,1.75,1,0
2587112,3,0.48444444444444446,0.0,1,0
2587119,2,0.495,0.0,0,0
2587949,2,0.4911111111111111,0.0,1,0
2587952,2,0.49083333333333334,0.0,1,0
2587957,2,0.49027777777777776,0.0,1,1
2587960,2,0.49166666666666664,0.0,1,0
2588025,3,0.4930555555555556,0.0,1,0
2588026,3,0.4925,0.0,1,1
2590389,3,0.49166666666666664,1.600000023841858,1,0
2590434,2,0.49027777777777776,0.0,1,0
2590465,2,0.7433333333333333,0.0,0,0
2593029,2,0.7461111111111111,0.0,0,1
2595383,3,0.4847222222222222,1.600000023841858,0,0
2595446,3,0.4811111111111111,1.600000023841858,1,0
2595454,2,0.49083333333333334,0.0,1,1
2595457,2,0.49333333333333335,0.0,1,1
2595477,2,0.4961111111111111,0.0,1,1
2597986,2,0.48333333333333334,0.0,0,1
2598057,2,0.4913888888888889,0.0,1,0
2598070,2,0.49583333333333335,0.0,1,1
2600603,3,0.7308333333333333,1.7300000190734863,1,0
2601287,3,0.7438888888888889,0.0,1,0
2601290,3,0.7325,2.5899999141693115,1,0
2601294,2,0.9811111111111112,2.470000028610229,1,0
2601301,2,0.7433333333333333,0.0,1,0
2601931,2,0.4930555555555556,0.0,0,0
2602037,2,0.4538888888888889,1.6599999666213991,1,0
2604769,2,1.2758333333333334,2.2699999809265137,0,1
2604771,3,0.48777777777777775,1.950000047683716,1,0
2604772,3,1.5175,1.870000004768372,0,0
2604781,2,0.49722222222222223,0.0,1,1
2604837,2,0.49777777777777776,0.0,1,0
2604856,3,0.4938888888888889,0.0,1,1
2604895,2,0.49027777777777776,0.0,1,0
2604906,3,0.4861111111111111,0.0,0,0
2607556,2,0.4938888888888889,0.0,0,0
2607591,2,0.4961111111111111,0.0,1,0
2607671,2,0.4897222222222222,1.0499999523162842,1,0
2607682,2,0.4772222222222222,0.0,1,0
2607689,3,0.495,0.0,1,0
2610291,3,0.3655555555555556,0.0,0,0
2613002,2,0.4936111111111111,0.0,0,1
2613014,2,0.4961111111111111,0.0,0,0
2613020,2,0.4961111111111111,0.0,0,0
2613027,3,0.48944444444444446,0.0,0,0
2613030,3,0.48083333333333333,0.0,0,0
2613107,3,0.4875,1.600000023841858,1,0
2613132,3,0.7394444444444445,0.0,1,1
2613171,3,0.43916666666666665,0.0,0,0
2615539,3,0.47944444444444445,1.600000023841858,0,0
2615571,3,0.48194444444444445,0.0,1,0
2616331,3,0.4872222222222222,1.6599999666213991,1,0
2616348,2,0.49444444444444446,0.0,1,0
2616360,2,0.49722222222222223,0.0,1,1
2616378,3,0.47805555555555557,1.600000023841858,1,0
2616390,2,0.4875,0.0,1,1
2616394,3,0.4777777777777778,1.600000023841858,1,0
2618740,2,0.4955555555555556,0.0,0,0
2618745,2,0.4938888888888889,0.0,1,0
2618831,3,0.48388888888888887,1.950000047683716,1,0
2621289,3,0.48527777777777775,1.600000023841858,1,0
2623801,3,0.4841666666666667,1.600000023841858,0,0
2623826,3,0.47805555555555557,2.25,1,0
2623831,2,0.4797222222222222,0.0,1,0
2623848,2,0.47833333333333333,1.559999942779541,1,0
2623872,2,0.4741666666666667,3.509999990463257,1,1
2623920,2,0.49277777777777776,0.0,1,1
2623924,2,0.4897222222222222,0.0,1,0
2623932,2,0.7461111111111111,0.0,0,0
2626297,3,0.47833333333333333,1.600000023841858,1,0
2626298,2,0.47444444444444445,0.0,1,0
2626299,3,0.47694444444444445,1.600000023841858,1,0
2626960,1,0.49083333333333334,0.0,1,0
2626968,2,0.4761111111111111,0.0,1,0
2626974,2,0.49027777777777776,0.0,1,0
2626975,3,0.4741666666666667,1.600000023841858,1,0
2626976,3,0.4822222222222222,1.600000023841858,1,0
2626980,2,0.47944444444444445,0.0,1,0
2626987,2,0.4777777777777778,1.6599999666213991,0,0
2626990,2,0.5088888888888888,1.600000023841858,0,0
2626995,3,0.47805555555555557,1.600000023841858,0,0
2627697,3,0.48777777777777775,1.600000023841858,1,0
2627730,3,0.49083333333333334,1.830000042915344,1,0
2630179,3,0.4738888888888889,1.950000047683716,1,0
2630200,2,0.49472222222222223,0.0,1,0
2630216,3,0.49527777777777776,1.75,1,0
2630230,3,0.49166666666666664,0.0,1,0
2630244,2,0.49416666666666664,0.0,1,1
2630295,3,0.4891666666666667,0.0,0,1
2632793,2,0.4913888888888889,0.0,1,0
2632843,3,0.7402777777777778,0.0,0,0
2632848,3,0.7402777777777778,0.0,0,0
2635220,3,0.48583333333333334,0.0,0,0
2635223,2,0.4936111111111111,0.0,0,0
2635265,2,0.49583333333333335,0.0,1,0
2635308,3,0.4888888888888889,1.6599999666213991,1,0
2635312,2,0.4938888888888889,0.0,1,1
2635315,2,0.49416666666666664,0.0,1,1
2635324,3,0.49083333333333334,1.600000023841858,1,0
2635349,3,0.7383333333333333,0.0,0,0
2637754,3,0.485,0.550000011920929,0,0
2637799,3,0.47583333333333333,1.649999976158142,1,0
2637859,2,0.4936111111111111,0.0,1,0
2637868,3,0.48583333333333334,1.600000023841858,1,0
2637885,3,0.47805555555555557,0.0,0,0
2640310,2,0.485,0.0,1,0
2641132,2,0.7425,0.0,1,0
2641137,2,0.7258333333333333,0.0,1,1
2641141,3,0.7291666666666666,1.6399999856948853,1,0
2641157,2,0.48833333333333334,0.0,1,1
2644288,3,0.4822222222222222,1.600000023841858,0,0
2644350,2,0.495,0.0,1,0
2644362,3,0.4891666666666667,1.600000023841858,1,0
2644373,2,0.49416666666666664,0.0,1,0
2644384,2,0.49333333333333335,0.0,1,1
2646796,3,0.48944444444444446,1.850000023841858,1,0
2649181,4,0.4811111111111111,2.25,1,0
2649218,2,0.49472222222222223,0.0,1,0
2649224,2,0.4961111111111111,0.0,1,1
2649228,3,0.48944444444444446,0.550000011920929,1,0
2649235,3,0.49527777777777776,1.7300000190734863,1,0
2649281,2,0.4822222222222222,0.0,1,0
2651790,2,0.5,0.0,1,0
2651791,3,0.4886111111111111,1.5700000524520874,1,0
2651835,3,0.4886111111111111,1.600000023841858,1,0
2651862,3,0.4880555555555556,1.649999976158142,1,0
2651876,2,0.4922222222222222,0.0,1,0
2654152,3,0.4816666666666667,0.0,0,0
2654156,2,0.7419444444444444,0.0,1,0
2655005,2,0.4938888888888889,0.0,1,0
2655020,2,0.7291666666666666,0.0,1,0
2655026,2,0.7355555555555555,1.4099999666213991,1,0
2655029,2,0.4911111111111111,0.0,1,0
2655033,2,0.485,0.0,1,0
2655034,3,0.4747222222222222,1.600000023841858,1,0
2655041,2,0.48277777777777775,0.0,0,0
2655864,2,0.49527777777777776,0.0,0,0
2655865,2,0.49027777777777776,0.0,0,0
2655866,2,0.49083333333333334,0.0,0,0
2655940,2,0.4888888888888889,0.0,1,0
2658479,3,0.4888888888888889,1.8400000333786009,1,0
2658514,3,0.49333333333333335,0.0,1,0
2660894,2,0.7427777777777778,0.0,0,0
2660903,2,0.4963888888888889,0.0,0,0
2660939,3,0.4872222222222222,1.2599999904632568,1,0
2660981,2,0.4930555555555556,0.0,1,0
2663365,2,0.48638888888888887,0.0,1,0
2663367,3,0.4938888888888889,0.0,1,0
2663377,2,0.4961111111111111,0.0,1,1
2663414,2,0.49416666666666664,0.0,1,1
2663415,2,0.49416666666666664,0.0,1,0
2663423,2,0.49444444444444446,0.0,1,0
2663437,3,0.48944444444444446,1.6599999666213991,1,0
2663438,2,0.4888888888888889,0.0,1,0
2663449,2,0.49083333333333334,1.4600000381469729,1,1
2663470,2,0.7355555555555555,0.0,0,1
2665746,2,0.49527777777777776,0.0,1,0
2665752,3,0.4888888888888889,0.0,1,0
2665758,2,0.4922222222222222,0.0,1,0
2665769,3,0.4791666666666667,1.7799999713897705,1,0
2665803,2,0.4847222222222222,2.25,1,1
2665809,2,0.49444444444444446,0.0,1,1
2665817,2,0.4938888888888889,0.0,1,0
2668067,3,0.4922222222222222,0.0,0,0
2668076,3,0.4822222222222222,1.600000023841858,1,0
2668079,2,0.485,0.0,1,0
2668853,3,0.7358333333333333,0.0,1,0
2668856,2,0.48194444444444445,0.0,1,1
2669565,3,0.4872222222222222,1.600000023841858,1,0
2669571,2,0.49777777777777776,0.0,1,1
2669648,2,0.7363888888888889,0.0,0,0
2672079,2,0.49277777777777776,0.0,0,0
2672083,2,0.49166666666666664,0.0,1,1
2672085,2,0.49666666666666665,0.0,1,0
2672098,3,0.4861111111111111,1.600000023841858,1,0
2672149,3,0.49666666666666665,0.0,1,0
2672156,3,0.4938888888888889,0.0,1,0
2672171,2,0.4816666666666667,0.9499999880790708,1,0
2672203,2,0.7444444444444445,0.0,0,1
2674641,2,0.49277777777777776,0.0,1,1
2674663,3,0.4911111111111111,0.0,1,0
2674690,2,0.495,0.0,1,1
2674725,3,0.49194444444444446,1.950000047683716,1,0
2674730,3,0.4880555555555556,1.600000023841858,1,0
2677279,3,0.48944444444444446,1.600000023841858,1,0
2677329,3,0.4930555555555556,1.7899999618530271,1,0
2677331,2,0.4938888888888889,1.950000047683716,1,1
2677334,2,0.495,0.0,1,1
2677351,2,0.49444444444444446,0.0,1,1
2677421,2,0.7472222222222222,0.0,0,1
2679912,2,0.7427777777777778,0.0,1,1
2679927,3,0.48305555555555557,1.600000023841858,1,0
2679936,3,0.4872222222222222,1.600000023841858,0,0
2680746,3,0.4811111111111111,0.0,0,0
2680768,2,0.7347222222222223,1.0499999523162842,1,0
2681600,2,0.9805555555555555,0.0,1,1
2681620,3,0.4841666666666667,1.600000023841858,1,0
2681626,3,0.48833333333333334,1.600000023841858,1,0
2681634,2,0.745,0.0,1,0
2683671,2,0.4888888888888889,0.0,1,0
2683710,3,0.4708333333333333,0.8100000023841858,1,0
2683712,2,0.4905555555555556,0.0,1,0
2683731,2,0.48527777777777775,0.0,1,1
2683761,2,0.7436111111111111,0.0,0,0
2683767,2,0.7455555555555555,0.0,0,1
2685830,3,0.48833333333333334,0.0,1,0
2685844,2,0.4963888888888889,0.0,1,1
2687248,3,0.4638888888888889,0.0,1,0
2687252,3,0.47694444444444445,1.600000023841858,1,0
2687255,2,0.4938888888888889,0.0,1,1
2687281,2,0.49444444444444446,0.0,1,0
2687346,2,0.7452777777777778,0.0,0,0
2689306,2,0.5,0.0,1,0
2689338,2,0.4855555555555556,0.0,1,1
2689368,2,0.49083333333333334,0.0,1,1
2689401,2,0.4911111111111111,0.0,1,1
2689409,2,0.7477777777777778,0.0,1,1
2689417,3,0.48694444444444446,1.600000023841858,1,0
2691382,2,0.7436111111111111,0.0,1,0
2691385,2,0.7436111111111111,0.0,1,0
2691404,2,0.7438888888888889,0.0,1,1
2692128,3,0.7386111111111111,1.7400000095367432,1,0
2692129,2,0.7383333333333333,0.0,1,1
2692139,2,0.7447222222222222,0.0,1,0
2692162,3,0.47333333333333333,0.0,1,0
2692866,2,0.49277777777777776,0.0,1,0
2692894,3,0.4841666666666667,1.600000023841858,1,0
2692977,2,0.495,0.0,1,0
2693012,2,0.7452777777777778,0.0,0,1
2695177,3,0.48638888888888887,0.0,1,0
2697553,2,0.495,0.0,1,1
2699762,3,0.48777777777777775,0.0,1,0
2699778,2,0.4938888888888889,0.0,1,1
2699785,2,0.4913888888888889,0.0,1,1
2702020,3,0.4847222222222222,1.600000023841858,1,0
2702034,3,0.48833333333333334,1.600000023841858,1,0
2702038,2,0.49444444444444446,0.0,1,1
2702054,2,0.4936111111111111,0.0,1,0
2702058,3,0.48777777777777775,1.600000023841858,1,0
2702067,2,0.49333333333333335,0.0,1,1
2704152,2,0.7447222222222222,0.0,1,1
2704165,3,0.7294444444444445,0.4699999988079071,1,0
2704192,2,0.49416666666666664,0.0,1,0
2704736,2,0.4922222222222222,0.0,0,0
2704866,2,0.48083333333333333,0.0,1,0
2704888,2,0.49805555555555553,0.0,1,1
2704937,3,0.48083333333333333,2.5799999237060547,1,0
2704966,3,0.4891666666666667,1.559999942779541,1,0
2704983,2,0.4875,0.9200000166893004,1,0
2704992,3,0.4888888888888889,1.559999942779541,1,0
2705009,3,0.7377777777777778,1.6399999856948853,0,0
2707137,3,0.4897222222222222,1.600000023841858,1,0
2709250,2,0.7355555555555555,0.0,1,0
2709305,2,0.5,0.0,1,0
2709315,3,0.4663888888888889,1.6299999952316284,1,0
2709333,2,0.4930555555555556,0.0,1,0
2709379,2,0.7441666666666666,0.0,0,1
2709381,3,0.7466666666666667,0.0,0,1
2711537,2,0.49444444444444446,0.0,0,1
2711541,2,0.49277777777777776,0.0,0,1
2711545,2,0.49583333333333335,0.0,1,1
2711552,3,0.4747222222222222,1.559999942779541,1,0
2711553,3,0.4897222222222222,0.0,1,0
2711616,2,0.7377777777777778,0.0,1,1
2711619,3,0.4777777777777778,1.4900000095367432,1,0
2711652,3,0.4886111111111111,1.600000023841858,1,0
2711656,3,0.4905555555555556,1.600000023841858,1,0
2711699,2,0.7461111111111111,0.0,0,1
2714039,3,0.4888888888888889,0.0,1,0
2714041,3,0.4772222222222222,0.550000011920929,1,0
2714042,3,0.4597222222222222,2.470000028610229,1,0
2714054,3,0.48277777777777775,1.6699999570846558,1,0
2714056,2,0.4975,0.0,1,1
2714101,3,0.5858333333333333,1.7799999713897705,1,0
2714106,2,0.49194444444444446,0.0,1,0
2716416,2,0.48833333333333334,0.2300000041723252,0,0
2716431,2,0.7341666666666666,0.0,1,1
2717241,3,0.47305555555555556,1.8400000333786009,1,0
2717937,2,0.48083333333333333,0.0,1,0
2717954,3,0.4841666666666667,1.8899999856948853,1,0
2717964,2,0.4855555555555556,0.0,1,0
2717968,2,0.4975,0.0,1,0
2717982,3,0.4822222222222222,1.809999942779541,1,0
2717988,2,0.4866666666666667,0.0,1,0
2718019,3,0.4861111111111111,0.0,1,0
2720228,2,0.4963888888888889,0.0,1,0
2720237,2,0.4925,0.0,1,1
2720257,2,0.49722222222222223,0.0,1,1
2720261,2,0.49666666666666665,0.0,1,0
2722630,2,0.49416666666666664,0.0,0,0
2722654,2,0.48777777777777775,0.0,1,0
2722664,2,0.4886111111111111,0.0,1,0
2722667,2,0.4938888888888889,0.0,1,0
2722741,3,0.49472222222222223,1.75,1,0
2722757,3,0.5097222222222222,0.0,1,0
2724971,2,0.49805555555555553,0.0,1,1
2724975,3,0.4913888888888889,0.0,1,0
2725065,2,0.745,0.0,0,1
2725071,2,0.7025,0.0,0,0
2725072,2,0.6975,0.0,0,1
2725076,3,0.7386111111111111,1.600000023841858,0,0
2725077,2,0.7469444444444444,0.0,0,1
2727260,2,0.4963888888888889,0.0,1,1
2727261,2,0.4936111111111111,1.559999942779541,1,0
2727262,2,0.49722222222222223,0.0,1,0
2727267,2,0.49583333333333335,0.0,1,0
2727310,3,0.48638888888888887,1.600000023841858,1,0
2729495,2,0.49277777777777776,0.0,0,0
2729526,3,0.4866666666666667,0.0,1,0
2729534,3,0.48638888888888887,0.0,0,1
2730229,2,0.49416666666666664,0.0,1,0
2730241,3,0.4738888888888889,1.600000023841858,1,0
2730256,2,0.4822222222222222,0.0,1,1
2730972,3,0.4861111111111111,1.7699999809265137,1,0
2731013,3,0.4791666666666667,3.119999885559082,1,0
2733250,2,0.49416666666666664,0.0,0,1
2733310,2,0.48,0.0,1,0
2735735,2,0.9894444444444445,0.479999989271164,1,0
2735744,3,0.9883333333333333,1.600000023841858,1,0
2737990,3,0.7452777777777778,0.0,1,0
2737992,2,0.7422222222222222,0.0,1,0
2737999,3,0.7419444444444444,1.820000052452088,1,0
2738006,2,0.7408333333333333,0.0,1,1
2738008,3,0.7413888888888889,0.4699999988079071,1,0
2739811,2,0.4930555555555556,2.0,1,0
2739835,3,0.4930555555555556,1.8400000333786009,1,0
2739846,2,0.49472222222222223,0.0,1,1
2739847,2,0.48777777777777775,0.0,1,0
2739854,3,0.7369444444444444,0.0,1,0
2739859,3,0.4886111111111111,1.6399999856948853,1,0
2739892,2,0.47944444444444445,0.0,1,0
2739898,2,0.4452777777777778,0.0,1,0
2739902,2,0.4897222222222222,0.0,1,0
2742107,2,0.49583333333333335,0.0,1,0
2742110,2,0.49416666666666664,0.0,1,1
2742163,3,0.4938888888888889,1.7699999809265137,1,0
2742164,2,0.49416666666666664,0.0,1,0
2742203,3,0.4613888888888889,0.0,1,0
2742216,2,0.4866666666666667,0.0,0,1
2744435,2,0.49833333333333335,0.0,1,1
2744483,2,0.4955555555555556,0.0,1,1
2744485,2,0.4913888888888889,0.0,1,1
2744491,3,0.49694444444444447,1.7000000476837158,1,0
2744493,2,0.4963888888888889,0.0,1,1
2747021,3,0.48333333333333334,1.950000047683716,1,0
2749499,3,0.48694444444444446,1.600000023841858,1,0
2751712,3,0.4847222222222222,0.0,1,0
2751724,2,0.4922222222222222,0.0,1,0
2751726,2,0.49666666666666665,0.0,0,1
2752467,2,0.4938888888888889,0.0,1,1
2752472,2,0.7444444444444445,0.0,1,0
2753284,3,0.49194444444444446,0.0,1,0
2753285,3,0.47055555555555556,0.0,1,0
2753292,3,0.49166666666666664,0.0,1,0
2753305,3,0.49027777777777776,0.0,1,0
2753336,3,0.4891666666666667,0.0,1,0
2753337,3,0.4897222222222222,0.0,1,0
2753344,2,0.4936111111111111,0.2800000011920929,1,1
2753416,2,0.4911111111111111,0.0,1,0
2755767,2,0.4963888888888889,0.0,1,0
2755879,2,0.49027777777777776,0.0,1,0
2758116,3,0.4930555555555556,1.8600000143051147,1,0
2758128,2,0.48277777777777775,1.8600000143051147,1,0
2758129,2,0.7394444444444445,0.0,1,0
2758137,3,0.485,1.5800000429153442,1,0
2758155,3,0.4797222222222222,0.9499999880790708,1,0
2758172,2,0.49083333333333334,0.0,1,0
2758176,3,0.49027777777777776,1.600000023841858,1,0
2760508,2,0.49416666666666664,0.0,1,0
2760562,2,0.49416666666666664,0.0,1,1
2760573,3,0.4891666666666667,1.600000023841858,1,0
2762938,2,0.4913888888888889,0.0,1,0
2762939,2,0.4847222222222222,0.0,1,0
2762950,2,0.4961111111111111,0.0,1,1
2762979,2,0.4955555555555556,0.0,1,0
2762993,2,0.48055555555555557,0.0,1,0
2763061,3,0.48444444444444446,1.600000023841858,1,0
2765151,2,0.7433333333333333,0.0,1,0
2765184,3,0.48055555555555557,0.0,1,0
2765199,2,0.74,0.0,1,0
2766150,2,0.745,0.0,1,1
2766160,3,0.4716666666666667,1.600000023841858,1,0
2766164,2,1.0,0.0,1,0
2766174,3,0.47638888888888886,1.600000023841858,0,0
2767059,3,0.4955555555555556,1.5099999904632568,1,0
2767131,2,0.4766666666666667,0.0,1,0
2767136,2,0.48638888888888887,0.0,1,0
2767163,2,0.745,0.0,0,0
2769326,2,0.49666666666666665,0.0,1,1
2769344,3,0.4905555555555556,0.0,1,0
2769426,3,0.4913888888888889,1.950000047683716,1,0
2769433,3,0.4930555555555556,0.0,1,0
2769446,2,0.49472222222222223,0.0,1,1
2769448,2,0.49416666666666664,0.0,1,1
2771695,3,0.48444444444444446,0.0,1,0
2771700,2,0.4930555555555556,0.0,1,0
2771706,2,0.49777777777777776,0.0,1,0
2771730,2,0.4975,0.0,1,1
2771733,3,0.4891666666666667,0.0,1,0
2771736,3,0.4777777777777778,0.550000011920929,1,0
2771797,3,0.48694444444444446,1.600000023841858,1,0
2771825,2,0.745,0.0,0,0
2771827,2,0.7466666666666667,0.0,0,1
2773915,2,0.4938888888888889,0.0,0,0
2773916,2,0.4905555555555556,2.2699999809265137,0,1
2773935,2,0.5,0.0,1,1
2773940,2,0.4880555555555556,0.0,1,0
2773949,2,0.49444444444444446,0.0,1,1
2773974,3,0.4888888888888889,0.0,1,0
2773986,3,0.4888888888888889,0.0,1,0
2774015,3,0.49,1.600000023841858,1,0
2774067,3,0.48638888888888887,1.600000023841858,1,0
2774075,2,0.7438888888888889,0.0,0,0
2776192,2,0.49777777777777776,0.0,0,1
2776201,3,0.47944444444444445,2.049999952316284,1,0
2776280,2,0.49166666666666664,0.0,1,0
2776304,2,0.5,0.0,1,1
2778398,3,0.4861111111111111,0.0,0,0
2778403,2,0.7444444444444445,0.0,1,0
2779195,3,0.475,1.2599999904632568,1,0
2779207,2,0.7455555555555555,0.0,1,0
2779213,2,0.7330555555555556,2.759999990463257,1,1
2779218,2,0.48055555555555557,0.0,1,1
2779221,2,0.48833333333333334,0.0,1,0
2779228,3,0.48388888888888887,1.600000023841858,1,0
2779240,3,0.4797222222222222,1.5900000333786009,1,0
2780049,3,0.49166666666666664,0.0,1,0
2780087,2,0.49777777777777776,0.0,1,0
2780141,2,0.48527777777777775,0.0,1,0
2780162,2,0.49333333333333335,0.0,1,1
2780197,2,0.475,0.0,1,0
2782496,3,0.49277777777777776,0.0,1,0
2782545,3,0.48638888888888887,1.600000023841858,1,0
2784891,3,0.4880555555555556,1.950000047683716,1,0
2784940,3,0.4777777777777778,0.0,1,0
2784985,2,0.4955555555555556,0.0,1,0
2787246,2,0.49333333333333335,0.0,0,0
2787255,2,0.49722222222222223,0.0,1,1
2787319,2,0.49722222222222223,0.0,1,1
2787352,3,0.49444444444444446,1.600000023841858,1,0
2787413,3,0.4872222222222222,1.600000023841858,1,0
2787438,2,0.9955555555555555,0.0,0,0
2787442,2,0.7177777777777777,0.0,0,1
2789568,2,0.4955555555555556,0.0,1,1
2789593,3,0.4836111111111111,1.9299999475479128,1,0
2789615,3,0.48638888888888887,0.0,1,0
2789639,2,0.7261111111111112,0.0,1,0
2789648,2,0.4911111111111111,0.0,1,1
2789680,2,0.4913888888888889,0.0,1,0
2789686,3,0.4886111111111111,1.600000023841858,1,0
2789689,2,1.2413888888888889,0.0,1,0
2789714,3,0.48777777777777775,1.600000023841858,1,0
2791926,2,0.7525,0.0,1,1
2791948,2,0.7438888888888889,0.0,1,1
2791957,2,0.4938888888888889,0.0,1,1
2792008,3,0.49,0.0,1,1
2792019,3,0.4880555555555556,0.0,1,0
2794414,3,0.4905555555555556,0.0,1,1
2794417,2,0.7511111111111111,0.1599999964237213,1,0
2794423,3,0.49027777777777776,0.0,1,1
2794477,2,0.4963888888888889,0.0,1,1
2794511,2,0.5,0.0,1,0
2797144,3,0.49694444444444447,0.0,1,0
2797147,2,0.4841666666666667,0.7599999904632568,1,1
2797152,2,0.5,0.0,1,1
2797180,2,0.9916666666666667,0.0,1,0
2797182,2,0.9913888888888889,0.0,1,0
2797183,3,0.9897222222222222,0.0,1,0
2797225,3,0.9794444444444445,0.0,1,0
2797232,2,0.9855555555555555,0.0,1,1
2799906,2,0.7483333333333333,0.0,1,0
2799910,2,0.7436111111111111,0.0,1,1
2799913,2,0.7427777777777778,0.0,1,1
2800015,3,0.49277777777777776,0.0,0,0
2802617,2,0.48944444444444446,0.0,1,0
2802619,2,0.49666666666666665,0.0,1,0
2802658,2,0.9822222222222222,0.0,1,0
2802665,2,0.9886111111111111,0.0,1,0
2802670,2,0.9863888888888889,0.0,1,0
2805889,2,0.7444444444444445,0.0,1,0
2806573,2,0.49833333333333335,0.0,1,1
2806574,2,0.4963888888888889,0.0,1,1
2806596,3,0.49444444444444446,1.820000052452088,1,0
2806619,2,0.9852777777777778,0.0,1,0
2806624,2,0.7402777777777778,0.0,1,0
2806630,2,0.9905555555555555,0.0,1,1
2806635,2,0.7411111111111112,0.0,1,0
2806646,2,0.4913888888888889,0.0,1,0
2806648,2,0.9905555555555555,0.0,1,0
2806664,2,0.9902777777777778,0.0,1,0
2808997,2,0.49166666666666664,0.0,1,0
2809017,2,0.49722222222222223,0.0,1,1
2809072,2,0.49194444444444446,0.0,1,0
2809092,3,0.49277777777777776,1.850000023841858,1,0
2809133,2,0.7422222222222222,0.0,1,0
2809135,3,0.7402777777777778,0.0,1,0
2809136,2,0.7380555555555556,0.0,1,0
2809151,3,0.49027777777777776,0.0,0,0
2811729,2,0.4963888888888889,0.0,1,1
2811741,2,0.5,0.0,1,1
2811745,2,0.7391666666666666,0.0,1,0
2814220,2,0.49472222222222223,0.0,1,0
2814234,3,0.49583333333333335,3.0899999141693115,1,0
2814288,2,0.75,0.0,1,0
2814311,2,0.9863888888888889,0.0,1,0
2814312,2,0.9894444444444445,0.0,1,0
2814329,2,0.9897222222222222,0.0,1,0
2816928,3,0.4872222222222222,0.0,1,0
2816932,2,0.49805555555555553,0.0,1,1
2816935,2,0.4986111111111111,0.0,1,1
2819627,2,0.7419444444444444,0.0,1,0
2821330,2,0.495,0.0,1,0
2821347,2,0.4961111111111111,0.0,1,0
2821357,3,0.49277777777777776,0.0,1,0
2821411,2,0.4930555555555556,0.0,1,0
2823940,3,0.49166666666666664,1.950000047683716,1,0
2823978,2,0.4963888888888889,0.0,1,1
2823987,3,0.4925,1.6699999570846558,1,0
2823997,2,0.49527777777777776,1.4600000381469729,1,1
2824012,2,0.48277777777777775,0.0,1,1
2826710,3,0.47944444444444445,1.559999942779541,1,0
2829331,2,0.4975,0.0,1,1
2829358,3,0.4905555555555556,0.0,1,0
2829402,2,0.4963888888888889,0.0,1,1
2829479,2,0.4716666666666667,0.0,1,0
2829519,2,0.7372222222222222,0.0,0,1
2832039,2,0.49444444444444446,0.0,1,1
2832087,2,0.4905555555555556,0.0,1,0
2832113,3,0.4880555555555556,0.0,1,0
2834484,3,0.7441666666666666,0.0,1,1
2834496,3,0.7444444444444445,0.0,1,0
2834512,3,0.7433333333333333,0.0,1,0
2836316,3,0.4913888888888889,1.7999999523162842,1,0
2838804,3,0.4822222222222222,0.0,1,0
2838805,3,0.49027777777777776,0.0,1,0
2838807,2,0.49027777777777776,0.0,1,1
2838808,3,0.48944444444444446,0.0,1,0
2838810,3,0.48777777777777775,0.0,1,0
2838825,2,0.495,0.0,1,1
2838833,2,0.49583333333333335,0.0,1,1
2838839,2,0.495,0.0,1,1
2838874,2,0.49722222222222223,0.0,1,1
2838892,2,0.49277777777777776,0.0,1,1
2838904,3,0.4816666666666667,0.0,1,0
2841289,2,0.49805555555555553,0.0,1,1
2841325,2,0.49472222222222223,0.0,1,1
2841350,2,0.49444444444444446,0.0,1,0
2841405,2,0.48527777777777775,0.0,1,0
2841411,2,0.4791666666666667,0.0,1,1
2844032,3,0.48388888888888887,0.0,1,0
2844036,2,0.4936111111111111,0.0,1,0
2844045,2,0.7408333333333333,0.0,1,1
2846571,2,0.49805555555555553,0.0,1,1
2846575,2,0.49777777777777776,0.0,1,1
2846582,2,0.4938888888888889,0.0,1,1
2846599,2,0.49833333333333335,0.0,1,1
2846606,2,0.49722222222222223,0.0,1,1
2846615,3,0.4963888888888889,1.7599999904632568,1,0
2846650,2,0.49027777777777776,2.0,1,0
2846655,3,0.48694444444444446,0.550000011920929,1,0
2846704,2,0.7327777777777778,0.0,1,1
2846711,3,0.7388888888888889,0.0,1,0
2849847,2,0.7422222222222222,0.0,1,1
2849893,2,0.48638888888888887,0.0,0,1
2850540,3,0.48944444444444446,0.0,1,0
2850569,3,0.49194444444444446,1.7999999523162842,1,0
2850582,3,0.9905555555555555,1.7599999904632568,1,0
2852254,2,0.4975,0.0,1,1
2852255,2,0.49805555555555553,0.0,1,1
2852260,2,0.49416666666666664,0.0,1,1
2852275,2,0.4955555555555556,0.0,1,0
2852306,2,0.48583333333333334,0.0,1,0
2852319,2,0.4688888888888889,0.9100000262260436,1,0
2852321,2,0.4855555555555556,1.559999942779541,1,0
2852323,3,0.4866666666666667,0.0,1,0
2852327,2,0.4886111111111111,0.0,1,1
2852332,2,0.485,0.0,1,0
2852347,3,0.4855555555555556,0.0,1,0
2852355,2,0.4913888888888889,0.0,1,0
2854849,2,0.4880555555555556,0.0,1,1
2854868,2,0.4747222222222222,0.0,1,0
2854875,2,0.4722222222222222,0.0,1,0
2854877,2,0.49027777777777776,0.0,1,0
2854898,2,0.4888888888888889,0.0,1,0
2857276,2,0.4936111111111111,0.0,1,0
2857880,2,0.49277777777777776,0.0,0,0
2857886,3,0.7258333333333333,1.6399999856948853,1,0
2857887,3,0.4825,1.600000023841858,1,0
2857888,3,0.4825,1.600000023841858,1,0
2858599,2,0.49194444444444446,0.0,1,0
2858601,2,0.49444444444444446,0.0,1,1
2858610,2,0.49666666666666665,0.0,1,0
2858713,2,0.4897222222222222,0.0,1,0
2858729,2,0.48638888888888887,0.0,0,0
2861061,2,0.49805555555555553,0.0,1,1
2863727,3,0.47194444444444444,0.0,1,0
2863747,2,0.7472222222222222,0.0,0,0
2866258,2,0.4986111111111111,0.0,0,1
2866266,2,0.4911111111111111,2.0,1,0
2866274,2,0.4911111111111111,0.0,1,1
2866359,2,0.7338888888888889,0.0,0,0
2868702,2,0.4930555555555556,0.0,1,0
2868707,2,0.495,0.0,1,0
2868729,2,0.4961111111111111,0.0,1,1
2868750,3,0.48055555555555557,1.6399999856948853,1,0
2870961,2,0.7394444444444445,0.0,1,0
2870968,3,0.7347222222222223,1.600000023841858,1,0
2870979,3,0.46194444444444444,0.0,1,0
2871860,3,0.4647222222222222,0.0,0,0
2872557,3,0.4880555555555556,0.0,1,0
2872562,3,0.4880555555555556,0.0,1,0
2872577,2,0.49666666666666665,0.0,1,0
2872593,2,0.49444444444444446,0.0,1,1
2872604,2,0.49527777777777776,0.0,1,1
2872617,2,0.49,0.0,1,0
2875211,2,0.7452777777777778,0.0,0,0
2875220,2,0.7466666666666667,0.0,0,1
2877677,2,0.495,0.0,0,1
2877678,3,0.47055555555555556,0.550000011920929,0,0
2877705,3,0.4911111111111111,0.0,1,0
2877718,2,0.49583333333333335,0.0,1,1
2877733,2,0.49083333333333334,0.0,1,0
2877739,2,0.49416666666666664,0.0,1,1
2877783,2,0.49527777777777776,0.0,1,1
2877815,3,0.4191666666666667,0.0,0,0
2880308,2,0.4936111111111111,0.0,1,0
2880324,3,0.4897222222222222,0.0,1,0
2880386,3,0.48833333333333334,0.0,1,0
2880404,2,0.49583333333333335,0.0,1,1
2880414,2,0.7458333333333333,0.0,0,1
2882914,2,0.4886111111111111,0.0,0,0
2882954,2,0.4961111111111111,0.0,1,0
2882997,2,0.49416666666666664,0.0,1,1
2882999,3,0.49333333333333335,0.0,1,0
2885430,3,0.7369444444444444,1.600000023841858,1,0
2885434,2,0.7411111111111112,0.0,1,0
2886140,3,0.47944444444444445,0.0,1,0
2886888,2,0.49527777777777776,0.0,0,1
2886891,3,0.4930555555555556,1.4800000190734863,1,0
2886995,3,0.49694444444444447,1.9299999475479128,1,0
2889675,2,0.49694444444444447,0.0,1,1
2889686,3,0.49694444444444447,1.7599999904632568,1,0
2889687,2,0.49472222222222223,0.0,1,1
2889713,2,0.4697222222222222,0.0,1,0
2892238,2,0.49472222222222223,0.0,1,1
2892290,2,0.48305555555555557,0.0,1,0
2892332,3,1.2166666666666666,0.0,1,0
2894883,3,0.49583333333333335,1.830000042915344,1,0
2894889,3,0.4930555555555556,0.0,1,0
2894890,3,0.47,0.0,1,0
2894894,2,0.4775,0.0,1,0
2894960,2,0.7461111111111111,0.0,0,1
2897549,2,0.49722222222222223,0.0,1,1
2897604,2,0.495,0.0,1,1
2897614,3,1.9691666666666667,1.2599999904632568,1,0
2897631,3,1.9908333333333332,0.0,1,1
2900215,2,0.49194444444444446,0.0,0,0
2900216,2,0.48388888888888887,0.0,0,0
2900279,2,0.48638888888888887,0.0,0,0
2900972,2,0.7425,0.0,1,1
2900975,3,0.7302777777777778,1.0399999618530271,1,0
2900989,2,0.49277777777777776,0.0,1,0
2900990,3,0.49194444444444446,0.0,1,0
2901003,2,0.49416666666666664,0.0,0,0
2901806,3,0.49333333333333335,1.820000052452088,1,0
2904708,3,0.7044444444444444,1.600000023841858,1,0
2904716,2,1.2377777777777779,0.0,1,0
2904720,3,0.9905555555555555,0.0,1,1
2904745,3,0.9911111111111112,0.0,1,0
2907455,2,0.985,0.0,1,0
2910102,2,0.4930555555555556,0.0,0,0
2910120,3,0.485,0.0,1,0
2910203,2,0.4938888888888889,0.0,1,0
2910233,2,0.9694444444444444,0.0,1,1
2912806,2,0.4922222222222222,0.0,0,0
2912807,3,0.49,0.0,1,0
2912839,2,0.4961111111111111,0.0,1,0
2912909,3,0.4936111111111111,0.0,1,0
2912924,2,0.4888888888888889,0.0,1,0
2912933,2,0.4658333333333333,0.0,1,0
2912936,2,0.4775,0.0,1,0
2915395,3,0.4738888888888889,1.2599999904632568,1,0
2915411,3,0.7427777777777778,0.0,1,1
2916202,2,0.7436111111111111,0.0,1,0
2916951,3,0.4880555555555556,0.0,1,0
2917049,2,0.7363888888888889,0.0,1,0
2917068,2,0.7444444444444445,0.550000011920929,0,1
2919518,2,0.7347222222222223,0.0,1,0
2922209,2,0.49777777777777776,0.0,0,1
2922235,3,0.48527777777777775,0.0,0,0
2922255,2,0.49805555555555553,0.0,1,0
2922270,3,0.4925,0.0,1,0
2924466,3,0.7358333333333333,1.2599999904632568,1,0
2924474,2,0.7327777777777778,0.699999988079071,0,0
2925224,2,0.48527777777777775,0.0,0,0
2925243,3,0.48638888888888887,0.0,1,0
2925935,3,0.49166666666666664,0.0,1,0
2925949,2,0.4761111111111111,1.25,1,1
2925991,3,0.48138888888888887,0.0,1,0
2926011,2,0.495,0.0,1,1
2926012,3,0.4936111111111111,1.4500000476837158,1,1
2926020,2,0.49583333333333335,1.9800000190734863,1,0
2926027,3,1.2441666666666666,0.0,1,1
2926039,3,0.9933333333333333,0.0,1,0
2928545,3,0.49666666666666665,0.0,1,0
2928556,3,0.4936111111111111,1.6699999570846558,1,0
2928575,2,0.48777777777777775,0.0,1,0
2928586,2,0.7333333333333333,1.350000023841858,1,0
2928589,3,0.7252777777777778,0.0,1,0
2928597,2,0.7427777777777778,0.0,0,0
2928601,3,0.7336111111111111,0.0,0,0
2932985,3,0.9786111111111111,0.0,0,0
2932986,3,0.9933333333333333,0.0,0,0
2934199,2,0.75,0.0,1,0
2936627,3,0.48277777777777775,0.0,1,1
2936634,3,0.48388888888888887,0.0,0,0
2936635,3,0.48777777777777775,0.0,0,0
2937416,3,0.49666666666666665,0.0,0,0
2937418,2,0.49583333333333335,0.0,0,0
2938225,2,0.495,0.0,0,0
2938233,2,0.49722222222222223,0.0,0,1
2938257,2,0.495,0.0,1,1
2938277,3,0.49583333333333335,0.0,1,0
2941000,2,0.7316666666666667,0.0,1,0
2943672,3,0.48777777777777775,0.0,0,0
2943673,3,0.4886111111111111,0.0,0,0
2943745,2,0.49666666666666665,0.0,1,1
2943815,3,0.7336111111111111,0.0,1,0
2943828,2,0.7444444444444445,0.0,1,1
2946317,2,0.49583333333333335,0.0,0,1
2946391,2,0.4875,0.0,1,1
2946393,2,0.4963888888888889,0.0,1,0
2946410,3,0.7227777777777777,0.0,1,0
2946452,2,0.7386111111111111,0.0,0,0
2946454,2,0.7463888888888889,0.0,0,0
2949119,3,0.7222222222222222,1.600000023841858,0,0
2949123,3,0.475,1.600000023841858,0,0
2949129,2,0.7313888888888889,0.0,0,0
2949197,2,0.4930555555555556,0.0,1,1
2949254,2,0.9894444444444445,0.0,1,0
2949256,2,0.7338888888888889,0.0,1,1
2949259,2,0.74,0.0,0,0
2949272,2,0.7427777777777778,0.0,0,0
2952528,2,0.4936111111111111,0.0,0,1
2953187,2,0.4955555555555556,0.0,0,0
2953221,3,0.4875,0.0,1,0
2955714,3,0.4930555555555556,0.0,1,0
2955737,2,0.7366666666666667,0.0,1,0
2955788,2,0.7272222222222222,0.0,1,0
2955791,3,0.7161111111111111,0.0,1,0
2958503,2,0.4911111111111111,0.0,0,1
2958509,2,0.495,0.0,0,0
2958548,2,0.49416666666666664,0.0,1,1
2961557,2,0.49722222222222223,0.0,1,1
2961581,2,0.7372222222222222,0.0,1,0
2961601,2,0.7377777777777778,0.0,1,0
2961611,2,0.7347222222222223,0.0,1,0
2961631,2,0.7452777777777778,0.0,0,1
2964412,2,0.48305555555555557,0.0,0,0
2964413,2,0.49805555555555553,0.0,0,1
2964419,2,0.49333333333333335,0.0,1,1
2964460,3,0.4911111111111111,0.0,1,0
2964510,2,0.9913888888888889,0.0,0,1
2967049,3,0.4880555555555556,0.0,0,0
2967085,3,0.4861111111111111,1.5900000333786009,0,0
2967088,2,0.48777777777777775,0.0,0,0
2967767,3,0.8283333333333334,0.9499999880790708,1,0
2967772,3,0.4741666666666667,1.600000023841858,1,0
2968606,2,0.49583333333333335,0.0,0,1
2968612,2,0.4922222222222222,0.0,0,1
2968635,2,0.49416666666666664,0.0,1,1
2968712,2,0.7336111111111111,0.0,1,0
2971140,2,0.99,0.0,1,1
2971145,2,0.7375,0.0,1,1
2972637,3,0.4891666666666667,0.0,1,0
2972711,3,0.7336111111111111,0.0,1,0
2972715,3,0.7202777777777778,0.0,0,0
2972720,2,0.9966666666666667,0.0,0,1
2972728,4,0.4822222222222222,1.8999999761581416,0,0
2975238,2,0.4897222222222222,0.0,1,0
2975274,2,0.995,0.0,1,1
2977954,3,0.48333333333333334,0.0,0,0
2977956,2,0.4866666666666667,2.2699999809265137,0,1
2977981,2,0.4961111111111111,0.0,1,1
2978011,2,0.7341666666666666,0.0,1,1
2978040,2,0.9944444444444445,0.0,1,1
2978054,2,0.7458333333333333,0.0,0,1
2980489,2,0.49,0.0,1,1
2980498,2,0.495,0.0,1,0
2980519,3,0.4886111111111111,0.0,1,0
2980544,2,0.47638888888888886,0.0,1,1
2980553,3,0.45444444444444443,0.0,1,0
2980554,2,0.4822222222222222,0.0,1,0
2980557,2,0.4708333333333333,0.0,1,1
2980569,2,0.4686111111111111,0.0,0,1
2983037,2,0.4936111111111111,0.0,0,0
2983085,3,0.4938888888888889,0.0,1,0
2983103,3,0.4502777777777778,0.0,1,0
2983121,2,0.48083333333333333,0.0,0,0
2983132,2,0.7452777777777778,0.0,0,0
2985526,3,0.4855555555555556,0.0,1,0
2985542,3,0.48777777777777775,0.0,1,0
2985543,3,0.49583333333333335,1.7000000476837158,1,0
2985550,2,0.495,0.0,1,0
2985560,3,0.49444444444444446,0.0,1,0
2985609,2,0.7386111111111111,0.0,0,0
2985618,2,0.7452777777777778,0.0,0,0
2988069,3,0.48833333333333334,0.0,0,0
2988070,3,0.48194444444444445,0.0,0,0
2988082,3,0.47638888888888886,1.6399999856948853,1,0
2988097,3,0.4633333333333333,0.0,0,0
2988905,3,0.4911111111111111,0.0,1,0
2989710,2,0.49027777777777776,0.0,0,0
2989747,3,0.4811111111111111,0.0,1,0
2989757,3,0.49333333333333335,0.0,1,0
2989758,3,0.49,0.0,1,0
2989786,3,0.5,0.0,1,0
2989793,2,1.0080555555555555,0.0,1,0
2989794,2,0.4861111111111111,0.0,1,0
2989827,3,0.4691666666666667,0.0,0,0
2992409,3,0.4905555555555556,0.0,1,0
2992411,2,0.49472222222222223,0.0,1,1
2992436,2,0.49416666666666664,0.0,1,1
2992449,2,0.49527777777777776,0.0,1,1
2992464,2,0.49527777777777776,0.0,1,1
2992470,2,0.7325,0.0,1,0
2992486,2,0.7322222222222222,0.0,1,0
2992489,2,0.7369444444444444,0.0,0,0
2992502,2,0.7441666666666666,0.0,0,1
2995154,2,0.4955555555555556,0.0,0,0
2995181,2,0.49805555555555553,0.0,1,1
2995268,2,0.49333333333333335,0.0,1,0
2997995,3,0.48833333333333334,0.0,0,0
2998014,2,0.49583333333333335,0.0,1,1
2998060,2,0.9927777777777778,0.0,1,1
3000838,2,0.49722222222222223,0.0,0,1
3000917,2,0.4461111111111111,0.0,1,0
3000950,2,0.7355555555555555,0.0,1,1
3000972,2,0.7430555555555556,0.699999988079071,0,0
3003618,2,0.49333333333333335,0.0,1,0
3003626,2,0.75,0.0,1,1
3004530,3,0.485,0.0,0,0
3005437,2,0.7369444444444444,0.0,1,0
3008021,2,0.49083333333333334,1.559999942779541,1,0
3008090,2,0.4888888888888889,1.950000047683716,1,1
3008101,3,0.7344444444444445,0.0,1,0
3008126,2,0.725,0.0,0,0
3010712,2,0.7363888888888889,0.0,1,0
3010713,2,0.9897222222222222,0.0,1,1
3010717,2,0.7336111111111111,0.0,1,0
3010718,2,0.7347222222222223,0.0,1,0
3012958,2,0.49472222222222223,1.4500000476837158,1,1
3012972,2,0.7341666666666666,0.0,1,0
3012974,3,0.7366666666666667,0.0,1,1
3012979,3,0.7355555555555555,0.0,1,1
3015517,3,0.6988888888888889,0.0,0,0
3017945,3,0.4816666666666667,1.950000047683716,1,0
3017951,2,0.48583333333333334,0.0,0,0
3018527,2,0.4925,0.0,1,0
3018530,2,0.49083333333333334,0.0,1,1
3021420,2,0.49472222222222223,0.0,0,1
3021427,2,0.49333333333333335,0.0,0,1
3021428,2,0.49694444444444447,0.0,0,0
3021526,2,0.7341666666666666,0.0,1,0
3021540,2,0.7455555555555555,0.0,0,1
3024147,2,0.4961111111111111,0.0,0,1
3024205,2,0.7322222222222222,0.0,1,0
3024227,2,0.7352777777777778,0.0,1,0
3024249,2,0.4855555555555556,0.0,0,1
3026682,2,0.49583333333333335,0.0,0,1
3026713,3,0.4891666666666667,0.0,1,0
3026807,2,0.7344444444444445,0.0,0,0
3026811,3,0.7238888888888889,0.0,0,0
3029384,2,0.4608333333333333,0.0,0,0
3029412,2,0.4872222222222222,0.2300000041723252,1,1
3029425,2,0.49583333333333335,0.0,1,1
3029505,3,0.47333333333333333,0.0,0,0
3029518,2,0.7433333333333333,0.0,0,0
3029520,2,0.48305555555555557,0.0,0,1
3032046,2,0.49277777777777776,0.0,0,0
3032061,2,0.7391666666666666,0.0,1,0
3032081,3,0.7308333333333333,0.0,0,1
3032860,2,0.4855555555555556,0.0,0,0
3032877,3,0.4111111111111111,1.600000023841858,1,0
3032886,3,0.4638888888888889,0.0,0,0
3032888,3,0.4861111111111111,0.0,0,0
3032889,3,0.4722222222222222,0.0,0,0
3033634,2,0.4961111111111111,0.0,0,0
3033704,2,0.495,0.0,1,0
3033752,2,0.745,0.0,0,0
3036272,2,0.49694444444444447,0.0,0,1
3036391,2,0.7319444444444444,0.0,1,0
3038849,3,0.48777777777777775,0.0,0,0
3038860,2,0.7438888888888889,0.0,1,0
3039297,2,0.9913888888888889,1.7999999523162842,1,0
3040213,2,0.7436111111111111,0.0,1,0
3040217,3,0.7344444444444445,0.0,1,0
3040236,2,0.7441666666666666,0.0,0,0
3040242,2,0.73,0.0,0,0
3042537,2,0.4905555555555556,2.4600000381469727,1,0
3042575,2,0.7463888888888889,0.0,1,1
3042576,2,0.7444444444444445,0.0,1,1
3042580,3,0.7319444444444444,1.3899999856948853,1,0
3042604,2,0.4822222222222222,0.0,0,0
3047589,3,0.7322222222222222,0.0,1,0
3049861,2,0.4886111111111111,0.9900000095367432,1,1
3050446,2,0.4925,0.0,1,0
3050450,2,0.4930555555555556,0.0,1,1
3051256,3,0.49333333333333335,1.9299999475479128,1,0
3051268,3,0.7436111111111111,1.9800000190734863,1,0
3051269,2,0.4922222222222222,0.0,1,0
3051298,2,0.49166666666666664,0.0,0,0
3054110,2,0.495,0.0,1,1
3054138,3,0.4925,0.9499999880790708,1,0
3054142,3,0.48944444444444446,1.7400000095367432,1,0
3054152,3,0.7205555555555555,0.0,1,0
3059463,2,0.49333333333333335,0.0,0,0
3059538,2,0.49333333333333335,0.0,1,0
3059552,2,0.4913888888888889,0.0,1,0
3059580,2,0.4897222222222222,0.0,0,0
3062404,2,0.49666666666666665,0.0,0,1
3062498,3,0.4888888888888889,0.0,1,0
3065135,2,0.7288888888888889,0.0,0,0
3065778,2,0.4936111111111111,0.0,0,1
3065798,2,0.7427777777777778,0.0,0,0
3065808,2,0.7444444444444445,0.0,0,0
3066522,2,0.4922222222222222,0.0,1,1
3066541,3,0.4741666666666667,1.600000023841858,1,0
3066542,2,0.4608333333333333,0.0,1,0
3066564,2,0.4166666666666667,0.0,0,0
3068837,2,0.4847222222222222,2.0,0,0
3068853,2,0.4936111111111111,0.0,0,1
3068870,3,0.4913888888888889,0.0,1,0
3068871,3,0.4888888888888889,0.0,1,0
3068927,3,0.5,0.0,1,0
3068933,2,0.7447222222222222,0.0,1,0
3068953,3,0.9919444444444444,0.0,0,1
3068965,3,0.995,0.0,0,0
3071650,2,0.495,0.0,0,1
3071733,2,0.4955555555555556,0.0,1,1
3071779,2,0.4930555555555556,0.0,0,0
3074378,2,0.4891666666666667,0.0,0,0
3074457,3,0.49416666666666664,0.0,1,0
3075388,2,0.9872222222222222,0.0,0,0
3077123,2,0.48777777777777775,0.0,0,0
3077771,2,0.49722222222222223,0.0,0,0
3077780,2,0.49805555555555553,0.0,0,1
3077793,3,0.4847222222222222,0.0,0,0
3077854,2,0.4861111111111111,0.0,1,0
3077877,2,0.4797222222222222,0.0,0,0
3077879,2,0.4886111111111111,0.0,0,1
3077880,2,0.4872222222222222,0.0,0,1
3080112,2,0.4961111111111111,0.0,0,1
3080144,2,0.49194444444444446,0.0,1,0
3080176,2,0.49694444444444447,0.0,1,1
3080191,2,0.49666666666666665,0.0,1,1
3080218,3,0.4802777777777778,0.0,1,1
3080224,3,0.4936111111111111,0.0,1,0
3082746,2,0.49777777777777776,0.0,0,1
3082821,2,0.4975,0.0,1,1
3082826,2,0.4777777777777778,0.0,1,0
3085623,3,0.4861111111111111,0.0,1,0
3085632,2,0.4872222222222222,0.0,1,0
3085639,2,0.48277777777777775,0.0,1,0
3085655,2,0.4847222222222222,0.0,0,1
3085658,2,0.48583333333333334,0.0,0,1
3088064,2,0.4897222222222222,0.0,0,1
3088118,2,0.49527777777777776,0.0,1,0
3088192,2,0.4688888888888889,0.0,0,0
3088193,2,0.4802777777777778,0.0,0,0
3090419,2,0.4922222222222222,0.0,0,0
3091054,2,0.49277777777777776,0.0,0,1
3091074,2,0.7355555555555555,0.0,0,0
3091798,2,0.495,0.0,0,1
3091802,2,0.5,0.0,0,0
3091821,3,0.4855555555555556,0.0,1,0
3091841,3,0.9794444444444445,1.600000023841858,1,0
3091846,2,0.7383333333333333,0.0,1,1
3094450,3,0.48277777777777775,1.600000023841858,1,0
3094478,3,0.4691666666666667,0.0,0,0
3094485,2,0.48055555555555557,0.0,0,0
3094496,3,0.4486111111111111,0.0,0,0
3094504,2,0.7383333333333333,0.1099999994039535,0,0
3096983,2,0.7438888888888889,0.0,1,0
3096991,2,0.7402777777777778,0.0,1,1
3096999,2,0.7444444444444445,0.0,1,1
3097042,3,0.7413888888888889,1.600000023841858,0,0
3099781,2,0.4905555555555556,0.0,0,0
3099784,2,0.49444444444444446,0.0,0,1
3099788,3,0.48638888888888887,0.0,0,0
3099835,3,0.4880555555555556,0.0,1,0
3099843,2,0.4955555555555556,0.0,1,1
3099864,3,0.4891666666666667,1.809999942779541,1,0
3099875,2,0.49,0.0,1,0
3099881,3,0.49027777777777776,0.0,1,0
3099883,3,0.4841666666666667,1.600000023841858,1,0
3102571,3,0.48694444444444446,0.0,0,0
3103725,2,0.4888888888888889,0.0,0,0
3103809,2,0.5,0.0,1,0
3103815,2,0.485,0.0,1,1
3103822,2,0.4938888888888889,0.0,1,0
3103830,2,0.4811111111111111,0.0,1,0
3106349,2,0.49416666666666664,0.0,0,1
3112054,2,0.9702777777777778,0.0,0,0
3112094,2,0.5675,0.0,1,0
3112150,2,0.4802777777777778,0.0,0,0
3114913,3,0.4875,0.0,0,0
3114932,3,0.49083333333333334,0.0,1,0
3114936,2,0.49666666666666665,0.0,1,0
3114977,2,0.4936111111111111,0.0,1,1
3118493,2,0.49083333333333334,0.0,0,1
3118506,2,0.4886111111111111,0.0,1,0
3118528,2,0.4936111111111111,0.0,0,1
3118596,3,0.49333333333333335,0.0,1,0
3120142,2,0.4836111111111111,0.0,1,0
3120151,3,0.4861111111111111,0.0,1,1
3120160,3,0.45944444444444443,0.0,0,0
3120183,2,0.48305555555555557,0.0,0,0
3121956,3,0.4922222222222222,0.0,0,0
3122027,2,0.4905555555555556,0.0,1,0
3122062,2,0.4930555555555556,0.0,0,0
3122071,2,0.49277777777777776,0.0,0,1
3122072,2,0.4930555555555556,0.0,0,0
3122074,2,0.49277777777777776,0.0,0,0
3122086,2,0.5,0.0,0,0
3124962,3,0.48944444444444446,0.0,1,0
3124979,3,0.4911111111111111,1.7999999523162842,1,0
3127880,2,0.4905555555555556,0.0,0,1
3127882,2,0.4905555555555556,2.2699999809265137,0,1
3127981,2,0.99,0.0,1,1
3127984,2,0.48527777777777775,0.0,1,0
3127991,3,0.4855555555555556,0.0,1,0
3130864,2,0.49416666666666664,0.0,0,1
3130870,2,0.49416666666666664,0.0,0,0
3130872,2,0.49805555555555553,0.0,0,0
3130889,3,0.49277777777777776,0.0,0,0
3130892,3,0.4861111111111111,0.0,1,0
3130966,2,0.7411111111111112,0.0,1,0
3133410,2,0.49083333333333334,0.0,0,0
3133422,2,0.7413888888888889,0.0,1,0
3133463,2,0.7458333333333333,0.0,0,0
3133470,2,0.4905555555555556,0.0,0,1
3134122,2,0.7455555555555555,0.0,0,0
3134841,2,0.495,0.0,1,1
3134843,2,0.49694444444444447,0.0,1,1
3134845,3,0.47888888888888886,0.3400000035762787,1,0
3134874,2,0.49277777777777776,0.0,1,0
3134898,3,0.4330555555555556,0.0,1,0
3134919,2,0.7469444444444444,0.0,1,1
3134924,2,0.7436111111111111,0.0,1,1
3137630,2,0.49416666666666664,0.0,0,0
3137671,2,0.4955555555555556,0.0,1,1
3137684,2,0.49472222222222223,0.0,1,0
3137737,2,0.4891666666666667,0.0,1,0
3137740,2,0.4936111111111111,0.0,1,0
3140466,2,0.4825,0.0,0,1
3140522,2,0.48138888888888887,0.0,1,0
3140547,2,0.4936111111111111,0.0,0,0
3140561,2,0.49194444444444446,0.0,0,0
3143467,3,0.4811111111111111,0.550000011920929,0,0
3143470,2,0.49472222222222223,0.0,0,0
3143492,2,0.4963888888888889,0.0,1,1
3143501,3,0.49027777777777776,0.0,1,0
3143590,2,0.49333333333333335,0.0,0,0
3146098,2,0.4897222222222222,2.0,1,0
3148407,3,0.7386111111111111,0.0,1,0
3149545,2,0.9888888888888889,1.600000023841858,1,0
3149553,2,0.4905555555555556,1.600000023841858,1,0
3149555,3,0.5783333333333334,0.0,0,0
3150864,2,0.4975,0.0,0,1
3150897,3,0.7266666666666667,1.6599999666213991,1,0
3150914,3,0.9897222222222222,0.0,1,0
3150923,2,0.7444444444444445,0.0,1,0
3150955,3,0.4872222222222222,0.0,0,0
3152889,3,0.49416666666666664,0.0,0,0
3152927,3,0.4613888888888889,0.8199999928474426,1,0
3152932,3,0.47333333333333333,0.0,1,0
3152951,2,0.48694444444444446,0.0,1,0
3155177,2,0.49333333333333335,0.0,0,0
3155191,2,0.49722222222222223,0.0,0,1
3155205,2,0.48944444444444446,0.0,1,1
3157907,2,0.495,0.0,1,0
3157941,2,0.49666666666666665,0.0,1,1
3157942,2,0.49666666666666665,0.0,1,1
3160310,2,0.4955555555555556,0.0,0,1
3160312,2,0.495,0.0,0,1
3160476,2,0.7444444444444445,0.0,0,0
3160484,2,0.7455555555555555,0.0,0,1
3162798,2,0.4955555555555556,0.0,1,0
3162866,2,0.7452777777777778,0.0,1,1
3162907,2,0.7461111111111111,0.0,0,1
3165138,4,0.49194444444444446,0.6299999952316284,0,0
3165202,2,0.4772222222222222,0.0,1,0
3165207,3,0.4880555555555556,1.6599999666213991,1,0
3165214,2,0.7397222222222222,0.0,1,0
3165272,2,0.7444444444444445,0.0,0,0
3168763,3,0.4563888888888889,1.600000023841858,1,0
3168856,2,0.49694444444444447,0.0,1,0
3168859,2,0.48833333333333334,0.0,1,1
3168865,3,0.47583333333333333,0.0,1,0
3168921,2,0.7458333333333333,0.0,0,0
3168935,2,0.7433333333333333,0.0,0,0
3171024,3,0.4886111111111111,1.600000023841858,1,0
3171075,3,0.4930555555555556,0.0,1,0
3173132,2,0.495,0.0,1,1
3173170,3,0.49,1.7799999713897705,1,0
3173182,2,0.4955555555555556,0.0,1,0
3173244,2,0.7466666666666667,0.0,0,1
3175540,3,0.49083333333333334,0.0,1,0
3175597,2,0.48305555555555557,0.0,1,0
3175655,2,0.7452777777777778,0.0,0,0
3178080,2,0.4961111111111111,0.0,0,1
3178095,3,0.49027777777777776,0.0,1,0
3178097,2,0.5,0.0,1,1
3178126,3,0.49444444444444446,1.7799999713897705,1,0
3178147,2,0.7455555555555555,0.0,1,0
3180685,2,0.48388888888888887,0.0,0,1
3180686,2,0.4922222222222222,0.0,0,0
3180699,2,0.7188888888888889,0.8100000023841858,1,1
3181269,3,0.4888888888888889,0.0,0,0
3181297,2,0.4930555555555556,0.0,1,1
3181336,2,0.4905555555555556,0.0,1,0
3181355,2,0.5030555555555556,0.0,1,0
3181370,3,0.4911111111111111,2.5899999141693115,1,0
3181402,2,0.7444444444444445,0.0,1,0
3181412,2,0.7466666666666667,0.0,1,0
3183719,2,0.49527777777777776,0.0,0,0
3183775,2,0.49666666666666665,0.0,1,0
3186013,2,0.49805555555555553,0.0,1,1
3186064,2,0.49694444444444447,0.0,1,1
3186092,2,0.7483333333333333,0.0,1,1
3188448,2,0.49694444444444447,0.0,0,1
3188452,2,0.49722222222222223,0.0,0,1
3188453,3,0.4766666666666667,0.0,0,0
3188460,2,0.49694444444444447,0.0,0,1
3188481,2,0.48944444444444446,0.0,0,1
3188496,2,0.4911111111111111,0.0,1,1
3191037,2,0.7477777777777778,0.0,0,1
3191059,2,0.7444444444444445,0.0,0,0
3192917,3,0.4672222222222222,0.0,0,0
3193627,2,0.48694444444444446,0.0,0,1
3193636,2,0.4777777777777778,0.0,0,1
3193665,2,0.48194444444444445,0.0,0,0
3194343,3,0.48277777777777775,0.0,0,0
3194386,2,0.4963888888888889,0.0,1,0
3197024,2,0.4930555555555556,0.0,0,1
3197052,2,0.4841666666666667,0.0,1,1
3197068,2,0.49777777777777776,0.0,1,1
3199893,3,0.4872222222222222,0.0,0,0
3199904,3,0.4836111111111111,0.3400000035762787,1,1
3199917,3,0.4905555555555556,0.0,1,0
3199937,2,0.4963888888888889,0.0,1,1
3200005,2,0.4861111111111111,0.0,1,0
3200034,2,0.4891666666666667,0.0,0,1
3200037,2,0.49027777777777776,0.0,0,0
3200048,2,0.47305555555555556,0.0,0,0
3202555,2,0.49777777777777776,0.0,1,1
3202578,2,0.4905555555555556,0.0,1,0
3202583,3,0.4811111111111111,0.0,1,0
3202588,2,0.4930555555555556,0.0,1,0
3203977,2,0.49583333333333335,0.0,1,1
3204006,3,0.4925,0.0,1,0
3204025,3,0.4930555555555556,0.0,0,1
3205716,2,0.7455555555555555,0.0,0,1
3206202,2,0.4922222222222222,0.0,0,0
3206219,3,0.7325,1.919999957084656,1,0
3207155,2,0.4963888888888889,0.0,0,1
3207219,2,0.49722222222222223,0.0,1,1
3207225,3,0.49666666666666665,1.8400000333786009,1,0
3207299,2,0.74,0.0,0,0
3210128,2,0.49805555555555553,0.0,1,1
3210156,3,0.4841666666666667,0.0,1,0
3210190,3,0.49027777777777776,1.7799999713897705,1,0
3210206,2,0.4872222222222222,0.0,1,0
3212906,2,0.49805555555555553,0.0,0,1
3212955,3,0.4891666666666667,0.0,1,0
3213043,2,0.7430555555555556,0.0,0,1
3213074,2,0.4836111111111111,0.0,0,0
3215437,3,0.48444444444444446,0.0,0,0
3215448,3,0.7030555555555555,1.8799999952316284,1,0
3215457,3,0.4841666666666667,0.6299999952316284,1,0
3216953,2,0.49805555555555553,0.0,1,1
3216964,3,0.4913888888888889,1.7799999713897705,1,0
3216977,2,0.49444444444444446,0.0,1,1
3216988,2,0.4911111111111111,0.0,1,1
3217013,2,0.7427777777777778,0.0,1,0
3217040,2,0.7436111111111111,0.0,1,1
3219550,2,0.4913888888888889,1.4600000381469729,0,1
3219552,2,0.4936111111111111,0.0,0,1
3219561,2,2.0,0.0,0,0
3219680,3,0.4897222222222222,1.830000042915344,1,0
3219701,2,0.49333333333333335,0.0,1,0
3219728,2,0.7447222222222222,0.0,1,0
3219736,2,0.7441666666666666,0.0,1,0
3222416,2,0.49777777777777776,0.0,0,1
3222437,2,0.49805555555555553,0.0,1,0
3222478,3,0.48333333333333334,0.0,1,0
3222484,3,0.485,0.0,1,0
3222496,2,0.4961111111111111,0.0,1,1
3222506,3,0.49194444444444446,1.75,1,0
3222535,2,0.7461111111111111,0.0,1,1
3225366,2,0.7466666666666667,0.0,1,1
3225397,2,0.48055555555555557,0.0,0,0
3228037,2,0.4963888888888889,0.0,1,1
3228077,2,0.49027777777777776,0.0,1,1
3230515,2,0.7405555555555555,0.0,1,1
3230521,3,0.7263888888888889,1.809999942779541,1,0
3230527,3,0.7202777777777778,1.6399999856948853,1,0
3232131,3,0.49416666666666664,0.0,1,0
3232231,2,0.7455555555555555,0.0,1,0
3234875,3,0.5047222222222222,0.4900000095367432,1,0
3234961,2,0.4961111111111111,0.0,1,1
3234979,2,0.7463888888888889,0.0,1,1
3234999,2,0.4936111111111111,0.0,1,1
3237763,2,0.4872222222222222,0.0,1,0
3237782,2,0.7452777777777778,0.0,1,1
3237785,2,0.7461111111111111,0.0,1,0
3237851,2,0.7447222222222222,0.0,0,0
3240616,2,0.48527777777777775,0.0,0,0
3240674,2,0.49,0.0,1,1
3240734,2,0.495,0.0,1,1
3243249,3,0.48194444444444445,2.970000028610228,0,0
3243346,2,0.745,0.0,0,0
3245227,2,0.995,0.0,0,0
3245777,2,0.7166666666666667,3.109999895095825,1,1
3245812,3,0.4841666666666667,0.0,0,0
3245835,2,0.4880555555555556,0.0,0,0
3245836,2,0.48583333333333334,0.0,0,1
3246445,2,0.49722222222222223,0.0,0,1
3246456,3,0.49194444444444446,0.0,0,0
3246541,2,0.49583333333333335,0.0,1,1
3246615,2,0.47555555555555556,3.109999895095825,0,1
3249064,3,0.49027777777777776,0.0,0,0
3249152,2,0.4741666666666667,2.1800000667572017,1,1
3249207,2,0.7461111111111111,0.0,1,0
3249252,2,0.48194444444444445,0.0,0,1
3251668,2,0.4922222222222222,0.0,0,1
3251669,2,0.49166666666666664,0.0,0,1
3251753,3,0.49194444444444446,1.820000052452088,1,0
3251839,2,0.7458333333333333,0.0,0,1
3254424,3,0.49444444444444446,1.7400000095367432,1,0
3254426,2,0.49694444444444447,0.0,1,1
3257078,3,0.4697222222222222,0.0,0,0
3257099,3,0.4872222222222222,0.0,1,0
3257108,2,0.49694444444444447,0.0,1,1
3257111,2,0.4802777777777778,0.0,1,0
3257114,2,0.49805555555555553,0.0,1,1
3257132,2,0.49527777777777776,0.0,1,0
3257134,3,0.48,2.0999999046325684,1,1
3257146,2,0.49083333333333334,0.0,1,0
3257156,3,0.5,1.8799999952316284,1,0
3257159,3,0.48944444444444446,0.9900000095367432,1,0
3259656,2,0.4891666666666667,0.0,0,1
3259659,3,0.48388888888888887,0.0,0,0
3259672,3,0.7313888888888889,1.850000023841858,1,0
3259678,3,0.5133333333333333,0.0,1,0
3259694,3,0.48055555555555557,0.0,1,0
3260957,2,0.4961111111111111,0.0,1,0
3261013,3,0.48527777777777775,1.600000023841858,1,0
3263687,2,0.4963888888888889,0.0,0,1
3263771,3,0.4905555555555556,0.0,1,0
3263797,3,0.4905555555555556,1.6200000047683716,1,0
3266349,3,0.7188888888888889,0.0,0,0
3266404,2,0.49527777777777776,0.0,1,0
3266460,2,0.7444444444444445,0.0,1,1
3268669,3,0.7325,1.600000023841858,0,0
3268711,3,0.7313888888888889,0.0,1,1
3268723,2,0.49722222222222223,0.0,1,1
3271164,2,0.4975,0.0,1,1
3271251,2,0.7455555555555555,0.0,1,0
3271326,2,0.745,0.0,0,0
3273559,2,0.48444444444444446,0.0,0,1
3274044,2,0.48305555555555557,0.0,0,0
3274046,2,0.48083333333333333,0.0,0,0
3274047,2,0.7347222222222223,0.0,1,0
3274095,2,0.4875,0.0,1,1
3274132,2,0.7269444444444444,0.0,0,1
3274137,2,0.49333333333333335,0.0,0,0
3274162,2,0.945,0.0,0,0
3274604,2,0.49777777777777776,0.0,0,1
3274692,2,0.4866666666666667,1.350000023841858,1,0
3274711,2,0.7258333333333333,0.0,1,0
3274722,2,0.7444444444444445,0.0,1,0
3274752,2,0.7438888888888889,0.0,0,0
3274774,2,0.5,0.0,0,0
3277050,2,0.49416666666666664,0.0,1,0
3277061,2,0.4925,0.0,1,1
3277133,2,0.7372222222222222,0.0,1,0
3277145,2,0.74,0.0,0,1
3277152,3,0.425,0.479999989271164,0,0
3279821,2,0.495,0.0,1,1
3279834,2,0.49444444444444446,0.0,1,1
3279867,3,0.49444444444444446,1.8999999761581416,1,0
3282485,2,0.4677777777777778,0.0,0,1
3283065,2,0.47305555555555556,0.0,0,0
3283094,2,0.48638888888888887,0.0,1,0
3283095,3,0.48083333333333333,1.600000023841858,1,0
3283107,2,0.4922222222222222,0.0,0,1
3283676,2,0.7386111111111111,0.0,0,0
3283686,2,0.7144444444444444,0.0399999991059303,1,0
3283710,2,0.4963888888888889,0.0,1,1
3288372,3,0.4888888888888889,0.0,1,0
3288452,3,0.49333333333333335,0.0,1,0
3288483,2,0.485,0.0,1,0
3288510,2,0.4963888888888889,0.0,1,0
3288512,2,0.7452777777777778,0.0,1,0
3288533,2,0.7463888888888889,0.0,1,0
3288565,2,0.7430555555555556,0.0,0,0
3291371,2,0.7416666666666667,0.0,1,1
3291379,3,0.4533333333333333,0.0,1,0
3291525,2,0.7463888888888889,0.0,0,1
3294330,2,0.7452777777777778,0.0,1,1
3297094,2,0.4875,0.8100000023841858,0,1
3297106,3,0.6575,1.8600000143051147,1,0
3297118,3,0.4802777777777778,1.600000023841858,1,0
3297133,3,0.9727777777777777,0.0,1,0
3297137,2,1.2169444444444444,0.0,0,1
3297752,2,0.7416666666666667,0.0,1,1
3297767,3,2.4788888888888887,1.649999976158142,1,0
3297769,3,1.4841666666666666,1.919999957084656,1,0
3298444,3,0.4866666666666667,0.0,1,0
3298445,3,0.4875,0.0,1,0
3298493,3,0.4936111111111111,1.75,1,0
3298525,2,0.49583333333333335,0.0,1,1
3298530,3,0.49194444444444446,0.0,1,0
3301138,2,0.4961111111111111,0.0,1,0
3301236,2,0.7447222222222222,0.0,1,0
3301268,2,0.7413888888888889,0.0,0,1
3303899,2,0.7413888888888889,0.0,0,0
3303917,3,0.48333333333333334,0.0,1,0
3303975,2,0.4938888888888889,0.0,1,0
3304047,3,0.7372222222222222,0.0,0,0
3304055,2,0.48583333333333334,0.0,0,0
3306780,3,0.735,0.0,1,0
3309774,3,0.4938888888888889,0.0,1,0
3312710,3,0.48194444444444445,2.049999952316284,1,0
3313297,2,0.7280555555555556,0.9900000095367432,1,1
3313320,2,0.9891666666666666,1.350000023841858,1,1
3314010,2,0.4938888888888889,0.0,1,0
3314019,3,0.4847222222222222,0.0,1,0
3314047,3,0.49527777777777776,1.820000052452088,1,0
3314069,3,0.4875,0.0,1,0
3317004,2,0.485,0.0,0,0
3317011,2,0.41638888888888886,0.0,0,0
3319672,2,0.4938888888888889,0.0,0,0
3319677,3,0.4875,0.0,1,0
3319678,3,0.4922222222222222,0.0,1,0
3319680,2,0.48777777777777775,1.559999942779541,1,0
3319687,2,0.49694444444444447,0.0,1,1
3319695,2,0.49694444444444447,0.0,1,0
3319709,3,0.4825,0.550000011920929,1,0
3319742,3,0.4897222222222222,0.9700000286102296,1,0
3319743,2,0.49722222222222223,0.0,1,1
3319746,3,0.4930555555555556,0.0,1,0
3319755,2,0.5,0.0,1,1
3319817,2,0.7408333333333333,0.0,0,0
3319819,2,0.48583333333333334,0.0,0,1
3319821,2,0.4872222222222222,0.0,0,1
3322697,2,0.48333333333333334,2.0,0,0
3322704,3,0.49027777777777776,0.0,1,0
3322705,3,0.4897222222222222,0.0,1,0
3322763,2,0.7411111111111112,0.0,1,1
3322818,3,0.485,0.0,0,0
3325602,2,0.4905555555555556,1.4600000381469729,0,1
3325644,2,0.49444444444444446,0.0,1,1
3328427,2,0.4911111111111111,0.0,0,0
3328451,2,0.73,1.4600000381469729,1,1
3328453,3,0.4786111111111111,1.600000023841858,1,0
3328461,2,0.5,0.0,0,1
3329056,2,1.7319444444444445,1.559999942779541,1,0
3329883,3,0.4772222222222222,0.3400000035762787,1,0
3329888,2,0.49472222222222223,0.0,1,0
3329899,3,0.4866666666666667,0.0,1,0
3329901,3,0.49027777777777776,0.0,1,0
3329934,2,0.4925,0.0,1,0
3329952,3,0.48527777777777775,0.0,1,0
3330021,2,0.4861111111111111,0.0,1,0
3330025,2,0.4955555555555556,0.0,0,0
3332635,2,0.4961111111111111,0.0,0,1
3332713,3,0.49527777777777776,1.9099999666213991,1,0
3332720,3,0.4775,0.550000011920929,1,0
3332747,2,0.4922222222222222,0.0,1,0
3335677,2,0.4938888888888889,0.0,1,1
3335724,2,0.4955555555555556,0.0,1,1
3335755,2,0.4905555555555556,0.0,1,0
3335788,2,0.4938888888888889,0.0,1,0
3335811,2,0.4847222222222222,0.0,0,0
3338650,2,0.48777777777777775,0.0,1,1
3338703,2,0.4925,0.0,0,0
3341569,2,0.49694444444444447,0.0,1,0
3341662,2,0.35944444444444446,0.0,1,0
3341664,2,0.3161111111111111,0.0,1,0
3341687,2,0.4469444444444444,0.0,1,0
3348428,2,0.745,0.0,1,0
3348440,2,0.7444444444444445,0.0,0,1
3350992,3,0.49,0.0,1,0
3353527,2,0.4911111111111111,0.0,1,1
3356307,2,0.49777777777777776,0.0,1,1
3358958,3,0.7347222222222223,1.649999976158142,1,0
3359503,2,0.48388888888888887,0.0,0,0
3359539,3,0.48944444444444446,0.0,0,0
3360244,2,0.4825,0.0,1,1
3360332,2,0.7455555555555555,0.0,1,1
3362833,2,0.7422222222222222,0.0,1,0
3362846,2,0.7297222222222223,0.0,1,1
3362879,2,0.7463888888888889,0.0,0,1
3365638,2,0.7436111111111111,0.0,1,0
3365642,2,0.5,0.0,0,0
3368109,2,0.7275,0.0,0,1
3370536,2,0.4888888888888889,0.0,1,1
3370546,3,0.48305555555555557,0.0,1,0
3370609,2,0.4727777777777778,0.0,0,0
3373530,2,0.4816666666666667,0.0,1,1
3373534,2,0.7352777777777778,0.0,1,0
3374215,3,0.48305555555555557,1.600000023841858,1,0
3374220,2,0.48333333333333334,0.0,1,1
3374331,3,0.6436111111111111,0.0,1,0
3377003,2,0.4713888888888889,1.870000004768372,1,0
3377005,2,0.4911111111111111,0.0,1,0
3377021,3,0.4847222222222222,0.0,1,0
3379694,2,0.49583333333333335,0.0,1,1
3379737,2,0.7447222222222222,1.6699999570846558,1,0
3379768,2,0.7430555555555556,0.0,1,0
3382714,2,0.7433333333333333,0.0,1,0
3382723,2,0.7469444444444444,0.0,1,0
3382730,2,0.7452777777777778,0.0,1,1
3385517,2,0.4930555555555556,0.0,1,1
3385520,2,0.49583333333333335,0.0,1,0
3385606,2,0.7452777777777778,0.0,1,1
3385618,2,0.7458333333333333,0.9900000095367432,1,1
3388088,3,0.4708333333333333,0.0,1,0
3388104,3,0.4702777777777778,1.600000023841858,1,0
3389476,3,0.7447222222222222,0.0,1,0
3389530,2,0.7444444444444445,0.0,1,0
3392082,2,0.4938888888888889,0.0,0,1
3392172,2,0.7480555555555556,0.0,1,1
3392176,2,0.7466666666666667,0.0,1,1
3395058,2,0.49694444444444447,0.0,1,1
3397992,2,0.495,0.0,1,1
3398001,3,0.4866666666666667,1.830000042915344,1,0
3398122,3,0.4761111111111111,3.849999904632568,0,0
3400731,2,0.48388888888888887,0.0,0,0
3400764,2,0.48138888888888887,0.0,1,0
3400893,2,0.45611111111111113,0.4399999976158142,0,0
3403482,3,0.4736111111111111,1.600000023841858,1,0
3404017,2,0.7433333333333333,0.0,1,0
3404705,2,0.49722222222222223,0.0,1,0
3404721,2,0.46444444444444444,1.2599999904632568,1,0
3404822,2,0.7458333333333333,0.0,1,1
3407403,3,0.4861111111111111,1.600000023841858,0,0
3407419,3,0.47944444444444445,1.7100000381469729,1,0
3407550,2,0.7436111111111111,0.0,1,0
3407579,2,0.7386111111111111,0.0,0,0
3407584,2,0.7419444444444444,0.0,0,0
3410305,2,0.7152777777777778,0.0,1,0
3410320,2,0.7377777777777778,0.0,1,1
3445197,2,6.0,0.899,1,0
3445244,2,6.0,0.226,0,0
3445335,3,101.79138888888889,0.002,0,1
3445553,3,6.0,0.311,1,1
3445741,2,6.0,0.87,0,0
3446014,2,6.0,0.57,1,0
3446127,2,6.0,0.305,0,0
3446352,4,6.0,0.097,0,1
3446353,4,6.0,0.049,0,1
3447446,2,6.0,0.536,0,0
3447631,2,6.0,1.235,1,0
3447689,2,6.0,0.0,1,0
3447733,3,6.0,0.156,0,0
3447965,4,6.0,0.125,1,1
3448084,2,6.0,0.311,0,1
3448329,2,6.0,0.4,1,0
3448440,2,6.0,0.01,1,0
3448461,2,6.0,0.221,1,0
3448548,3,6.0,0.064,0,1
3448612,4,6.0,0.064,0,1
3449157,3,6.0,0.221,1,0
3449215,2,6.0,0.0,0,0
3449509,2,6.0,0.196,1,1
3449625,2,6.0,0.0,1,0
3449741,3,6.0,0.87,0,0
3449789,2,6.0,0.0,0,0
3450369,2,6.0,0.165,0,0
3450503,4,6.0,0.057,1,1
3450523,4,6.0,0.131,1,1
3450724,2,6.0,0.028,1,0
3451435,2,6.0,0.144,0,0
3451892,4,6.0,0.239,1,1
3451894,4,6.0,0.0,1,1
3451994,2,6.0,0.142,1,0
3451995,2,6.0,0.051,1,1
3452023,2,6.0,0.536,1,0
3452053,2,6.0,0.029,1,0
3452277,3,6.0,0.536,0,0
3452279,3,6.0,0.57,0,0
3452576,3,6.0,0.4,1,0
3452721,3,6.0,0.536,0,0
3452866,2,6.0,1.294,1,0
3453048,2,6.0,0.609,0,0
3453458,2,6.0,0.311,0,1
3453513,2,6.0,0.087,0,1
3453579,3,6.0,0.8270000000000001,1,0
3453779,2,6.0,0.123,1,0
3453971,3,6.0,0.161,1,0
3454170,2,6.0,0.947,1,0
3454240,2,6.0,0.163,1,0
3454417,2,6.0,0.119,0,0
3454817,2,6.0,0.512,1,0
3454864,4,6.0,0.17,1,1
3454941,2,6.0,0.155,1,0
3455039,3,6.0,0.043,0,0
3455390,2,6.0,0.029,0,0
3455574,2,6.0,0.113,0,0
3455843,2,6.0,1.735,1,0
3456085,3,6.0,0.311,1,1
3456088,2,6.0,0.647,1,0
3456529,2,6.0,0.899,1,0
3456629,2,6.0,0.462,0,0
3456952,2,6.0,0.089,1,0
3456992,2,6.0,0.424,0,0
3457073,3,6.0,0.672,0,0
3457374,2,6.0,0.192,1,0
3457511,4,6.0,1.33,1,1
3457512,3,6.0,0.997,1,0
3457532,2,6.0,0.353,1,0
3457580,2,6.0,0.8959999999999999,1,0
3457588,2,6.0,0.541,1,0
3457591,3,6.0,1.33,1,1
3457957,2,6.0,1.19,1,0
3458042,2,6.0,0.899,1,0
3458120,2,6.0,0.043,0,0
3458205,2,6.0,0.997,0,0
3458210,2,6.0,0.305,0,0
3458506,2,6.0,0.353,1,0
3458575,2,6.0,1.208,0,0
3458653,2,6.0,0.87,0,0
3459354,3,6.0,0.09,0,0
3459394,3,6.0,0.059,0,1
3459396,3,6.0,0.077,0,0
3459398,3,6.0,0.628,0,0
3459399,3,6.0,0.123,0,0
3459468,3,6.0,0.124,0,0
3459490,3,6.0,0.927,1,0
3459668,3,6.0,0.899,1,0
3460118,2,6.0,0.087,1,1
3460336,2,6.0,0.4,1,0
3460416,2,6.0,0.997,0,0
3460646,3,6.0,1.582,1,1
3460660,2,6.0,1.208,1,0
3460737,2,6.0,0.87,1,0
3460779,2,6.0,0.144,0,0
3460797,3,6.0,0.062,0,1
3460814,2,6.0,0.947,0,0
3461384,3,6.0,0.221,0,0
3461467,3,6.0,0.022,1,0
3461468,3,6.0,0.1,1,0
3461476,3,6.0,0.221,0,0
3461478,3,6.0,0.292,0,0
3461869,4,6.0,0.108,0,1
3462467,2,6.0,0.8270000000000001,1,0
3462480,3,6.0,0.081,1,0
3462648,3,6.0,0.15,0,1
3462806,2,6.0,0.062,1,0
3462870,2,6.0,0.121,1,0
3463022,2,6.0,0.176,0,0
3463322,4,6.0,1.735,1,0
3463366,3,6.0,0.043,1,0
3463450,3,6.0,0.0,0,1
3463451,3,6.0,0.0,0,1
3463511,3,6.0,0.183,0,0
3463975,2,6.0,0.086,1,0
3464015,2,6.0,0.87,1,0
3464571,2,6.0,0.091,0,0
3464733,2,6.0,0.946,1,0
3464881,3,6.0,0.245,1,0
3464932,2,6.0,0.078,1,0
3465554,4,6.0,0.143,1,1
3465730,2,6.0,0.462,1,0
3465798,2,6.0,0.221,1,0
3465818,2,6.0,0.0069999999999999,1,0
3465903,2,6.0,1.0759999999999998,0,0
3465911,2,6.0,0.87,0,0
3466134,3,6.0,0.183,1,0
3466214,2,6.0,0.01,1,0
3466255,2,6.0,0.353,1,0
3466344,2,6.0,0.065,0,0
3466374,3,6.0,0.026,0,0
3466479,2,6.0,0.129,1,0
3466482,2,6.0,0.079,1,0
3466483,2,6.0,0.245,1,0
3466484,2,6.0,0.256,1,0
3466602,2,6.0,0.947,1,0
3466696,2,6.0,0.166,0,0
3466975,2,6.0,1.235,1,0
3467050,2,6.0,0.4,1,0
3467134,2,6.0,0.238,0,0
3467542,2,6.0,0.221,0,0
3467587,3,6.0,0.899,0,0
3467613,2,6.0,0.899,0,0
3467848,2,6.0,0.16,0,0
3467903,2,6.0,0.4,1,0
3467962,3,6.0,0.4,1,0
3467969,2,6.0,0.004,1,1
3468119,2,6.0,0.8270000000000001,0,0
3468236,3,6.0,0.541,0,0
3468296,2,6.0,1.19,1,0
3468473,2,6.0,0.045,1,0
3468483,2,6.0,0.157,1,1
3468586,3,6.0,0.87,0,0
3468591,2,6.0,0.226,0,0
3468776,2,6.0,0.305,1,0
3468910,2,6.0,0.1689999999999999,1,0
3469031,2,6.0,0.997,0,0
3469428,2,6.0,0.899,0,0
3469853,3,6.0,0.235,0,0
3469877,4,6.0,0.268,0,0
3469878,3,6.0,0.1689999999999999,0,0
3469968,3,6.0,1.735,0,0
3470125,2,6.0,0.67,1,0
3470303,2,6.0,0.179,0,0
3470346,3,6.0,0.238,0,0
3470822,2,6.0,0.541,0,0
3470852,3,6.0,0.1639999999999999,0,0
3470883,2,6.0,0.424,1,0
3471196,2,6.0,0.647,0,0
3471424,4,6.0,0.144,1,1
3471425,4,6.0,0.054,1,1
3471434,3,6.0,0.094,1,1
3471947,2,6.0,0.899,1,0
3471958,2,6.0,0.899,1,0
3471969,2,6.0,0.228,0,0
3471970,2,6.0,0.217,0,0
3471980,2,6.0,0.079,0,0
3472114,4,6.0,1.119,0,1
3472392,3,6.0,0.305,1,0
3472680,2,6.0,0.029,0,0
3472752,2,6.0,0.179,0,0
3473010,3,6.0,0.034,1,0
3473023,2,6.0,1.735,1,0
3473239,2,6.0,0.001,0,0
3473245,2,6.0,1.582,0,1
3473261,2,6.0,0.075,0,0
3473565,2,6.0,0.192,1,0
3473654,3,6.0,1.235,0,0
3473763,2,6.0,1.33,1,1
3474382,2,6.0,0.57,1,0
3474554,2,6.0,2.089,0,0
3474594,2,6.0,0.353,0,0
3474997,4,6.0,1.735,1,0
3475110,3,6.0,0.899,0,0
3475281,2,6.0,0.133,1,0
3475283,2,6.0,0.196,1,1
3475365,2,6.0,0.029,1,0
3475542,2,6.0,0.6709999999999999,0,0
3475543,2,6.0,0.353,0,0
3475723,2,6.0,0.086,1,0
3475726,2,6.0,0.026,1,0
3475880,3,6.0,0.226,0,0
3476146,2,6.0,0.1689999999999999,1,0
3476176,2,6.0,0.176,1,0
3476421,2,6.0,0.5529999999999999,1,0
3476433,2,6.0,0.311,1,1
3476511,2,6.0,0.019,1,0
3477135,2,6.0,0.088,1,1
3477138,3,6.0,0.059,1,1
3477150,3,6.0,0.87,1,0
3477203,2,6.0,0.353,0,0
3477361,2,6.0,0.038,0,1
3477446,2,6.0,0.628,1,0
3477588,4,6.0,0.899,1,0
3477748,3,6.0,0.157,1,0
3478147,2,6.0,0.022,1,1
3478165,4,6.0,0.067,1,0
3478319,2,6.0,1.262,1,1
3478429,2,6.0,0.028,0,0
3478654,3,6.0,0.061,1,0
3478655,3,6.0,0.087,1,0
3478979,2,6.0,0.5529999999999999,1,0
3479380,2,6.0,0.235,1,0
3479593,2,6.0,0.311,0,1
3479782,4,6.0,1.735,1,0
3480102,3,6.0,0.1369999999999999,0,0
3480222,3,6.0,0.457,0,1
3480257,2,6.0,0.192,1,0
3480258,2,6.0,0.031,1,1
3480297,2,6.0,1.5590000000000002,1,0
3480555,4,6.0,0.354,0,0
3480620,2,6.0,1.142,1,0
3480740,4,6.0,0.184,1,0
3480743,4,6.0,0.186,1,1
3480822,2,6.0,0.228,1,0
3480823,2,6.0,0.217,1,0
3480824,2,6.0,0.079,1,0
3480900,2,6.0,0.161,1,0
3481003,2,6.0,0.0,0,0
3481132,2,6.0,0.365,1,0
3481285,2,6.0,0.282,1,0
3481286,2,6.0,0.001,1,0
3481377,2,6.0,0.061,0,0
3481506,3,6.0,0.278,1,0
3481670,2,6.0,0.899,0,0
3481895,2,6.0,0.899,1,0
3481955,3,6.0,0.049,1,1
3481956,3,6.0,0.049,1,1
3482494,2,6.0,0.192,1,0
3482496,2,6.0,0.031,1,1
3482497,2,6.0,0.062,1,0
3482757,2,6.0,0.001,0,0
3482772,2,6.0,0.192,0,0
3482815,2,6.0,0.899,1,0
3482898,3,6.0,0.353,1,0
3482899,3,6.0,0.217,1,0
3482952,2,6.0,0.087,1,1
3483360,2,6.0,0.217,1,0
3483361,2,6.0,0.079,1,0
3483362,2,6.0,0.228,1,0
3483647,2,6.0,0.326,1,0
3484326,2,6.0,1.294,1,0
3484758,2,6.0,1.19,1,0
3484850,2,6.0,0.024,1,1
3484929,3,6.0,0.029,0,0
3485150,2,6.0,0.192,1,0
3485153,2,6.0,0.997,1,0
3485213,2,6.0,0.899,1,0
3485272,2,6.0,0.311,1,1
3485319,2,6.0,0.122,0,0
3485694,2,6.0,0.305,0,0
3485697,2,6.0,0.311,0,1
3486080,2,6.0,0.8320000000000001,1,0
3486090,2,6.0,1.0759999999999998,1,0
3486161,2,6.0,0.647,1,0
3486203,4,6.0,0.273,0,0
3486205,4,6.0,0.211,0,1
3486233,3,6.0,0.4,1,0
3486259,2,6.0,0.0819999999999999,1,0
3486380,2,6.0,0.179,1,0
3486426,2,6.0,0.899,1,0
3486456,2,6.0,0.971,1,0
3486684,2,6.0,0.353,1,0
3486693,2,6.0,0.305,1,0
3486703,2,6.0,0.01,1,0
3487134,2,6.0,0.091,1,0
3487555,2,6.0,0.628,1,0
3487560,3,6.0,0.139,1,1
3487735,2,6.0,0.017,1,0
3487984,2,6.0,1.287,1,1
3488061,2,6.0,0.06,1,0
3488147,2,6.0,0.155,1,0
3488205,2,6.0,0.899,1,0
3488260,2,6.0,1.287,0,1
3488318,2,6.0,0.133,1,0
3488323,2,6.0,0.196,1,1
3488456,2,6.0,0.899,1,0
3488610,2,6.0,1.142,1,0
3488677,2,6.0,0.311,1,1
3488748,2,6.0,1.142,1,0
3488749,2,6.0,0.536,1,0
3488855,2,6.0,0.001,1,1
3489074,3,6.0,0.06,1,0
3489075,3,6.0,0.072,1,0
3489240,2,6.0,0.0,1,0
3489254,2,6.0,0.089,1,0
3489258,2,6.0,0.039,1,0
3489294,2,6.0,0.395,1,0
3489443,2,6.0,0.536,1,0
3489824,2,6.0,0.024,1,1
3489925,2,6.0,0.273,1,0
3489931,2,6.0,0.211,1,1
3489934,2,6.0,1.123,1,0
3489940,3,6.0,0.15,1,1
3490018,3,6.0,1.571,0,0
3490140,2,6.0,0.188,1,0
3490211,2,6.0,0.332,1,0
3490331,2,6.0,0.611,1,0
3490427,4,6.0,1.998,0,0
3490701,2,6.0,0.226,1,0
3490710,3,6.0,0.899,1,0
3491052,2,6.0,0.87,1,0
3491086,2,6.0,0.899,1,0
3491142,2,6.0,0.311,0,1
3491293,2,6.0,0.897,1,0
3491661,2,6.0,0.221,0,0
3491682,2,6.0,0.536,1,0
3491684,2,6.0,0.899,1,0
3491945,3,6.0,0.021,1,1
3491946,3,6.0,0.02,1,1
3492051,2,6.0,0.104,1,0
3492445,2,6.0,0.001,1,0
3492450,2,6.0,0.026,1,0
3492453,2,6.0,0.036,1,0
3492517,2,6.0,0.144,0,0
3492839,2,6.0,0.0,1,0
3492873,2,6.0,0.088,1,0
3492886,2,6.0,0.067,1,0
3492889,2,6.0,0.226,1,0
3492905,2,6.0,0.191,1,1
3492906,2,6.0,0.122,1,0
3493150,3,6.0,0.001,1,1
3493546,2,6.0,0.103,1,0
3493572,2,6.0,0.113,1,0
3493667,2,6.0,0.087,1,1
3493885,3,6.0,0.321,1,0
3493913,3,6.0,0.201,1,1
3493914,3,6.0,0.201,1,1
3493933,3,6.0,0.882,0,0
3494057,2,6.0,0.321,1,0
3494093,2,6.0,1.287,1,1
3494101,4,6.0,1.289,1,1
3494105,4,6.376388888888889,1.287,1,1
3494120,2,6.0,0.129,1,1
3494126,2,6.0,0.26,1,0
3494162,3,6.0,0.0,1,1
3494163,3,6.0,0.0,1,1
3494269,2,6.0,0.278,1,0
3494301,2,6.0,0.103,0,0
3494818,2,6.0,0.647,1,0
3494956,2,6.0,0.278,1,0
3494960,2,6.0,0.278,1,0
3495097,2,6.0,0.081,1,0
3495114,2,6.0,0.153,1,0
3495175,2,6.0,0.628,0,0
3495329,2,6.0,1.142,1,0
3495339,2,6.0,0.192,1,0
3495504,2,6.0,0.051,1,1
3495531,3,6.0,0.055,0,0
3496125,3,6.0,1.3219999999999998,0,1
3496316,3,6.0,0.412,1,0
3496701,2,6.0,1.072,1,0
3496746,2,6.0,1.735,0,0
3497119,2,6.0,0.131,1,1
3497156,2,6.0,0.226,1,0
3497167,2,6.0,0.1689999999999999,0,0
3497584,2,6.0,0.87,0,0
3497738,2,6.0,0.103,1,0
3497772,2,6.0,0.311,1,1
3497848,2,6.0,0.177,1,0
3497898,2,6.0,0.089,1,0
3497912,2,6.0,0.166,1,0
3498143,4,6.0,1.123,0,0
3498156,3,6.0,0.221,1,0
3498593,2,6.0,0.263,1,1
3498872,2,6.0,1.3969999999999998,1,1
3498889,2,6.0,0.353,1,0
3499011,2,6.0,0.457,1,1
3499014,2,6.0,0.321,1,0
3499056,2,6.0,0.946,1,0
3499121,2,6.0,0.971,1,0
3499442,2,6.0,0.01,1,0
3499784,2,6.0,0.457,1,1
3499787,4,6.0,0.187,1,1
3500106,2,6.0,0.305,0,0
3500127,3,6.0,0.001,0,1
3500137,3,6.0,0.521,0,0
3500158,3,6.0,0.067,1,0
3500412,2,6.0,0.311,1,1
3500683,2,6.0,0.221,0,0
3500902,2,6.0,0.4,1,0
3501079,2,6.0,0.148,1,0
3501146,2,6.0,0.198,1,0
3501520,3,6.0,0.899,0,0
3501731,2,6.0,0.089,1,0
3501783,2,6.0,0.011,1,0
3501792,2,6.0,0.166,1,0
3501868,2,6.0,0.311,1,1
3501872,2,6.0,0.122,1,0
3502093,4,6.0,0.144,1,1
3502532,2,6.0,0.195,1,0
3502533,2,6.0,0.133,1,0
3502874,2,6.0,0.235,0,0
3503238,2,6.0,1.33,1,1
3503267,2,6.0,0.971,1,0
3503855,2,6.0,0.029,1,0
3503922,3,6.0,0.0,1,0
3503936,2,6.0,0.311,1,1
3503964,2,6.0,0.647,1,0
3504214,2,6.0,0.06,1,0
3504347,2,6.0,0.201,1,0
3504412,2,6.0,0.669,1,1
3504581,2,6.0,0.025,1,0
3504600,2,6.0,0.038,1,0
3504637,3,6.0,1.256,1,0
3504672,2,6.0,1.318,1,0
3504849,2,6.0,0.305,1,0
3504856,2,6.0,0.971,1,0
3504858,2,6.0,0.155,1,0
3504919,3,6.0,0.002,1,0
3504992,3,6.0,0.166,0,0
3505641,2,6.0,0.305,1,0
3505674,2,6.0,0.155,1,0
3505765,2,6.0,0.743,1,0
3506036,2,6.0,1.19,1,0
3506073,2,6.0,0.8240000000000001,1,0
3506107,2,6.0,1.1909999999999998,1,0
3506144,3,6.0,0.412,1,0
3506255,2,6.0,3.188,1,0
3506639,2,6.0,0.899,0,0
3506877,2,6.0,1.33,1,1
3506909,2,6.0,0.4,1,0
3507253,4,6.0,0.197,1,1
3507282,2,6.0,1.1909999999999998,1,0
3507292,2,6.0,1.318,1,0
3507334,2,6.0,0.024,1,1
3507659,3,6.0,1.1909999999999998,1,0
3507926,3,6.0,0.57,0,0
3508232,2,6.0,0.236,1,0
3508272,3,6.0,1.1909999999999998,1,0
3508304,3,6.0,0.235,1,0
3508793,3,6.0,0.851,0,0
3508804,4,6.0,1.33,1,1
3508913,3,6.0,0.155,1,0
3509246,2,6.0,0.155,1,0
3509335,2,6.0,0.521,1,0
3509555,2,6.0,1.318,1,0
3509648,2,6.0,0.256,1,0
3509722,3,6.0,0.097,1,0
3509727,3,6.0,0.175,1,0
3509836,2,6.0,0.205,1,0
3510008,2,6.0,0.41,1,0
3510225,4,6.0,0.076,0,0
3510589,2,6.0,0.311,1,1
3516392,2,6.0,0.481,1,0
3516418,3,6.0,0.25,1,0
3516421,3,6.0,0.12,1,0
3516431,2,6.0,0.127,1,0
3516434,2,6.0,0.214,1,1
3516501,3,6.0,1.122,0,0
3516507,3,6.0,0.249,0,0
3516546,3,6.0,0.291,1,0
3516561,2,6.0,0.094,1,0
3516573,2,6.0,0.794,1,0
3516620,3,6.0,0.481,1,0
3516666,3,6.0,0.867,0,0
3516673,2,6.0,0.155,1,0
3516679,2,6.0,0.094,1,0
3516725,2,6.0,0.199,1,0
3516735,3,6.0,0.095,1,0
3516761,2,6.0,0.288,0,0
3516770,2,6.0,0.294,1,0
3516796,2,6.0,0.25,1,1
3516848,2,6.0,0.088,1,1
3516923,3,6.0,0.477,1,0
3517001,2,6.0,0.291,1,0
3517013,3,6.0,0.153,0,0
3517042,3,6.0,0.127,1,0
3517124,2,6.0,0.501,1,0
3517203,3,6.0,0.345,1,0
3517293,4,6.0,0.518,0,1
3517299,2,6.0,0.288,1,0
3517300,2,6.0,0.059,1,1
3517330,3,6.0,0.589,1,0
3517359,3,6.0,0.127,1,0
3517435,3,6.0,0.139,1,1
3517437,2,6.0,0.529,1,0
3517627,2,6.0,0.794,1,0
3517639,2,6.0,0.0069999999999999,1,0
3517662,2,6.0,0.191,1,1
3517674,2,6.0,0.127,1,0
3517745,3,6.0,0.288,1,0
3517789,2,6.0,0.127,1,0
3517793,2,6.0,0.088,1,1
3517796,3,6.0,0.989,0,0
3517827,2,6.0,1.449,1,0
3517857,2,6.0,0.01,1,1
3517859,2,6.0,0.952,1,0
3517865,2,6.0,0.011,1,1
3517876,2,6.0,0.153,0,0
3517960,3,6.0,0.0069999999999999,1,0
3518008,2,6.0,0.095,1,0
3518024,2,6.0,0.087,1,1
3518062,2,6.0,0.074,1,0
3518073,3,6.0,0.018,0,0
3518084,2,6.0,0.612,1,0
3518198,3,6.0,1.124,1,0
3518203,3,6.0,0.0,1,1
3518206,2,6.0,0.083,1,0
3518241,2,6.0,1.016,1,0
3518282,2,6.0,0.693,1,0
3518301,2,6.0,0.477,1,0
3518309,3,6.0,0.363,1,0
3518336,2,6.0,0.106,1,0
3518403,2,6.0,1.006,1,0
3518424,3,6.0,0.055,1,0
3518429,3,6.0,0.255,1,0
3518459,2,6.0,0.305,1,0
3518590,2,6.0,1.016,1,0
3518645,2,6.0,0.8270000000000001,1,0
3518696,3,6.0,0.338,1,0
3518771,2,6.0,0.353,1,0
3518772,2,6.0,0.2,1,0
3518792,2,6.0,1.181,1,0
3518813,2,6.0,0.412,1,0
3518821,2,6.0,0.282,1,0
3518855,2,6.0,0.395,0,0
3518932,2,6.0,0.4370000000000001,1,0
3518948,2,6.0,0.541,1,0
3519059,3,6.0,0.112,1,0
3519070,3,6.0,1.582,1,1
3519074,3,6.0,0.0,0,1
3519187,2,6.0,0.113,1,0
3519188,2,6.0,0.622,1,0
3519205,2,6.0,1.016,1,0
3519228,2,6.0,0.299,1,0
3519230,2,6.0,0.023,1,1
3519253,3,6.0,1.33,0,1
3519255,3,6.0,1.582,0,1
3519263,2,6.0,0.584,1,0
3519269,2,6.0,0.221,1,0
3519294,2,6.0,0.647,1,0
3519302,3,6.0,0.06,1,0
3519312,2,6.0,1.735,1,0
3519315,3,6.0,0.013,1,1
3519316,3,6.0,0.057,1,1
3519377,3,6.0,0.747,1,1
3519383,2,6.0,0.383,1,0
3519384,2,6.0,0.194,1,0
3519388,3,6.0,0.2,1,1
3519441,2,6.0,1.149,0,1
3519482,3,6.0,1.149,1,1
3519496,2,6.0,0.087,1,1
3519498,3,6.0,0.395,1,0
3519507,2,6.0,0.1689999999999999,1,0
3519514,2,6.0,0.541,1,0
3519516,2,6.0,0.1689999999999999,1,0
3519517,3,6.0,0.1689999999999999,1,0
3519529,2,6.0,0.09,1,0
3519543,2,6.0,0.311,1,1
3519595,3,6.0,1.079,1,0
3519607,2,6.0,1.006,1,0
3519608,3,6.0,0.946,1,0
3519613,2,6.0,0.392,1,0
3519615,3,6.0,0.046,1,0
3519708,2,6.0,0.087,1,0
3519742,2,6.0,0.625,1,1
3519788,2,6.0,0.17,1,0
3519789,2,6.0,0.412,1,1
3519828,2,6.0,0.899,1,0
3519830,2,6.0,0.971,1,0
3519839,2,6.0,0.096,1,0
3519845,2,6.0,0.899,1,0
3519855,3,6.0,0.087,1,0
3519893,2,6.0,0.539,0,0
3519925,2,6.0,0.33,1,0
3519955,2,6.0,0.051,1,1
3519967,3,6.0,0.0,0,0
3519980,2,6.0,0.192,1,0
3520005,2,6.0,0.089,1,0
3520011,3,6.0,0.113,1,0
3520077,3,6.0,1.205,0,0
3520081,3,6.0,1.1909999999999998,0,0
3520086,3,6.0,0.087,0,1
3520109,3,6.0,0.196,0,0
3520118,3,6.0,0.203,1,0
3520199,4,6.0,1.586,1,1
3520222,2,6.0,0.8170000000000001,1,0
3520223,2,6.0,0.133,1,0
3520262,2,6.0,0.647,1,0
3520285,3,6.0,0.583,1,0
3520358,2,6.0,0.477,1,0
3520380,3,6.0,0.113,1,0
3520414,2,6.0,0.06,0,0
3520415,2,6.0,1.149,0,1
3520428,3,6.0,1.318,1,0
3520484,2,6.0,0.14,1,0
3520490,2,6.1241666666666665,0.971,1,0
3520491,2,6.157777777777778,0.912,1,0
3520544,2,6.0,0.098,1,0
3520590,2,6.0,0.971,1,0
3520593,3,6.0,0.209,1,0
3520721,2,6.0,0.424,1,0
3520772,3,6.0,0.062,1,1
3520776,3,6.0,0.0,1,1
3520794,4,6.0,1.577,1,0
3520836,2,6.0,0.4,1,0
3520852,2,6.0,0.311,1,1
3520855,2,6.0,0.248,1,0
3520867,3,6.0,0.136,1,0
3520868,3,6.0,0.0,1,1
3520895,3,6.0,1.33,1,1
3520902,2,6.0,0.0,1,1
3520912,3,6.0,0.207,0,0
3520932,2,6.0,0.971,1,0
3520935,2,6.0,0.172,1,1
3520944,2,6.0,0.278,1,0
3520945,2,6.0,0.029,1,0
3520948,2,6.0,0.043,1,0
3520978,2,6.0,1.318,1,0
3521058,2,6.0,0.946,1,0
3521072,2,6.0,0.221,0,0
3521077,3,6.0,0.899,1,0
3521120,3,6.0,0.217,1,0
3521150,2,6.0,1.318,1,0
3521152,2,6.0,1.123,1,0
3521198,4,6.0,0.049,1,1
3521233,2,6.0,0.899,1,0
3521270,2,6.0,1.318,1,0
3521273,3,6.0,0.747,1,1
3521287,3,6.0,0.1669999999999999,1,0
3521379,2,6.0,0.338,1,0
3521380,2,6.0,0.15,1,1
3521419,2,6.0,1.318,0,0
3521453,3,6.0,1.123,1,0
3521463,2,6.0,0.918,1,1
3521544,3,6.0,1.586,1,1
3521558,4,6.0,0.064,0,1
3521568,4,6.0,0.0,1,1
3521570,4,6.0,0.087,0,0
3521588,3,6.0,0.217,1,0
3521589,3,6.0,0.353,1,0
3521591,3,6.0,0.155,1,0
3521597,3,6.0,0.089,1,0
3521602,3,6.0,0.395,0,0
3521640,2,6.0,0.899,1,0
3521650,2,6.0,0.373,1,1
3521658,2,6.0,0.059,1,0
3521706,3,6.0,1.1909999999999998,1,0
3521749,3,6.0,0.058,1,0
3521751,2,6.0,0.946,1,0
3521760,2,6.0,0.135,1,0
3521771,3,6.0,0.074,1,0
3521787,2,6.0,0.4,1,0
3521798,2,6.0,0.0,1,1
3521802,3,6.0,0.179,1,0
3521832,3,6.0,0.261,0,0
3521878,2,6.0,0.081,1,0
3521919,4,6.0,0.114,0,1
3521959,2,6.0,0.133,1,0
3521960,2,6.0,0.195,1,0
3558409,2,6.0,0.06,0,0
3558452,3,6.0,0.089,0,0
3558544,3,6.0,0.539,0,0
3558545,2,6.0,0.17,0,1
3558560,4,6.0,0.997,1,0
3559325,2,6.0,0.536,1,0
3559398,2,6.0,0.536,1,0
3559941,3,6.0,0.899,1,0
3559964,2,6.0,0.8270000000000001,1,0
3559980,2,6.0,0.018,1,0
3560048,2,6.0,0.087,1,1
3560136,3,6.0,0.304,0,0
3560465,2,6.0,0.117,0,1
3560641,3,6.0,0.41,1,0
3560918,2,6.0,0.4,1,0
3561271,2,6.0,0.8270000000000001,1,0
3561957,3,6.0,0.623,0,0
3561978,2,6.0,0.192,0,0
3562822,2,6.0,0.024,1,1
3563016,3,6.0,0.318,0,0
3563043,4,6.0,1.775,0,0
3563194,4,6.0,0.551,0,0
3571862,2,6.0,0.068,1,0
3571969,2,6.0,1.0759999999999998,1,0
3572056,2,6.0,0.315,1,1
3572097,2,6.0,1.19,1,0
3572156,2,6.0,0.144,1,0
3572657,2,6.0,0.0,1,0
3572664,2,6.0,0.4,1,0
3572684,2,6.0,0.4,1,0
3572722,3,6.0,0.221,1,0
3572899,2,6.0,1.19,1,0
3573074,2,6.0,0.238,1,0
3573522,2,6.0,0.57,0,0
3573551,2,6.0,0.4,0,0
3573825,3,6.0,0.4,1,0
3573830,2,6.0,0.8270000000000001,1,0
3573929,2,6.0,1.294,0,0
3574004,2,6.0,1.123,1,0
3574272,2,6.0,0.087,0,1
3574391,3,6.0,0.018,1,0
3574729,2,6.0,0.068,1,0
3574735,2,6.0,1.294,1,0
3574976,2,6.0,1.582,1,1
3575145,2,6.0,0.0,1,1
3575147,2,6.0,0.0,1,1
3575262,2,6.0,0.226,0,0
3575424,2,6.031666666666666,1.594,1,1
3575751,2,6.0,0.088,0,1
3576042,2,6.0,0.023,1,1
3576119,4,6.0,0.0,1,1
3576150,2,6.0,1.735,1,0
3576349,2,6.0,0.098,1,0
3576512,2,6.0,1.351,1,1
3576611,2,6.0,0.144,0,0
3576669,3,6.0,0.628,0,0
3576692,3,6.0,0.127,0,0
3576783,3,6.0,0.221,1,0
3576807,3,6.0,1.19,0,0
3577042,2,6.0,0.8270000000000001,1,0
3577048,2,6.0,0.321,1,0
3577089,2,6.0,0.87,1,0
3577379,3,6.0,0.0,1,0
3577399,3,6.0,0.295,1,0
3577487,2,6.0,1.294,0,0
3577671,2,6.0,0.899,1,0
3577711,2,6.0,0.899,1,0
3577930,2,6.0,0.159,0,1
3577932,2,6.0,0.159,0,1
3577975,2,6.0,0.228,1,0
3578199,2,6.0,0.077,1,0
3578200,2,6.0,0.063,1,0
3578201,2,6.0,0.192,1,0
3578202,2,6.0,0.062,1,0
3578205,2,6.0,0.031,1,1
3578782,4,6.0,0.51,0,0
3579072,2,6.0,0.144,1,0
3579110,3,6.0,1.19,1,0
3579219,3,6.0,0.153,1,0
3580110,2,6.0,0.311,1,1
3580419,2,6.0,0.155,1,0
3580487,4,6.0,0.632,0,0
3580488,4,6.0,1.058,0,1
3580682,3,6.0,0.899,1,0
3580786,2,6.0,0.321,1,0
3581179,2,6.0,0.087,1,1
3581260,2,6.0,1.33,1,1
3581290,2,6.0,0.541,1,0
3581693,2,6.0,1.582,1,1
3581707,2,6.0,0.087,1,0
3581924,2,6.0,0.144,1,0
3582156,2,6.0,0.647,1,0
3582176,2,6.0,1.19,1,0
3582196,2,6.0,0.174,1,0
3582420,2,6.0,1.33,0,1
3582768,2,6.0,0.155,0,0
3582848,2,6.0,0.321,1,0
3583214,2,6.0,0.899,1,0
3583361,2,6.0,0.584,1,1
3583375,2,6.0,0.087,1,0
3583445,2,6.0,0.087,1,1
3583712,3,6.0,0.8270000000000001,0,0
3583714,3,6.0,0.8270000000000001,0,0
3583725,4,6.0,0.4970000000000001,0,1
3583905,3,6.0,0.149,1,0
3583939,3,6.0,0.87,1,0
3583942,2,6.0,0.238,1,0
3584226,2,6.0,0.176,1,0
3584489,3,6.0,0.0,0,1
3584496,2,6.0,0.119,0,0
3585217,2,6.0,0.221,0,0
3585506,2,6.0,0.0,1,0
3596308,2,6.0,0.584,1,1
3596503,2,6.0,0.8270000000000001,0,0
3596756,2,6.0,1.123,1,0
3596812,2,6.0,0.899,1,0
3596880,2,6.0,0.8270000000000001,0,0
3596931,3,6.0,0.899,0,0
3597359,2,6.0,0.899,0,0
3597374,3,6.0,0.522,0,0
3597414,2,6.0,0.4,1,0
3598162,4,6.0,0.364,1,0
3598557,2,6.0,0.179,1,0
3598570,2,6.0,1.19,1,0
3598879,2,6.0,1.591,0,0
3598943,2,6.0,0.0,1,0
3599042,2,6.0,0.583,1,0
3599123,2,6.0,0.584,1,1
3599199,2,6.0,0.088,1,1
3599401,4,6.0,0.899,1,0
3599827,4,6.0,0.316,0,0
3599828,4,6.0,0.195,0,0
3599837,3,6.0,0.536,0,0
3600139,2,6.0,0.305,1,0
3600254,2,6.0,0.087,1,0
3600288,2,6.0,0.19,0,0
3600418,2,6.0,1.19,1,0
3600453,4,6.0,1.33,1,1
3600585,2,6.0,0.087,1,1
3600608,2,6.0,0.87,1,0
3600782,2,6.0,1.591,1,0
3601060,2,6.0,0.7090000000000001,1,0
3601061,2,6.0,0.304,1,0
3601362,2,6.0,0.001,1,0
3601363,2,6.0,0.583,1,0
3601834,3,6.0,0.214,0,0
3601934,3,6.0,1.294,1,0
3602195,2,6.0,0.0819999999999999,1,1
3602357,3,6.0,0.235,0,0
3602567,2,6.0,0.179,1,0
3602747,2,6.0,0.87,0,0
3602799,2,6.0,0.311,1,1
3603046,3,6.0,1.351,1,1
3603074,3,6.0,0.947,1,0
3603077,2,6.0,0.304,1,0
3603286,2,6.0,0.3670000000000001,1,0
3603345,2,6.0,0.899,1,0
3603422,2,6.0,0.628,1,0
3603507,2,6.0,1.19,1,0
3603598,2,6.0,0.899,1,0
3603740,2,6.0,0.8270000000000001,1,0
3603929,3,6.0,0.8270000000000001,0,0
3604075,2,6.0,0.57,1,0
3604133,2,6.0,0.321,1,0
3604163,2,6.0,0.899,1,0
3604175,3,6.0,0.311,1,1
3604215,2,6.0,0.353,1,0
3604731,3,6.0,0.536,1,0
3604869,2,6.0,0.0,1,1
3604931,2,6.0,0.088,1,0
3604943,2,6.0,0.0,1,0
3605194,2,6.0,0.226,1,0
3605546,3,6.0,0.8270000000000001,1,0
3613052,3,6.0,0.87,1,0
3613459,2,6.0,1.058,1,1
3613460,2,6.0,0.632,1,0
3613513,2,6.0,0.311,1,1
3613601,2,6.0,0.087,1,1
3613653,2,6.0,1.123,1,0
3613716,2,6.0,1.071,0,0
3614241,2,6.0,0.0,1,0
3614284,2,6.0,0.0,1,0
3614675,2,6.0,0.133,1,0
3614958,3,6.0,0.946,1,0
3615666,2,6.0,0.41,1,0
3615824,2,6.0,0.0,1,0
3615926,2,6.0,0.01,0,0
3615976,3,6.0,0.409,1,0
3616028,2,6.0,0.8270000000000001,1,0
3616105,2,6.0,1.06,1,0
3616116,2,6.0,0.0,1,0
3616161,3,6.0,1.571,1,1
3616164,2,6.0,1.339,1,1
3616220,3,6.0,1.571,1,1
3616227,2,6.0,0.238,1,0
3616266,2,6.0,1.123,1,0
3616633,2,6.0,0.3670000000000001,1,0
3616787,2,6.0,0.311,1,1
3617070,2,6.0,0.541,1,0
3617102,2,6.0,0.0,1,0
3617185,2,6.0,0.311,1,1
3617267,2,6.0,0.647,1,0
3617454,2,6.0,0.0,1,0
3617523,2,6.0,0.353,1,0
3617542,2,6.0,0.0,1,0
3617568,2,6.0,0.305,0,0
3617818,2,6.0,1.735,1,0
3617875,2,6.0,1.318,1,0
3618030,2,6.0,0.899,1,0
3618171,3,6.0,0.016,1,0
3618527,4,6.0,0.0,0,0
3618786,2,6.0,0.0,1,0
3619001,3,6.0,0.536,0,0
3619161,3,6.0,0.755,1,0
3619277,2,6.0,0.0,1,0
3626228,2,6.0,0.221,1,0
3626961,2,6.0,0.521,1,0
3627343,2,6.0,0.221,1,0
3627638,2,6.0,0.088,1,1
3628285,2,6.0,0.409,1,0
3628340,2,6.0,0.0,1,0
3628578,3,6.0,0.0,1,0
3629043,2,6.0,0.305,1,0
3629196,2,6.0,0.628,1,0
3629335,3,6.0,0.409,1,0
3629513,3,6.0,0.457,1,1
3629678,2,6.0,1.735,1,0
3629718,2,6.0,0.409,1,0
3629722,3,6.0,0.0,0,0
3629917,2,6.0,0.087,1,0
3629973,2,6.0,0.172,1,0
3629987,2,6.0,0.062,1,0
3629988,2,6.0,0.176,1,1
3629989,2,6.0,0.192,1,0
3629990,2,6.0,0.051,1,0
3629992,2,6.0,0.031,1,1
3630053,2,6.0,0.221,0,0
3630635,2,6.0,0.409,1,0
3630727,2,6.0,0.0,1,1
3630929,2,6.0,0.221,1,0
3631106,2,6.0,0.311,1,1
3631156,3,6.0,1.0759999999999998,1,0
3631195,2,6.0,0.087,1,1
3631200,2,6.0,0.087,0,1
3631305,2,6.0,0.409,1,0
3631438,3,6.0,0.0,1,0
3631640,2,6.0,0.221,1,0
3631817,2,6.0,0.238,1,0
3631941,2,6.0,1.235,1,0
3632067,2,6.0,0.899,1,0
3632413,4,6.0,0.172,0,1
3632414,4,6.0,0.172,0,1
3632427,3,6.0,0.15,0,1
3632598,3,6.0,0.8270000000000001,1,0
3633257,2,6.0,0.7070000000000001,1,0
3633309,4,6.7747222222222225,1.382,0,1
3633455,2,6.0,0.192,1,0
3633522,2,6.0,0.0,1,0
3633545,2,6.0,0.0,1,0
3633635,2,6.0,0.899,1,0
3633697,2,6.0,1.071,1,0
3634082,4,6.0,1.735,1,0
3634803,2,6.0,0.7829999999999999,1,0
3635063,2,6.0,1.014,1,1
3635150,3,6.0,1.135,0,0
3642035,3,6.0,0.184,1,0
3642193,4,6.0,0.7290000000000001,1,0
3642331,2,6.0,0.946,1,0
3642338,2,6.0,0.409,1,0
3642370,2,6.0,0.056,1,1
3642434,3,6.0,0.899,0,0
3642625,2,6.0,0.946,1,0
3642641,2,6.0,0.221,1,0
3642661,2,6.0,0.015,1,0
3642662,2,6.0,0.278,1,0
3643019,2,6.0,0.0,1,0
3643065,2,6.0,0.0,0,0
3643249,2,6.0,0.946,1,0
3643276,3,6.0,1.339,1,1
3643505,2,6.0,0.0,1,0
3643654,4,6.0,1.339,1,1
3643723,4,6.0,0.055,1,1
3644037,2,6.0,0.155,1,0
3644144,2,6.0,1.339,1,1
3644159,2,6.0,0.087,0,1
3644445,2,6.0,0.0,1,0
3644641,4,6.0,0.447,1,0
3644657,2,6.0,1.119,1,1
3644718,2,6.0,0.027,1,0
3644808,2,6.0,0.267,1,0
3644817,2,6.0,0.304,0,0
3644844,2,6.0,0.311,0,1
3645202,2,6.0,0.73,1,1
3645464,2,6.0,0.441,0,0
3645986,3,6.0,0.481,1,0
3646412,2,6.0,0.946,1,0
3646517,4,6.0,0.139,1,1
3646657,3,6.0,1.06,1,0
3646935,2,6.0,0.161,1,0
3647000,2,6.0,0.297,1,0
3647130,4,6.0,0.153,1,1
3647137,2,6.0,0.311,1,1
3647304,3,6.0,0.157,1,1
3655810,2,1.5602777777777779,0.78,1,1
3657628,2,2.1425,0.057,1,0
3658384,2,1.9583333333333333,0.735,0,0
3658385,2,1.275,1.226,0,0
3658942,2,2.1552777777777776,0.047,1,0
3660150,2,2.1997222222222224,0.286,1,0
3660475,2,2.232222222222222,0.084,1,0
3660476,2,2.171111111111111,0.084,1,1
3660477,2,2.2911111111111113,0.08,1,1
3660581,2,0.6116666666666667,0.514,1,0
3660593,2,1.275,1.828,1,0
3661923,2,2.176111111111111,0.6829999999999999,1,0
3672082,2,2.131111111111111,0.6729999999999999,0,0
3672302,2,2.3,0.022,1,0
3672340,2,2.0766666666666667,0.919,1,0
3672903,2,2.1333333333333333,1.031,1,0
3673119,2,1.4666666666666666,1.012,1,0
3673904,2,2.174722222222222,0.043,1,1
3674311,2,2.1791666666666667,0.029,1,1
3674332,2,2.2275,0.065,1,0
3681388,2,4.833055555555555,5.76,0,0
3681938,2,2.192222222222222,0.231,0,0
3682696,2,3.5780555555555558,0.8009999999999999,0,0
3683306,2,3.0369444444444444,0.036,0,0
3683794,2,2.7108333333333334,0.015,1,1
3684084,2,0.6416666666666667,1.031,1,0
3684730,2,2.272777777777778,0.01,1,0
3684746,2,2.2580555555555555,0.775,0,0
3685197,2,1.5666666666666667,0.732,0,0
3686799,2,2.564722222222222,0.022,1,0
3687320,2,2.129722222222222,0.015,1,1
3687605,2,2.1663888888888887,0.026,0,0
3687882,2,2.1569444444444446,0.775,0,0
3688172,2,1.0416666666666667,1.853,0,1
3689331,2,0.875,0.249,1,0
3689725,2,1.6472222222222221,1.52,1,0
3689782,2,2.175,0.784,1,0
3690763,2,2.0997222222222223,0.074,1,0
3692501,2,2.8827777777777777,0.22,1,0
3693176,2,2.1847222222222222,0.044,1,1
3696168,2,2.192222222222222,0.026,0,0
3696218,2,2.1594444444444445,0.043,1,0
3698675,2,2.091388888888889,1.66,1,0
3699387,2,2.1266666666666665,0.02,1,0
3700062,2,2.1355555555555554,0.754,1,0
3701020,2,2.223888888888889,0.755,1,1
3701169,2,3.233611111111111,0.035,1,0
3702210,2,2.1869444444444444,0.077,1,0
3702446,2,2.2480555555555557,0.735,1,0
3702617,2,2.222777777777778,0.22,1,0
3702839,2,0.6166666666666667,1.882,0,0
3702940,2,3.187222222222222,0.98,1,0
3703384,2,2.1,0.057,1,0
3703388,2,3.6591666666666667,2.366,1,1
3703760,2,2.216388888888889,0.051,1,0
3704025,2,3.668888888888889,0.718,1,0
3704315,2,2.2152777777777777,0.084,1,0
3704316,2,2.131388888888889,0.081,1,0
3705356,2,8.883333333333333,4.518,1,0
3705371,2,0.41638888888888886,0.6759999999999999,1,0
3705617,2,5.392777777777778,0.664,1,1
3707006,2,2.046388888888889,0.737,0,0
3707246,2,1.543611111111111,0.05,1,0
3707247,2,2.1275,0.037,1,0
3707248,2,0.4666666666666667,0.573,0,0
3707249,2,1.323611111111111,0.908,1,0
3707250,2,1.8891666666666667,0.011,1,0
3707398,2,2.089722222222222,0.377,0,0
3707580,2,13.837777777777777,3.256,0,0
3707735,2,0.5375,0.21,1,0
3707736,2,0.6363888888888889,0.521,1,0
3707918,2,2.1533333333333333,1.017,0,0
3707919,2,2.1519444444444447,0.7490000000000001,0,0
3707920,2,4.341666666666667,0.705,1,0
3707921,2,2.151666666666667,0.809,0,0
3707922,2,1.6752777777777779,0.905,0,0
3707923,2,0.9338888888888889,1.57,1,0
3707924,2,2.1875,0.7020000000000001,1,0
3707925,2,2.5833333333333335,0.804,1,0
3708058,2,4.1866666666666665,0.62,1,0
3708138,2,4.913611111111111,0.7509999999999999,1,0
3708160,2,2.2133333333333334,0.087,1,1
3708161,2,1.7244444444444444,0.114,1,0
3708162,2,1.3363888888888888,2.438,1,0
3708163,2,1.9702777777777778,0.092,1,0
3708164,2,1.808888888888889,0.976,0,0
3708174,2,0.9666666666666667,1.765,0,0
3708283,2,2.1855555555555557,0.252,0,0
3708284,2,2.777222222222222,0.1639999999999999,0,0
3708285,2,2.274722222222222,0.087,1,0
3708286,2,2.486111111111111,0.281,1,0
3708287,2,2.2777777777777777,0.075,1,0
3708288,2,0.43694444444444447,1.015,1,0
3708289,2,2.108888888888889,0.324,1,0
3708290,2,2.3594444444444442,0.05,1,0
3708291,2,2.5613888888888887,0.0819999999999999,1,0
3708292,2,2.0794444444444444,0.594,1,0
3708334,2,1.916111111111111,0.7759999999999999,1,0
3708467,2,2.2108333333333334,0.218,0,1
3708939,2,1.6744444444444444,0.135,0,1
3708963,2,1.0916666666666666,1.075,0,1
3709199,2,0.36666666666666664,0.239,0,1
3710469,2,1.678611111111111,0.263,1,0
3710724,2,1.691111111111111,0.441,1,0
3713119,2,2.0791666666666666,1.369,0,0
3713575,2,0.8916666666666667,0.377,0,0
3713667,2,3.1444444444444444,1.433,1,0
3713762,2,0.5244444444444445,0.275,1,1
3713763,2,0.3416666666666667,0.118,0,1
3714400,2,0.9883333333333333,1.436,1,0
3714531,2,0.21666666666666667,0.583,0,0
3714973,2,1.275,2.11,0,0
3715346,2,4.100555555555555,0.617,1,0
3715347,2,3.253888888888889,2.8,1,0
3716792,4,1.59,0.35,0,1
3716916,2,1.645,0.604,1,0
3716917,2,2.1902777777777778,0.342,1,1
3717085,2,2.160277777777778,1.471,1,1
3717263,2,0.3333333333333333,0.384,1,0
3717264,2,0.42583333333333334,0.214,1,0
3717708,2,2.352222222222222,0.485,1,0
3717787,2,2.99,3.197,1,0
3717788,2,5.851388888888889,1.2,1,0
3718009,2,2.1925,0.13,0,0
3718010,2,0.3416666666666667,0.973,0,0
3718011,2,2.158333333333333,0.25,1,0
3718130,2,2.373611111111111,0.283,1,0
3718158,2,0.9222222222222223,2.027,1,0
3718228,2,4.48,0.293,0,0
3718583,2,5.1,3.678,1,0
3719209,2,1.3069444444444445,0.142,0,0
3720050,2,1.4544444444444444,0.01,0,0
3720051,2,2.3097222222222222,0.029,0,1
3721458,2,1.855,0.09,0,1
3721582,2,2.1825,0.019,0,1
3722428,2,2.1105555555555555,1.558,1,0
3722546,2,2.281111111111111,0.057,1,0
3722630,2,1.6030555555555555,0.69,1,0
3722860,2,2.651666666666667,0.056,0,0
3722861,2,2.0994444444444444,1.611,1,0
3722862,2,1.5152777777777777,0.145,0,0
3722863,2,1.4819444444444445,1.139,1,0
3722978,2,0.21666666666666667,0.7829999999999999,1,0
3722979,2,1.7394444444444443,0.732,0,0
3723258,2,169.93777777777777,0.043,0,0
3723259,2,0.18333333333333332,0.496,1,0
3723454,2,2.025,1.386,0,0
3723554,2,2.0166666666666666,0.205,1,0
3723604,2,2.2533333333333334,0.051,1,0
3726282,2,3.408333333333333,1.631,1,0
3726397,2,1.4555555555555555,0.033,0,0
3727921,2,1.0572222222222223,3.87,1,0
3730523,2,2.9763888888888888,0.088,1,1
3730598,2,0.34944444444444445,0.294,0,0
3730762,2,3.7130555555555556,0.644,1,0
3730980,2,3.8091666666666666,0.042,1,0
3731017,2,1.5238888888888888,0.31,1,0
3731331,2,1.5419444444444443,0.042,1,1
3731451,2,2.141111111111111,0.163,1,0
3732156,2,1.6627777777777777,0.344,1,0
3732540,2,0.23333333333333334,0.498,1,1
3733318,2,2.0475,2.222,1,0
3733591,2,4.424166666666666,1.973,1,1
3733727,2,1.3741666666666668,0.7240000000000001,1,1
3733728,2,2.078333333333333,1.32,1,0
3734492,2,2.025,0.293,0,0
3734562,2,2.1083333333333334,0.291,0,1
3734711,2,3.1925,0.727,0,0
3734712,2,2.1019444444444444,0.6970000000000001,0,0
3734784,2,2.0383333333333336,0.5,1,0
3734785,2,1.5597222222222222,0.294,1,0
3734786,2,1.9691666666666667,0.341,1,0
3737377,2,1.5616666666666668,0.05,0,1
3737378,2,1.6891666666666667,0.031,0,1
3737542,2,1.716388888888889,0.101,1,0
3737566,2,1.4075,0.604,1,0
3737659,2,1.8722222222222222,0.044,1,0
3737660,2,2.1372222222222224,0.031,1,0
3737744,2,1.8166666666666667,0.068,1,0
3737745,2,2.053888888888889,0.095,0,0
3738570,2,2.2416666666666667,0.153,1,1
3738634,2,2.549166666666667,0.998,1,0
3739084,2,2.133888888888889,0.037,1,1
3739142,2,6.2444444444444445,5.523,1,0
3739219,2,0.65,1.685,0,0
3739301,2,1.928611111111111,0.089,0,1
3739775,2,2.983888888888889,0.6809999999999999,1,1
3740121,2,0.6691666666666667,0.6890000000000001,1,0
3740138,2,3.7175,0.04,0,0
3740217,2,0.7938888888888889,1.091,1,1
3740254,4,2.08,0.33,0,0
3740619,2,0.35,0.237,0,1
3741073,2,6.013333333333334,2.315,1,0
3741250,2,2.2511111111111113,0.025,1,0
3741471,2,1.761388888888889,0.701,1,0
3741514,2,3.065,0.297,1,0
3741919,2,0.3416666666666667,0.44,1,0
3742704,2,0.8583333333333333,1.63,0,1
3742798,2,1.7194444444444446,0.016,1,1
3742930,2,5.098333333333334,3.096,1,0
3743002,2,0.36666666666666664,0.389,0,0
3743247,2,2.245833333333333,0.8440000000000001,1,0
3743749,2,1.6613888888888888,0.032,0,0
3743750,2,1.8511111111111112,0.755,0,1
3744165,2,1.8552777777777778,0.342,0,1
3745402,2,5.536944444444444,0.8190000000000001,1,1
3745450,2,1.658611111111111,0.071,1,0
3745791,2,3.1494444444444443,1.486,1,0
3746246,2,3.0644444444444443,0.353,1,0
3746340,2,0.5941666666666666,0.402,1,0
3746341,2,1.4,1.031,0,0
3747469,2,2.904166666666667,0.211,1,0
3750750,2,1.7975,0.7170000000000001,1,1
3751062,2,1.2166666666666666,0.5489999999999999,0,0
3751975,2,0.3661111111111111,0.4,1,0
3752060,2,0.9852777777777778,3.187,0,0
3752068,2,1.5922222222222222,0.281,1,0
3752187,2,1.6330555555555555,0.973,1,0
3752234,2,2.1819444444444445,0.022,1,0
3752235,2,2.148888888888889,0.604,0,0
3755298,2,2.9991666666666665,0.6729999999999999,0,0
3755467,2,2.5833333333333335,1.534,0,1
3755468,2,1.4083333333333334,1.356,1,0
3756197,2,2.632222222222222,0.0069999999999999,1,0
3756198,2,2.1433333333333335,0.075,0,0
3756796,2,6.051944444444445,0.501,1,1
3757214,2,2.093611111111111,0.802,0,1
3758062,2,2.662777777777778,1.564,1,0
3758063,2,2.321111111111111,1.565,1,0
3758813,2,2.1341666666666668,0.475,1,0
3759509,2,3.8516666666666666,1.362,1,0
3759527,2,1.6933333333333334,0.755,1,1
3759528,2,2.5580555555555557,0.015,1,0
3759529,2,1.4397222222222221,0.009,0,0
3759647,2,2.0547222222222223,0.205,1,1
3759870,2,0.44166666666666665,0.379,1,1
3760591,2,3.0205555555555557,0.617,0,0
3760592,2,2.6416666666666666,0.7709999999999999,0,0
3760633,2,1.1833333333333333,2.584,0,1
3761299,2,3.442222222222222,2.575,1,0
3761300,2,5.013333333333334,0.7879999999999999,0,0
3761301,2,0.34194444444444444,0.565,1,1
3761822,2,2.178611111111111,0.058,1,0
3762168,2,1.2244444444444444,1.456,1,0
3762517,2,2.4811111111111113,0.406,1,0
3763120,2,0.2,0.604,0,0
3763942,2,4.731388888888889,2.325,1,0
3763949,2,4.081111111111111,3.888,1,0
3764291,2,2.283333333333333,0.173,0,0
3764389,2,1.4794444444444443,0.703,0,0
3764504,2,0.6083333333333333,1.037,0,0
3764747,2,172.29722222222222,0.011,0,0
3765174,2,2.1461111111111113,0.099,0,0
3765175,2,2.3983333333333334,0.439,1,0
3765176,2,2.395277777777778,0.06,0,0
3765377,2,4.141666666666667,2.415,1,0
3765645,2,1.9166666666666667,0.917,0,0
3765674,2,0.6061111111111112,0.35,1,1
3766547,2,0.35833333333333334,0.246,0,1
3767125,2,1.4833333333333334,1.241,0,0
3768455,2,2.379166666666667,0.104,0,1
3769041,2,3.1108333333333333,0.86,1,0
3769194,2,0.21666666666666667,0.589,0,1
3769804,2,1.7419444444444445,2.465,1,0
3770014,2,3.183333333333333,0.322,0,0
3770924,2,0.6869444444444445,0.802,1,1
3771607,2,1.5755555555555556,0.182,1,1
3771671,2,5.3133333333333335,0.448,1,0
3771779,2,2.390833333333333,0.6559999999999999,1,0
3771780,2,1.4761111111111112,0.685,0,0
3771781,2,1.7702777777777778,0.654,0,0
3771979,2,3.19,0.752,0,0
3771980,2,3.8944444444444444,0.764,1,0
3771981,2,1.7486111111111111,0.726,1,1
3772347,2,1.5416666666666667,1.041,0,0
3772455,2,1.6536111111111111,0.292,0,0
3772456,2,3.0083333333333333,1.765,0,0
3772869,2,3.0772222222222223,0.03,0,0
3774365,4,70.68333333333334,0.248,0,0
3774390,2,1.4069444444444446,0.297,1,0
3774391,2,0.3333333333333333,0.174,0,0
3774659,4,2.2333333333333334,0.171,1,1
3774698,2,3.598888888888889,2.555,1,0
3774699,2,0.8333333333333334,0.4270000000000001,1,0
3774765,2,2.1130555555555555,0.133,1,0
3774774,2,1.3097222222222222,1.577,1,0
3774776,2,4.473055555555556,2.315,1,0
3775227,2,1.0766666666666667,0.773,1,0
3775228,2,0.3333333333333333,0.231,0,1
3775229,2,1.7583333333333333,0.356,0,0
3775699,2,3.65,2.5660000000000003,1,0
3777261,2,4.144444444444445,0.971,0,0
3777262,2,2.1666666666666665,0.371,0,0
3777471,2,0.35833333333333334,0.339,0,1
3777508,2,2.2069444444444444,0.171,0,1
3777731,2,1.275,1.396,1,0
3778330,2,0.36666666666666664,0.405,0,0
3778950,2,1.5566666666666666,0.672,1,0
3778951,2,3.25,0.181,0,0
3778952,2,3.175,0.913,1,0
3778953,2,0.7833333333333333,1.69,1,0
3778954,2,2.0416666666666665,0.763,1,0
3778955,2,1.2166666666666666,2.221,1,0
3778956,2,0.2,0.342,1,1
3778957,2,0.275,0.616,0,0
3779030,2,6.423055555555556,3.239,1,0
3779425,2,5.660277777777778,4.517,1,0
3779426,2,3.5861111111111112,3.817,1,0
3779649,2,6.7877777777777775,1.982,1,0
3779741,2,0.21666666666666667,0.823,0,0
3779838,2,1.1416666666666666,0.847,0,0
3780119,2,0.45,0.486,1,0
3780120,2,0.475,0.4320000000000001,1,1
3780536,2,2.5519444444444446,0.517,0,0
3781279,2,3.7380555555555555,1.765,1,0
3781492,2,4.275555555555556,1.098,1,0
3781493,2,6.805833333333333,1.984,1,0
3781696,2,3.4630555555555556,2.274,1,0
3781699,2,1.5486111111111112,0.7879999999999999,1,0
3781700,2,2.1302777777777777,0.7979999999999999,1,0
3782064,2,0.4083333333333333,0.778,1,0
3782065,2,1.6333333333333333,1.57,0,0
3782066,2,0.20833333333333334,0.172,0,0
3782227,2,1.5227777777777778,0.252,1,0
3782319,2,3.8475,1.524,1,0
3782332,2,1.6125,0.644,1,0
3782490,2,1.6094444444444445,0.802,1,0
3782491,2,2.7177777777777776,0.836,0,0
3782817,2,3.125,2.684,0,0
3783456,4,2.604722222222222,0.204,1,0
3783459,2,0.225,0.24,0,0
3783875,2,2.2741666666666664,0.7140000000000001,1,0
3783876,2,4.083333333333333,0.7390000000000001,1,1
3783877,2,1.5,0.537,0,0
3784007,2,7.272777777777778,1.598,1,0
3785113,2,3.9569444444444444,1.917,1,0
3785312,2,2.2172222222222224,0.772,1,0
3785319,2,2.0533333333333332,0.247,1,0
3785425,2,2.03,0.802,1,0
3786023,2,2.163611111111111,0.008,1,0
3786142,2,7.873888888888889,0.399,1,1
3786165,2,1.9447222222222222,2.309,1,0
3786263,2,3.8916666666666666,3.153,1,0
3786364,2,1.7336111111111112,1.124,0,0
3786542,2,2.92,2.033,1,0
3787294,2,0.3333333333333333,0.312,0,0
3787529,2,3.0855555555555556,1.222,1,0
3787570,2,3.3005555555555555,0.05,1,0
3787685,2,3.111111111111111,0.7879999999999999,1,0
3787769,2,2.9455555555555555,0.807,0,0
3787770,2,2.098888888888889,0.843,1,0
3788606,2,1.6436111111111111,0.029,0,1
3788746,2,3.8733333333333335,0.179,1,0
3788747,2,0.7833333333333333,0.336,1,0
3794247,2,0.4247222222222222,0.203,1,1
3794248,2,2.207222222222222,0.218,1,1
3794543,2,1.7225,0.615,1,0
3794841,2,5.772222222222222,2.209,1,0
3794973,2,2.1075,1.164,0,1
3795091,2,1.6972222222222222,0.05,0,1
3795646,2,1.211111111111111,0.936,1,0
3795791,2,0.15,0.24,1,0
3795895,2,0.8,0.638,0,0
3796396,2,1.3416666666666666,0.773,0,0
3796685,2,1.4816666666666667,0.049,0,0
3797715,2,2.028611111111111,0.121,1,0
3797716,2,3.137777777777778,4.542,1,0
3797717,2,1.3033333333333332,2.247,1,0
3797718,2,7.7363888888888885,1.5519999999999998,1,0
3797793,2,2.0877777777777777,0.106,1,1
3797950,2,1.7522222222222221,0.038,1,1
3798138,2,7.3925,0.872,1,0
3798249,2,2.1886111111111113,0.7859999999999999,0,0
3798276,2,1.4083333333333334,0.547,0,0
3801098,2,1.8975,0.435,1,0
3801162,2,2.1127777777777776,0.133,1,0
3801213,2,0.44166666666666665,0.135,1,1
3802036,2,5.088333333333333,2.886,1,0
3802550,2,1.4083333333333334,1.062,0,1
3802596,2,0.8663888888888889,0.369,1,0
3802916,2,2.4783333333333335,0.782,1,0
3802921,2,2.2044444444444444,0.051,1,1
3803201,2,2.1172222222222223,1.139,0,0
3803315,2,3.5108333333333333,4.1110000000000015,1,0
3803498,2,1.7027777777777777,0.2,1,1
3803636,2,1.9636111111111112,0.6940000000000001,0,0
3803712,2,2.0838888888888887,0.281,1,0
3803794,2,1.7686111111111111,0.698,1,0
3803795,2,1.3875,0.805,1,0
3803818,2,1.7663888888888888,0.138,1,0
3803819,2,1.053611111111111,0.233,1,0
3804190,2,2.3969444444444443,0.2,0,1
3804274,2,0.6166666666666667,0.376,0,0
3804275,2,2.7955555555555556,0.143,1,0
3804688,2,0.38333333333333336,0.114,0,1
3804868,2,6.151388888888889,2.452,1,0
3805179,2,7.873611111111111,1.683,1,0
3806144,2,0.3416666666666667,0.129,0,1
3806434,2,2.3916666666666666,0.5710000000000001,0,0
3806536,2,2.0369444444444444,0.352,0,0
3806564,2,2.55,0.049,1,1
3807411,2,2.293888888888889,0.422,1,0
3807474,2,1.4197222222222223,0.05,0,1
3808041,2,0.3333333333333333,0.4320000000000001,1,0
3808794,2,1.2166666666666666,1.759,0,0
3809299,2,4.283333333333333,1.463,1,0
3809328,2,2.2283333333333335,0.04,1,0
3809637,2,0.34694444444444444,0.229,1,1
3809638,2,2.6077777777777778,0.067,0,1
3809672,2,4.251388888888889,3.285,1,1
3809823,2,2.198611111111111,0.755,1,1
3810549,2,2.213611111111111,0.247,1,0
3810773,2,1.8747222222222222,0.257,0,0
3811348,2,1.3491666666666666,0.166,0,0
3811483,2,0.3736111111111111,0.257,1,0
3811527,2,2.6352777777777776,0.072,0,0
3811728,2,7.811388888888889,0.672,1,0
3811729,2,0.9833333333333333,0.7709999999999999,0,0
3811730,2,0.21222222222222223,0.462,1,0
3811731,2,0.21666666666666667,0.342,0,1
3811787,2,0.4,0.315,0,1
3811804,2,1.1,0.851,1,0
3811886,2,1.2052777777777777,0.8170000000000001,1,1
3812430,2,1.5863888888888888,0.228,1,1
3812596,2,2.1,0.148,1,0
3812597,2,1.4830555555555556,0.37,1,0
3812658,2,1.0791666666666666,0.452,1,0
3812668,2,2.029166666666667,0.104,1,1
3812717,2,0.425,0.5870000000000001,0,1
3813418,2,2.362222222222222,0.215,1,0
3813419,2,0.3441666666666667,0.436,1,0
3816027,2,4.189722222222223,1.0,1,0
3816178,2,3.086388888888889,0.085,1,1
3816179,2,1.4513888888888888,0.448,1,0
3817024,2,4.917777777777777,3.888,1,0
3817401,2,2.076388888888889,0.017,0,0
3817581,2,1.1416666666666666,2.486,0,0
3817694,2,1.6366666666666667,0.173,0,0
3817695,2,1.5422222222222222,0.151,0,1
3817860,2,4.133333333333334,3.755,0,0
3818038,2,1.4183333333333332,0.091,1,1
3819009,2,3.9766666666666666,2.399,1,0
3819791,2,1.6183333333333334,0.645,0,0
3819978,2,1.1333333333333333,0.728,0,0
3819979,2,0.6288888888888889,1.1909999999999998,1,0
3819980,2,6.458333333333333,0.913,1,0
3820167,2,3.9788888888888887,3.545,1,0
3820168,2,1.0372222222222223,1.226,1,0
3823046,2,0.35,1.139,0,0
3823371,2,2.1369444444444445,0.017,1,1
3823528,2,2.0741666666666667,0.12,1,1
3823545,2,0.35833333333333334,0.616,0,0
3823674,2,1.4441666666666666,0.6709999999999999,1,0
3823675,2,1.0222222222222221,0.622,1,0
3823869,2,2.0575,0.115,0,0
3824246,2,6.141666666666667,0.792,1,0
3824247,2,2.8619444444444446,1.046,1,0
3824272,2,1.4416666666666667,0.988,1,0
3824572,2,1.5877777777777777,0.7040000000000001,1,0
3824574,2,2.3105555555555557,0.7909999999999999,1,0
3825159,2,3.7583333333333333,0.607,1,0
3825336,2,1.8308333333333333,0.053,0,1
3825458,2,1.6,0.269,0,0
3825500,2,1.2344444444444445,0.777,1,1
3825501,2,7.004166666666666,0.736,1,1
3825605,2,2.036111111111111,1.271,1,0
3825835,2,1.648611111111111,1.286,1,0
3825935,2,0.7886111111111112,2.971,1,0
3826018,2,0.45611111111111113,0.855,1,0
3826019,2,1.0583333333333333,0.911,1,0
3826020,2,2.9616666666666664,1.126,1,0
3826022,2,1.888611111111111,0.784,1,0
3826146,2,2.1480555555555556,0.475,1,0
3826263,2,2.515277777777778,0.752,1,0
3826324,2,1.0416666666666667,0.405,0,0
3827261,2,0.16666666666666666,0.728,0,0
3827536,2,3.2047222222222222,0.077,0,0
3828106,2,2.2519444444444443,0.039,1,1
3828258,2,2.6952777777777777,1.918,0,0
3828437,2,2.5,0.7240000000000001,0,1
3828438,2,8.133888888888889,2.026,1,0
3828486,2,1.64,0.77,1,0
3829208,2,1.7827777777777778,0.14,1,0
3829320,2,2.1083333333333334,0.6629999999999999,0,0
3829321,2,2.36,0.283,1,0
3829323,2,2.0705555555555555,0.942,0,0
3829324,2,3.1830555555555557,1.345,1,0
3829925,2,1.0083333333333333,1.369,0,0
3830971,2,2.1958333333333333,0.023,1,0
3831400,2,2.1855555555555557,0.018,0,1
3831401,2,2.9027777777777777,0.03,0,1
3831856,2,0.3333333333333333,0.37,0,0
3832019,2,1.218611111111111,0.126,1,0
3832020,2,0.7,0.229,1,1
3832204,2,5.010555555555555,4.868,0,0
3832392,2,2.2691666666666666,0.5489999999999999,1,0
3832480,2,4.336111111111111,1.902,1,0
3833186,2,7.678055555555556,1.134,1,0
3833237,2,4.995,0.836,1,1
3833238,2,3.6475,0.7709999999999999,1,0
3833417,2,2.825,0.201,0,0
3833460,2,2.1841666666666666,0.134,1,0
3833461,2,2.9586111111111113,0.101,0,0
3833533,2,1.4147222222222222,1.558,0,0
3833946,2,1.551388888888889,0.151,1,1
3834458,2,0.47555555555555556,1.4069999999999998,1,0
3834599,2,1.3655555555555556,0.797,0,0
3834898,2,2.3055555555555554,0.054,1,0
3834900,2,3.305,0.117,1,0
3834901,2,0.5166666666666667,0.23,1,0
3834902,2,2.1080555555555556,0.099,0,0
3834903,2,1.6288888888888888,0.09,1,0
3834904,2,2.2469444444444444,0.295,1,0
3834905,2,2.2080555555555557,0.204,1,0
3834982,2,3.0930555555555554,0.026,1,1
3834983,2,2.7291666666666665,0.086,0,0
3834984,2,1.851388888888889,0.051,1,0
3834985,2,1.8744444444444444,0.063,1,0
3834986,2,2.008611111111111,0.068,1,1
3835422,2,5.459444444444444,4.232,1,0
3835423,2,2.9444444444444446,2.5,1,0
3835424,2,3.577777777777778,4.003,1,0
3835632,2,2.1591666666666667,0.043,1,1
3835633,2,2.939722222222222,0.088,1,0
3835634,2,1.4802777777777778,0.039,1,1
3835691,2,2.1105555555555555,0.4320000000000001,0,0
3835894,2,1.4202777777777778,0.748,1,0
3836504,2,0.09333333333333334,0.604,0,0
3836654,2,0.3333333333333333,0.217,1,1
3836918,2,2.1080555555555556,0.008,0,0
3836950,2,1.8083333333333333,1.207,0,0
3837534,2,3.3,1.205,0,0
3837582,2,1.2052777777777777,1.297,1,0
3837583,2,1.85,1.074,0,0
3837584,2,1.3,2.016,0,0
3837619,2,1.105,1.941,1,0
3837736,2,2.4180555555555556,0.7490000000000001,1,0
3837737,2,2.1197222222222223,1.243,1,0
3838023,2,0.6022222222222222,1.092,1,1
3838480,2,4.041666666666667,1.96,1,0
3838749,2,0.35,0.802,0,1
3839237,2,1.4525,0.1369999999999999,1,0
3839467,2,1.9513888888888888,0.041,1,0
3839640,2,1.9333333333333333,2.044,1,0
3839641,2,3.4894444444444446,0.171,1,0
3839642,2,0.8333333333333334,0.696,0,0
3839643,2,1.55,0.491,1,0
3840978,2,0.225,0.7879999999999999,0,0
3841788,2,2.193611111111111,0.118,1,0
3841924,2,6.461666666666667,4.215,1,0
3842005,2,1.1644444444444444,1.067,1,0
3842006,2,0.9847222222222223,1.106,1,0
3842215,2,7.5875,0.8490000000000001,1,0
3842216,2,1.876111111111111,0.6920000000000001,1,0
3842577,2,0.39111111111111113,0.312,1,1
3842765,2,0.3416666666666667,0.674,0,0
3842788,2,1.6125,0.6829999999999999,1,0
3843530,2,0.7833333333333333,0.69,0,0
3843643,2,2.2180555555555554,0.038,0,0
3843644,2,1.54,0.089,1,0
3843645,2,2.043888888888889,0.071,0,0
3843646,2,1.7383333333333333,0.104,0,0
3843784,2,0.3333333333333333,0.173,1,0
3846998,2,2.1797222222222223,0.79,1,0
3847154,2,3.8305555555555557,0.174,0,1
3847264,2,1.3666666666666667,1.618,0,0
3847265,2,7.708611111111111,2.6830000000000003,1,0
3847266,2,1.0,1.628,0,0
3847340,2,2.7416666666666667,1.023,1,1
3847581,2,1.603611111111111,0.035,0,0
3847801,2,3.988611111111111,2.765,1,0
3847909,2,1.7,1.286,1,0
3848077,2,2.7827777777777776,0.157,0,1
3848078,2,2.3652777777777776,0.054,1,0
3848079,2,4.605833333333333,0.913,1,0
3848080,2,2.078611111111111,0.0819999999999999,1,1
3848081,2,0.21666666666666667,0.146,1,0
3848082,2,0.4255555555555556,0.672,1,0
3848083,2,3.826111111111111,0.181,1,0
3848084,2,0.2,0.5329999999999999,1,0
3848725,2,0.41555555555555557,0.378,0,1
3848726,2,7.4061111111111115,0.227,1,0
3850969,2,3.341666666666667,0.723,1,0
3851212,2,2.0516666666666667,0.046,0,1
3851698,2,1.175,1.94,0,1
3851799,2,1.5208333333333333,0.6779999999999999,1,0
3851828,2,2.1302777777777777,0.221,1,0
3852420,2,1.425,1.619,1,0
3852510,2,1.941111111111111,0.122,1,0
3853213,2,10.408611111111112,1.524,0,0
3853622,2,1.8205555555555555,1.449,1,0
3853623,2,1.2333333333333334,0.84,0,0
3854197,2,3.641388888888889,0.413,1,0
3854737,2,2.5580555555555557,0.307,0,0
3854775,2,1.5925,0.09,0,0
3854776,2,2.116111111111111,0.966,0,0
3855532,2,0.21666666666666667,0.672,0,0
3855533,2,0.21666666666666667,0.478,0,0
3855594,2,0.9141666666666667,0.466,1,0
3855735,2,5.573333333333333,0.825,0,0
3855840,2,0.72,0.91,1,1
3856172,2,1.8094444444444444,0.153,1,0
3856542,2,0.5088888888888888,0.311,0,1
3856588,2,1.9658333333333333,1.35,1,1
3857155,2,2.2880555555555557,1.345,1,0
3857466,2,1.7061111111111111,0.215,0,0
3859910,2,2.966666666666667,0.967,1,0
3860006,2,5.311388888888889,0.118,0,0
3860133,2,1.3788888888888888,0.032,1,0
3860687,2,0.4166666666666667,0.273,0,0
3861248,2,2.0669444444444443,0.11,1,0
3861731,2,1.8669444444444445,0.117,1,0
3861936,2,0.43333333333333335,0.5,0,0
3861937,2,4.308333333333334,0.205,1,1
3862129,2,0.36666666666666664,0.517,0,0
3862253,2,0.9166666666666666,0.8390000000000001,1,0
3862696,2,2.122777777777778,0.171,1,1
3862777,2,0.3947222222222222,0.374,1,1
3862818,2,1.8391666666666666,0.359,0,0
3862989,2,0.525,0.487,0,1
3863868,2,2.8183333333333334,0.141,1,0
3864514,2,2.8194444444444446,0.143,1,0
3864857,2,2.3577777777777778,0.8959999999999999,1,0
3865321,2,9.496666666666666,0.264,1,0
3877306,4,1.1955555555555555,0.017,0,0
3877467,2,1.325,0.149,0,1
3877934,2,2.3925,0.191,1,0
3878249,2,0.6272222222222222,1.443,1,0
3878388,2,0.6833333333333333,0.455,0,0
3878563,2,0.6,0.934,0,0
3878917,2,0.85,1.947,0,0
3879285,2,1.64,0.083,0,0
3879286,2,4.385,0.475,1,0
3879378,2,0.3416666666666667,0.506,0,0
3879586,2,0.9325,1.182,1,0
3879707,2,0.8830555555555556,1.896,1,0
3880394,2,1.8763888888888889,2.877,1,0
3880473,2,7.909722222222222,0.889,1,0
3881153,2,0.38333333333333336,0.344,0,0
3881309,2,2.2569444444444446,0.132,1,0
3881310,2,2.174166666666667,0.231,1,0
3881395,2,1.8130555555555556,0.038,1,0
3881434,2,0.3333333333333333,0.412,1,0
3886092,2,14.799444444444445,0.574,1,0
3886571,2,2.3475,0.128,1,0
3886686,2,2.0144444444444445,0.146,1,0
3887012,2,3.9425,2.028,1,0
3887488,2,1.8866666666666667,0.006,1,1
3887559,2,2.160833333333333,0.349,0,0
3887739,2,2.075,0.5529999999999999,0,0
3887828,2,0.39166666666666666,0.185,0,0
3887889,2,0.975,0.5,0,0
3887897,2,1.8913888888888888,1.048,1,0
3892650,2,0.5666666666666667,1.082,0,0
3893281,2,4.363888888888889,0.809,1,0
3893506,2,2.0797222222222222,0.076,1,0
3893644,2,3.401666666666667,0.8690000000000001,1,0
3893775,2,1.7825,0.058,0,0
3893776,2,2.0747222222222224,0.495,0,1
3894245,2,2.1658333333333335,1.345,1,0
3894484,2,0.3433333333333333,0.247,1,0
3895115,2,4.302222222222222,0.545,1,1
3895162,2,1.451111111111111,0.123,1,0
3895801,2,2.2955555555555556,0.071,0,1
3896474,2,2.783333333333333,2.597,0,0
3896745,2,4.190833333333333,0.672,1,0
3896777,2,0.475,0.107,0,0
3896812,2,1.4397222222222221,0.191,0,1
3896836,2,1.1816666666666666,0.583,1,0
3897272,2,2.4219444444444442,0.096,0,0
3897460,2,2.185,0.393,1,0
3897553,2,0.8658333333333333,0.601,1,1
3897821,2,1.7094444444444445,0.265,1,1
3897983,2,10.38,2.699,1,0
3898034,2,0.365,0.235,1,1
3898192,2,5.439722222222223,1.105,1,0
3898193,2,4.803888888888889,3.791,1,0
3898194,2,4.5616666666666665,0.617,1,0
3898195,2,3.05,0.475,1,0
3898196,2,2.808333333333333,0.181,1,0
3898197,2,5.066666666666666,1.082,1,0
3898198,2,3.7263888888888888,2.3,1,0
3898199,2,4.641666666666667,0.8490000000000001,1,0
3898200,2,2.595,0.501,1,0
3898201,2,2.669722222222222,3.006,1,0
3898202,2,6.533333333333333,4.776,0,0
3898730,2,1.4030555555555555,0.119,0,0
3898781,2,2.4291666666666667,0.94,0,0
3899980,2,2.2069444444444444,0.165,1,0
3899981,2,1.603611111111111,0.195,1,0
3900953,2,2.336388888888889,0.079,1,1
3900954,2,1.6877777777777778,0.093,1,1
3900955,2,2.1433333333333335,0.17,0,1
3900956,2,2.0636111111111113,0.079,1,1
3900957,2,1.1552777777777778,0.611,1,1
3901130,2,1.3094444444444444,0.7190000000000001,1,0
3901214,2,1.625,0.056,1,0
3901464,2,1.3777777777777778,0.575,1,0
3901465,2,0.7,0.485,1,0
3901858,2,1.25,0.913,1,0
3901859,2,0.18333333333333332,0.604,1,0
3902661,4,1.5227777777777778,0.051,1,1
3903243,2,3.8419444444444446,1.291,1,0
3903314,2,3.390833333333333,0.09,0,1
3905729,2,3.3088888888888888,0.904,1,0
3905760,2,2.088611111111111,1.471,0,1
3906378,2,0.8680555555555556,0.932,0,1
3906379,2,2.9680555555555554,2.332,0,0
3906485,2,1.5847222222222221,0.83,1,0
3906544,2,0.4419444444444444,0.688,1,1
3907239,2,16.325,0.054,1,1
3907728,2,1.9855555555555555,0.046,1,1
3907729,2,2.0080555555555555,0.049,1,1
3907822,2,3.283611111111111,0.194,1,0
3907894,2,0.4841666666666667,1.506,1,1
3908028,2,1.4594444444444445,0.8590000000000001,1,0
3908207,2,2.640277777777778,0.17,1,1
3908546,2,2.0613888888888887,0.048,1,0
3908756,2,2.415,0.917,1,0
3909081,2,1.68,0.068,1,0
3909082,2,1.533611111111111,0.041,1,0
3909083,2,1.6325,0.143,1,0
3909084,2,2.3761111111111113,0.097,0,0
3909085,2,2.0188888888888887,0.7879999999999999,1,0
3909086,2,2.0119444444444445,0.151,1,0
3909087,2,1.7213888888888889,0.255,1,0
3909223,2,2.0941666666666667,0.051,1,0
3909795,2,1.0041666666666667,1.125,1,1
3909875,2,3.9658333333333333,1.555,1,1
3909961,2,2.1083333333333334,2.67,1,0
3909987,2,0.5261111111111111,0.833,1,0
3910021,2,9.898333333333333,3.403,1,1
3910087,2,2.020277777777778,0.588,0,0
3910315,2,2.6708333333333334,0.991,1,0
3910444,2,2.0455555555555556,0.123,1,1
3911961,2,2.308333333333333,0.797,1,0
3912084,2,2.093888888888889,0.314,0,1
3914614,2,7.781666666666666,0.679,1,0
3914949,2,2.9505555555555554,0.088,1,1
3915564,2,2.3202777777777777,0.004,1,1
3915591,2,0.4363888888888889,0.043,0,0
3915592,2,1.375,2.155,0,0
3915669,2,0.7375,1.261,1,0
3916013,2,2.727222222222222,0.672,0,0
3921375,2,2.3716666666666666,0.186,0,1
3921822,2,0.3333333333333333,0.243,0,0
3922026,2,1.7816666666666667,0.016,0,1
3922027,2,1.7408333333333332,0.015,0,0
3922028,2,1.8233333333333333,0.02,0,1
3922029,2,1.655,0.031,1,0
3922030,2,1.9713888888888889,0.039,0,0
3922422,2,1.5319444444444446,0.064,1,0
3928176,2,2.2416666666666667,0.08,0,1
3928177,2,2.5169444444444444,0.117,0,0
3928451,2,3.3580555555555556,1.485,1,1
3928990,2,1.0597222222222222,0.304,1,1
3929033,2,2.6166666666666667,2.6710000000000003,1,0
3929624,2,2.2116666666666664,4.62,1,0
3929677,2,6.88,4.0680000000000005,1,0
3930013,2,645.8641666666666,0.068,1,0
3930173,2,2.0308333333333333,0.075,1,1
3932094,2,2.6,2.755,0,0
3932636,2,2.125277777777778,1.139,1,0
3932642,2,0.21666666666666667,0.444,0,0
3932975,2,2.247777777777778,0.075,0,0
3932976,2,3.3,0.124,1,0
3933194,2,4.891944444444444,2.291,0,1
3933718,2,2.7172222222222224,2.6,1,0
3933872,2,0.8188888888888889,0.344,0,0
3934009,2,5.3125,2.519,0,0
3934010,2,1.18,0.218,1,1
3934011,2,6.027222222222222,3.479,1,0
3936890,2,1.7555555555555555,0.011,1,1
3936891,2,1.4313888888888888,0.035,1,1
3937307,2,3.758888888888889,3.069,1,0
3937956,2,0.3333333333333333,0.371,1,1
3937963,2,1.685,1.486,1,0
3938126,2,1.4905555555555556,0.479,1,0
3938315,2,2.475277777777778,0.06,0,1
3938358,2,7.7025,8.502,1,0
3938503,2,7.041666666666667,3.216,1,0
3938903,2,0.21666666666666667,0.513,0,0
3939179,2,1.6388888888888888,0.101,1,0
3939180,2,1.9636111111111112,0.118,0,0
3939181,2,5.831388888888889,0.638,0,0
3939315,2,2.0269444444444447,0.72,1,0
3939459,2,1.9594444444444445,0.434,1,0
3939710,2,4.801388888888889,0.5589999999999999,1,0
3939736,2,2.205277777777778,0.07,1,0
3940077,2,0.21666666666666667,0.101,1,0
3940657,2,1.8777777777777778,1.413,1,0
3940775,2,2.3,0.074,0,1
3940776,2,2.5216666666666665,0.048,0,1
3940777,2,2.6847222222222222,0.07,0,0
3940817,2,7.9880555555555555,3.39,1,0
3940818,2,5.878333333333333,3.242,1,0
3940872,2,2.0522222222222224,0.599,1,0
3941110,2,1.7744444444444445,0.089,0,0
3941250,2,6.745833333333334,2.799,1,0
3941251,2,4.285555555555556,2.742,1,0
3941252,2,4.365,2.964,1,0
3941341,2,4.7716666666666665,2.986,1,0
3941639,2,0.9877777777777778,0.5660000000000001,1,1
3941728,2,7.585833333333333,0.944,1,0
3941841,2,2.3619444444444446,0.21,1,0
3941927,2,1.8955555555555557,0.17,1,0
3945525,2,2.5508333333333333,0.848,1,0
3946884,2,1.6805555555555556,0.05,1,1
3947361,2,5.214722222222222,1.758,1,0
3947362,2,0.85,1.923,0,0
3947363,2,1.835,1.74,1,0
3947572,2,0.3333333333333333,0.463,0,1
3947793,2,1.9091666666666667,0.062,0,1
3948069,2,2.7183333333333333,0.052,1,1
3948070,2,1.7686111111111111,0.045,0,0
3949166,2,2.0369444444444444,1.0590000000000002,0,1
3949449,2,6.200555555555556,1.771,1,0
3949723,2,3.1597222222222223,1.047,1,0
3950056,2,0.8144444444444444,1.27,1,0
3950612,2,0.4083333333333333,0.246,1,0
3950613,2,1.3563888888888889,0.755,1,1
3950797,2,1.555,1.358,1,0
3951481,2,6.6258333333333335,1.53,1,0
3951558,2,2.075,1.346,0,0
3952786,2,4.625,0.379,0,0
3952822,2,1.3569444444444445,0.885,1,0
3953202,2,2.387777777777778,0.8059999999999999,1,0
3953203,2,1.611388888888889,0.737,1,0
3953351,2,2.1166666666666667,0.594,1,0
3953728,2,3.366111111111111,5.56,1,0
3954068,2,0.5822222222222222,1.4780000000000002,1,0
3954268,2,2.819166666666667,1.506,1,0
3954269,2,1.9508333333333334,1.56,1,0
3954527,2,13.563055555555556,2.414,1,0
3954535,2,0.6527777777777778,1.17,1,0
3954850,2,1.65,0.7879999999999999,1,0
3955399,2,0.5638888888888889,0.26,1,1
3955688,2,8.5875,0.544,1,0
3955689,2,4.025833333333333,0.275,1,1
3955690,2,9.26388888888889,0.7090000000000001,1,0
3955780,2,2.06,0.091,0,1
3956074,2,1.798888888888889,0.5920000000000001,0,0
3956286,2,1.5747222222222221,0.802,1,0
3956663,2,0.30916666666666665,2.221,0,0
3956870,2,0.3775,0.399,1,1
3956961,2,0.7263888888888889,0.3229999999999999,1,0
3957366,2,3.883888888888889,0.568,0,0
3957367,2,3.9780555555555557,0.3720000000000001,1,0
3957368,2,6.948055555555555,0.537,1,0
3957369,2,2.8833333333333333,0.629,0,0
3957620,2,1.6297222222222223,0.802,1,1
3957742,2,2.3844444444444446,0.6679999999999999,0,0
3957827,2,2.2083333333333335,0.041,1,1
3957876,2,3.468888888888889,0.7879999999999999,1,0
3957976,2,2.551388888888889,0.265,1,0
3957977,2,0.6833333333333333,1.354,0,0
3958009,2,3.8452777777777776,2.589,1,0
3958208,2,2.1855555555555557,0.6779999999999999,1,0
3958490,2,0.6166666666666667,1.205,0,0
3958491,2,1.9083333333333334,1.366,0,0
3959284,2,1.801111111111111,0.033,1,1
3959305,2,1.4697222222222222,0.925,0,0
3959306,4,2.1216666666666666,0.797,1,0
3959574,2,1.2833333333333334,0.49,0,0
3960741,2,0.2916666666666667,0.439,0,0
3960761,2,0.6930555555555555,0.482,1,1
3960881,2,0.7166666666666667,0.593,1,1
3961454,2,0.7386111111111111,1.025,1,0
3961509,2,2.5525,2.222,1,0
3962272,2,2.939722222222222,0.015,0,0
3962354,2,2.238611111111111,0.288,1,0
3963031,2,2.0444444444444443,0.117,0,1
3963206,2,2.1702777777777778,0.087,1,0
3963210,2,2.1144444444444446,0.085,1,0
3963331,2,0.3416666666666667,0.942,0,0
3963968,2,0.3333333333333333,0.334,1,0
3964303,2,3.9830555555555556,2.507,1,1
3964353,2,2.8455555555555554,0.835,0,0
3964414,2,1.116111111111111,1.671,1,0
3966006,2,1.7194444444444446,0.052,1,1
3966362,2,3.0858333333333334,0.068,1,1
3966800,2,2.1480555555555556,0.044,1,0
3967199,2,4.666666666666667,0.813,1,0
3967504,2,1.586111111111111,0.187,1,0
3967548,2,4.25,0.532,1,0
3967989,2,2.596388888888889,0.049,1,1
3968706,2,2.3244444444444445,0.042,0,0
3968707,2,3.450833333333333,0.022,0,0
3968708,2,1.4916666666666667,1.493,0,0
3969192,2,2.285,0.088,0,0
3969520,2,1.7880555555555555,0.01,1,0
3969521,2,2.138333333333333,0.029,1,0
3969522,2,2.249722222222222,0.043,1,0
3969523,2,1.5605555555555555,0.197,1,0
3969524,2,2.0655555555555556,0.594,0,0
3969558,2,0.33444444444444443,0.7509999999999999,1,0
3969560,2,0.2,0.043,1,0
3969561,2,0.18333333333333332,0.168,1,0
3969739,2,1.6391666666666667,0.1369999999999999,1,0
3969793,2,1.6291666666666667,0.142,1,0
3969948,2,0.4222222222222222,0.254,1,1
3970473,2,0.6083333333333333,0.767,1,0
3971009,2,1.6930555555555555,0.018,0,0
3971010,2,1.761388888888889,0.029,1,1
3971011,2,1.7666666666666666,0.006,0,1
3971012,2,2.131388888888889,0.039,1,0
3972342,2,2.05,0.301,1,0
3972888,2,4.7363888888888885,0.448,1,0
3980767,2,4.266388888888889,3.252,1,0
3980949,2,1.1458333333333333,1.205,1,0
3980950,2,0.3416666666666667,0.343,1,1
3981232,2,2.0375,0.098,0,1
3981297,2,169.91555555555556,0.019,0,0
3981417,2,4.247777777777777,3.248,1,0
3981975,2,2.0808333333333335,0.122,0,0
3984658,2,4.830277777777778,0.431,1,0
3985097,2,1.241111111111111,0.242,1,1
3985227,2,1.618611111111111,0.258,1,0
3985228,2,0.2,0.172,0,0
3985347,2,1.5958333333333334,0.755,0,1
3985348,2,1.9955555555555555,0.081,0,0
3985374,2,1.9919444444444445,0.153,0,1
3985375,2,2.4988888888888887,0.531,1,0
3985437,2,2.303611111111111,0.073,0,0
3985508,2,2.180833333333333,0.769,1,0
3985509,2,2.1277777777777778,0.742,0,0
3985510,2,2.1225,0.779,1,0
3985511,2,2.1966666666666668,0.888,1,0
3985512,2,1.373888888888889,0.731,0,0
3985514,2,1.7002777777777778,0.861,0,0
3985515,2,4.355,0.5479999999999999,1,0
3986095,2,5.140555555555555,1.235,1,0
3986499,2,2.1875,0.03,1,0
3986500,2,3.6280555555555556,0.617,1,0
3986501,2,0.5202777777777777,1.409,1,1
3986502,2,2.148888888888889,0.151,1,0
3986524,2,2.4916666666666667,0.942,0,0
3986685,2,2.0641666666666665,0.638,0,0
3987074,2,0.7161111111111111,0.312,1,1
3987377,2,0.35,0.406,0,1
3987666,2,2.1958333333333333,0.021,0,0
3988646,2,2.6758333333333333,1.778,1,1
3991631,2,2.221111111111111,0.037,1,1
3991686,2,2.2583333333333333,2.001,0,0
3991687,2,1.15,1.888,0,0
3992019,2,1.6927777777777777,0.429,1,0
3992417,2,8.421388888888888,0.768,1,0
3993349,2,2.2505555555555556,0.074,1,1
3993596,2,172.29722222222222,0.027,0,0
3993759,2,0.375,0.297,1,0
3993760,2,5.208055555555555,4.759,1,0
3994208,2,0.8569444444444444,1.004,1,0
3994251,2,1.2083333333333333,0.435,0,0
3994252,2,2.1830555555555557,0.304,0,0
3994324,2,9.680555555555555,0.7090000000000001,1,0
3994745,2,1.2222222222222223,0.46,1,0
3995196,2,3943.2252777777776,0.131,1,0
3995331,2,1.3416666666666666,1.527,0,0
3995339,2,2.7855555555555553,0.11,1,0
3995664,2,0.5333333333333333,0.136,0,0
3995875,2,1.6197222222222223,0.882,0,0
3995948,2,0.45,0.6779999999999999,0,0
3996176,2,1.6591666666666667,0.753,1,0
3996942,2,3.055277777777778,2.294,1,0
3996943,2,5.510833333333333,5.109,1,0
3996944,2,1.1366666666666667,2.166,1,0
3996945,2,10.075,2.6460000000000004,0,0
3997083,2,2.0991666666666666,0.102,1,1
3997487,2,1.4472222222222222,0.019,1,0
4000215,2,1.2852777777777777,0.6609999999999999,1,1
4000244,2,2.17,1.176,0,0
4000270,2,169.91555555555556,0.021,0,0
4000548,2,4.266666666666667,1.0759999999999998,1,0
4000623,2,2.798888888888889,0.249,1,0
4000696,2,1.5058333333333334,1.1,1,0
4000697,2,5.348888888888889,1.457,0,0
4000926,2,1.3791666666666667,1.01,1,0
4001716,2,3.6730555555555555,0.654,0,0
4008906,2,0.4216666666666667,0.297,0,1
4009355,2,1.4108333333333334,0.823,1,0
4009460,2,0.8816666666666667,0.909,1,0
4009461,2,5.870833333333334,1.1909999999999998,1,0
4009754,2,1.0416666666666667,1.211,0,0
4009805,2,0.3333333333333333,1.077,0,0
4010151,2,2.028611111111111,0.968,1,0
4010284,2,1.6961111111111111,0.774,0,0
4010285,2,1.5977777777777777,0.67,1,0
4010369,2,1.5402777777777779,0.011,1,1
4010448,2,9.24,1.995,1,0
4010449,2,2.906111111111111,1.262,1,0
4010450,2,3.1816666666666666,1.197,1,0
4010451,2,1.636111111111111,0.8759999999999999,1,0
4013155,2,1.3758333333333332,1.286,1,0
4014079,2,4.613888888888889,5.285,1,1
4014115,2,2.2133333333333334,0.114,1,0
4015670,2,2.191666666666667,0.039,0,0
4015752,2,2.1530555555555555,0.322,1,0
4015753,2,2.0819444444444444,0.976,1,0
4016543,2,1.6927777777777777,0.805,1,0
4016544,2,1.5722222222222222,0.902,1,0
4016559,2,1.8525,0.879,1,0
4017183,2,4.770833333333333,3.105,1,0
4017312,2,1.41,1.359,0,0
4018129,2,5.7575,2.639,1,0
4018158,4,1.5952777777777778,0.127,1,0
4018337,2,1.5208333333333333,0.677,1,0
4018449,2,1.6072222222222223,0.128,1,0
4018450,2,1.418611111111111,1.499,1,1
4018595,2,2.4427777777777777,0.2,0,1
4019007,2,1.6266666666666667,0.045,1,1
4019281,2,1.6466666666666667,0.7240000000000001,1,1
4019494,2,2.118611111111111,0.017,0,0
4021954,2,1.8180555555555555,0.048,1,1
4022027,2,2.1966666666666668,0.11,0,0
4022338,4,2.225,1.369,1,0
4022971,2,2.1094444444444442,1.358,1,0
4023389,2,2.862222222222222,0.818,1,0
4023538,2,5.706388888888889,0.672,1,0
4023603,2,4.191666666666666,0.643,1,0
4023700,2,3.3961111111111113,1.824,1,0
4024055,2,1.6847222222222222,0.014,1,0
4024942,2,2.7527777777777778,2.321,0,0
4025099,2,1.448888888888889,0.22,0,0
4025104,2,11.992777777777778,1.103,0,0
4025190,2,2.0972222222222223,0.134,0,1
4025284,2,2.6475,0.35,0,1
4025397,2,2.0775,0.106,1,1
4025997,2,4.365833333333334,4.685,1,0
4025998,2,1.451111111111111,0.105,0,0
4025999,2,0.8688888888888889,1.07,1,0
4026199,2,3.4202777777777778,1.017,1,0
4027278,2,169.93777777777777,0.043,0,0
4027631,2,1.5280555555555555,1.862,1,0
4028637,2,0.3416666666666667,0.324,0,0
4029001,2,0.3333333333333333,0.192,1,0
4029490,2,1.3397222222222223,2.938,0,0
4029527,2,4.663611111111111,1.336,1,0
4029952,2,1.9719444444444445,1.025,1,0
4029953,2,4.671666666666667,0.952,1,0
4030564,2,3.714722222222222,0.09,0,1
4030745,2,0.20833333333333334,0.1369999999999999,0,0
4031082,2,0.44222222222222224,1.233,1,0
4031665,2,0.6544444444444445,0.354,1,1
4031766,2,1.9358333333333333,0.039,1,0
4031852,2,2.1630555555555557,0.02,1,1
4032123,2,1.5755555555555556,0.02,1,1
4032133,2,2.1558333333333333,0.194,0,0
4032513,2,0.39166666666666666,0.493,0,0
4032626,2,0.3333333333333333,0.37,1,0
4033594,2,1.805,3.399,1,0
4034111,2,0.3416666666666667,0.146,0,0
4034305,2,0.45,0.173,0,0
4034515,2,7.095,2.792,1,0
4037181,2,1.6086111111111112,0.085,1,1
4037260,2,2.0808333333333335,0.805,0,0
4037512,2,1.8833333333333333,0.809,0,0
4037513,2,2.025,1.263,0,0
4037514,2,0.7833333333333333,1.483,0,1
4037568,2,0.9666666666666667,0.262,1,0
4037569,2,4.546666666666667,1.396,1,0
4038612,2,1.3222222222222222,0.344,1,0
4038757,2,0.3333333333333333,0.234,0,0
4039200,2,2.116388888888889,0.662,0,0
4039734,2,0.48305555555555557,0.5820000000000001,1,0
4040342,2,0.95,5.597,0,0
4040979,2,2.8469444444444445,0.108,0,0
4041110,2,0.3333333333333333,0.297,1,0
4041111,2,6.3997222222222225,3.782,1,0
4041271,2,3.4833333333333334,2.925,0,0
4041272,2,2.2377777777777776,2.768,1,0
4041273,2,3.1661111111111113,2.42,1,0
4041274,2,2.65,2.363,1,0
4042085,2,3.8044444444444445,0.667,0,1
4042086,2,1.5233333333333334,0.6709999999999999,0,0
4042087,2,3.629166666666667,0.688,1,1
4042088,2,2.088888888888889,0.731,1,0
4042409,2,3.303611111111111,0.12,1,1
4042833,2,1.9330555555555555,1.029,1,0
4043385,2,2.1444444444444444,0.283,1,0
4043574,2,1.6966666666666668,0.009,1,0
4043775,2,1.5138888888888888,0.8759999999999999,1,1
4044137,2,0.2,0.61,0,0
4044170,2,5.936111111111111,1.3769999999999998,1,0
4044874,2,1.745,0.049,0,1
4045440,2,3.0708333333333333,2.938,1,0
4045441,2,3.921388888888889,3.229,1,0
4045442,2,1.4083333333333334,3.175,1,1
4045443,2,1.3833333333333333,1.6369999999999998,0,0
4045702,2,2.3097222222222222,0.204,0,0
4045703,2,1.618611111111111,0.14,1,0
4045769,2,3.8113888888888887,1.1909999999999998,1,0
4045798,2,1.5233333333333334,0.089,1,1
4045902,2,1.4822222222222223,0.8170000000000001,1,0
4045905,2,2.483888888888889,0.882,0,0
4046198,2,2.1902777777777778,0.381,1,0
4046199,2,2.2447222222222223,1.345,1,0
4046350,2,3871.0116666666668,0.043,1,1
4046421,2,1.1316666666666666,0.856,1,0
4046422,2,3.1266666666666665,0.809,1,0
4046614,2,1.0916666666666666,1.143,0,1
4046632,2,2.2,0.051,1,0
4046633,2,0.1661111111111111,0.364,1,0
4046634,2,2.4094444444444445,0.02,1,0
4046635,2,1.6719444444444445,1.226,1,0
4046636,2,2.088888888888889,0.295,1,0
4046930,2,0.9988888888888889,1.249,1,1
4046948,2,1.7327777777777778,0.218,0,1
4046949,2,4.8,0.6920000000000001,0,0
4047316,2,1.52,0.13,0,0
4047771,2,0.9011111111111111,0.975,1,1
4047937,2,0.5438888888888889,0.16,0,0
4050684,2,2.0702777777777777,0.237,1,1
4050736,2,3.838611111111111,0.037,0,0
4050737,2,1.9802777777777778,0.033,1,0
4050738,2,2.205277777777778,0.052,0,0
4050789,2,4.480833333333333,0.617,0,0
4050812,2,1.793611111111111,0.051,1,1
4051276,2,0.20166666666666666,0.101,1,0
4051435,2,1.8916666666666666,1.875,0,1
4051436,2,2.1669444444444443,0.329,0,0
4051437,2,4.211666666666667,2.155,1,0
4051438,2,0.825,0.283,0,0
4051447,2,5.385277777777778,0.934,1,0
4051622,2,2.3844444444444446,0.184,0,0
4051629,2,2.796666666666667,0.141,1,0
4052563,2,2.2494444444444444,0.63,0,0
4052564,2,1.4583333333333333,0.416,1,0
4052565,2,7.619166666666667,0.672,0,0
4052795,2,0.6552777777777777,0.363,1,1
4052796,2,1.6702777777777778,0.132,0,1
4053839,2,1.7,2.0540000000000003,0,0
4053840,2,0.19583333333333333,0.258,0,0
4053841,2,0.8958333333333334,0.7709999999999999,1,0
4053842,2,0.5916666666666667,0.332,0,0
4053843,2,0.4711111111111111,1.577,1,0
4054358,2,1.7472222222222222,0.624,1,0
4054804,2,0.3416666666666667,0.393,1,0
4055104,2,2.23,0.604,1,0
4055206,2,2.1791666666666667,0.046,1,0
4055570,2,1.9830555555555556,0.045,1,1
4056313,2,0.3463888888888889,0.288,1,0
4056461,2,1.5463888888888888,1.358,0,0
4056663,2,3.6433333333333335,0.123,1,1
4056944,2,3.8380555555555556,1.12,1,1
4056970,2,0.44166666666666665,0.863,1,0
4056971,2,2.1166666666666667,0.484,1,0
4057001,2,0.7333333333333333,1.95,0,0
4057002,2,0.275,0.466,0,0
4057003,2,1.5697222222222222,0.873,1,0
4057004,2,2.756666666666667,0.782,1,0
4057005,2,2.035833333333333,0.146,1,0
4057006,2,0.4572222222222222,0.604,1,0
4057361,2,0.9333333333333333,1.19,1,0
4057476,2,6.724722222222222,3.552,1,0
4057754,2,0.3416666666666667,1.077,0,0
4057795,2,1.8794444444444445,0.672,1,0
4057796,2,0.225,0.978,1,0
4058046,2,2.2666666666666666,0.5529999999999999,1,0
4058236,2,1.9530555555555555,0.743,0,0
4058451,2,2.9969444444444444,0.257,1,0
4058880,2,2.0516666666666667,1.888,0,0
4058935,2,2.875,0.531,0,0
4059409,2,1.6416666666666666,0.398,0,0
4059563,2,2.0941666666666667,0.667,1,0
4059752,2,7.264444444444444,2.832,1,0
4061095,2,2.319166666666667,0.77,0,1
4061096,2,1.6591666666666667,0.7709999999999999,1,0
4061097,2,5.036111111111111,0.778,1,0
4061098,2,3.2,0.8079999999999999,0,0
4061099,2,1.7225,0.924,1,0
4061100,2,2.768611111111111,0.82,0,0
4068181,2,5.1530555555555555,0.138,0,0
4068261,2,0.55,1.6269999999999998,0,0
4068497,2,5.246944444444445,2.624,1,0
4068597,2,2.0966666666666667,0.11,1,1
4070547,2,1.6341666666666668,0.055,1,1
4070740,2,2.1880555555555556,0.051,0,0
4070741,2,6.745555555555556,4.831,1,0
4071333,2,1.6336111111111111,0.115,0,0
4071430,2,0.36666666666666664,0.495,0,0
4071744,2,2.0505555555555555,0.053,0,0
4071745,2,2.1108333333333333,1.139,1,0
4071914,2,2.299722222222222,0.643,0,0
4072158,2,0.21666666666666667,0.101,1,0
4074824,2,0.3566666666666667,0.243,1,1
4074900,2,2.8583333333333334,2.281,0,0
4074994,2,5.994722222222222,1.7080000000000002,1,0
4075306,2,5.958333333333333,0.026,1,0
4075307,2,1.5872222222222223,0.051,1,0
4075997,2,0.9794444444444445,0.527,1,0
4075998,2,3.9575,1.758,1,0
4076301,2,1.3083333333333333,1.294,0,1
4076423,2,5.454166666666667,0.453,1,0
4078756,2,0.45,0.802,0,1
4078948,2,1.6697222222222223,0.149,1,0
4078949,2,1.433888888888889,1.241,1,0
4079081,2,2.3361111111111112,2.7030000000000003,1,0
4079100,2,1.3897222222222223,0.904,0,1
4079213,2,0.375,0.376,0,0
4080282,2,5.516388888888889,3.239,1,0
4080699,2,2.738888888888889,0.315,1,1
4080700,2,2.1119444444444446,0.0819999999999999,1,1
4081033,2,2.1911111111111112,0.802,1,1
4081305,2,0.8113888888888889,0.355,1,1
4081538,2,2.0727777777777776,0.365,1,0
4081616,2,1.9791666666666667,0.195,1,0
4082094,2,14.506944444444445,0.706,1,1
4082176,2,2.3852777777777776,0.151,1,1
4082343,2,3.0,0.508,0,0
4082401,2,4.5225,3.923,1,0
4082502,2,1.2166666666666666,1.126,1,0
4082797,2,1.6872222222222222,0.101,1,0
4083047,2,2.25,2.2030000000000003,1,1
4083267,2,7.608888888888889,1.765,1,0
4083693,2,2.365,0.179,1,1
4083727,2,0.3333333333333333,0.562,1,0
4083745,2,6.466666666666667,2.523,1,0
4084225,2,0.3333333333333333,0.298,1,0
4084335,2,0.3333333333333333,0.291,1,0
4084492,2,3.9983333333333335,3.229,1,0
4084638,2,1.075,0.799,1,0
4084639,2,0.26944444444444443,0.672,0,0
4084640,2,5.015,0.054,1,0
4084641,2,8.338055555555556,0.763,1,0
4084642,2,2.131666666666667,0.074,1,0
4084643,2,2.095,0.342,1,1
4084940,2,1.5425,0.023,1,1
4085488,2,1.985,0.011,1,0
4085676,2,2.09,0.19,0,0
4085714,2,2.1569444444444446,0.04,1,1
4086273,2,2.5855555555555556,0.068,1,0
4086274,2,1.801111111111111,0.148,1,0
4086374,2,2.151111111111111,0.211,1,0
4086473,2,2.1597222222222223,0.052,1,0
4086474,2,2.1572222222222224,0.352,1,0
4086476,2,0.4658333333333333,0.674,1,0
4087111,2,2.1225,0.255,1,1
4087374,2,1.6283333333333334,0.097,1,1
4088081,2,1.5116666666666667,0.873,1,0
4088128,2,0.8363888888888888,2.28,1,0
4088821,2,1.2983333333333333,0.63,1,0
4089075,2,0.10833333333333334,0.159,0,0
4089194,2,2.3933333333333335,0.152,1,1
4089431,2,1.445,2.974,1,1
4089894,2,1.6497222222222223,0.851,1,0
4090072,2,2.263888888888889,1.526,1,0
4090374,2,1.2666666666666666,0.443,0,1
4090675,2,2.3833333333333333,0.7879999999999999,1,0
4091166,2,1.7152777777777777,0.021,0,1
4091238,2,0.225,0.815,0,0
4091239,2,2.375,0.5,1,0
4091275,2,1.5802777777777777,0.6579999999999999,1,0
4091276,2,2.316666666666667,0.62,0,0
4091433,2,2.408888888888889,0.444,1,1
4091548,2,1.6347222222222222,0.17,1,0
4091549,2,1.4827777777777778,0.129,1,0
4091550,2,0.3333333333333333,0.192,0,0
4091551,2,1.6627777777777777,0.531,1,0
4091606,2,2.250277777777778,0.026,0,0
4091607,2,2.3875,0.037,0,0
4091624,2,2.1213888888888888,0.903,0,0
4091658,2,0.6916666666666667,1.733,1,0
4091666,2,2.960277777777778,0.111,1,1
4091797,2,1.366111111111111,0.723,0,0
4092148,2,2.2608333333333333,0.283,1,0
4092494,2,1.075,0.992,0,1
4092495,2,2.175,1.1909999999999998,0,0
4092496,2,1.1416666666666666,0.863,0,0
4092497,2,0.18333333333333332,0.258,1,0
4092498,2,0.20944444444444443,0.604,0,0
4092499,2,4.647222222222222,0.6659999999999999,1,0
4092500,2,4.700277777777778,1.622,1,0
4092501,2,0.21666666666666667,0.691,0,0
4092502,2,1.1,0.68,1,0
4092503,2,1.4033333333333333,1.987,1,0
4092797,2,2.085277777777778,0.036,1,0
4092837,2,3.391388888888889,2.508,1,1
4092947,2,2.111388888888889,0.194,1,0
4093493,2,0.865,1.71,1,0
4093673,2,2.4905555555555554,0.2,0,1
4093684,2,1.34,0.093,0,0
4093695,2,1.396111111111111,1.117,0,0
4093759,2,1.468611111111111,0.173,1,0
4093874,2,2.1205555555555557,0.186,0,0
4093875,4,2.107222222222222,1.6780000000000002,0,0
4093879,2,1.3386111111111112,1.241,1,0
4094014,2,1.5905555555555555,0.028,1,0
4098644,2,6.368333333333333,3.506,1,1
4098661,2,2.196388888888889,0.067,1,0
4098662,2,2.055,0.143,1,0
4098663,2,0.7563888888888889,1.412,1,0
4098664,4,1.375,0.224,0,0
4099315,2,1.5955555555555556,0.918,1,0
4099320,2,2.575833333333333,0.8140000000000001,1,0
4099508,2,0.22361111111111112,0.466,1,0
4099912,2,0.9422222222222222,1.268,1,0
4099985,2,2.263333333333333,0.051,0,0
4100249,2,5.875277777777778,1.2819999999999998,1,1
4100276,2,0.7861111111111111,0.445,1,1
4100308,2,3.935,0.5429999999999999,1,0
4100315,2,2.9966666666666666,2.292,0,0
4100467,2,2.757222222222222,0.015,1,0
4103437,2,1.4219444444444445,0.128,0,0
4104007,2,1.673888888888889,0.037,1,0
4104008,2,1.4047222222222222,0.439,1,0
4104009,2,3.8330555555555557,0.292,0,0
4104067,2,2.0125,0.802,0,1
4105193,2,2.2480555555555557,0.3229999999999999,0,0
4105916,2,2.1463888888888887,1.033,0,0
4105985,2,3.6425,0.104,1,0
4106301,2,0.3333333333333333,1.471,1,1
4106611,2,1.6216666666666666,0.57,1,0
4106900,2,2.3225,0.146,1,0
4106901,2,1.3541666666666667,0.37,1,0
4106909,2,0.31666666666666665,0.343,0,0
4107093,2,6.833611111111111,1.485,1,0
4107197,2,2.561111111111111,0.679,1,0
4109505,2,1.5580555555555555,0.226,1,0
4109867,2,1.4680555555555554,0.173,1,0
4111165,2,2.774722222222222,0.211,1,0
4111875,2,6.901388888888889,1.978,1,0
4111953,2,1.4141666666666666,0.015,1,0
4112053,2,2.6433333333333335,0.85,1,0
4112054,2,1.2372222222222222,0.7090000000000001,0,0
4112341,2,3.5019444444444443,2.4130000000000003,1,1
4112425,2,2.9058333333333333,0.015,1,0
4112427,2,9.38,1.314,0,0
4112801,2,0.9583333333333334,1.028,0,0
4112802,2,3.7483333333333335,1.278,1,0
4113575,2,0.36527777777777776,0.219,1,0
4114102,2,2.202777777777778,0.05,1,1
4114220,2,12.285,2.591,0,0
4114263,2,2.3377777777777777,1.035,0,0
4114522,2,3.4833333333333334,0.484,0,0
4114523,2,1.95,1.365,0,0
4115095,2,0.875,0.265,0,0
4115231,2,0.9333333333333333,0.8859999999999999,0,0
4115432,2,0.2,0.493,0,0
4115504,2,2.7941666666666665,0.083,1,0
4115505,2,8.551944444444445,0.067,0,0
4115506,2,1.1402777777777777,1.634,1,0
4120925,2,0.9166666666666666,0.872,0,0
4121016,2,2.531111111111111,0.779,1,0
4121017,2,1.9127777777777777,0.777,1,0
4121050,2,0.3333333333333333,0.174,1,1
4121052,2,1.9152777777777779,0.212,0,0
4121053,2,1.7261111111111112,0.25,0,0
4121410,2,1.9119444444444444,0.171,0,1
4121428,2,1.916111111111111,1.241,1,0
4121506,2,1.9625,0.088,1,1
4122218,2,2.418888888888889,0.072,0,0
4122219,2,2.1555555555555554,0.295,1,0
4122401,2,1.6647222222222222,0.6779999999999999,1,0
4123243,2,1.4352777777777779,0.156,0,0
4124162,2,5.110277777777778,0.265,1,0
4124361,2,0.40805555555555556,0.7170000000000001,1,0
4124362,2,3.752222222222222,1.506,1,0
4124857,2,2.4258333333333333,0.7879999999999999,0,0
4125628,2,2.1641666666666666,0.123,0,1
4125638,2,2.087222222222222,0.8240000000000001,1,0
4125639,2,2.476111111111111,0.764,1,0
4125904,2,0.675,0.508,1,0
4126053,4,1.4761111111111112,0.034,1,0
4126112,2,2.5927777777777776,2.1,1,0
4126152,2,5.521111111111111,0.852,1,0
4126537,2,1.3722222222222222,0.249,1,0
4129583,2,2.1616666666666666,0.283,0,0
4129584,2,0.21666666666666667,0.604,0,0
4130100,2,2.5519444444444446,0.999,1,0
4130441,2,8.336944444444445,4.832,1,0
4131105,2,7.3805555555555555,1.513,1,0
4131106,2,1.2416666666666667,2.582,0,0
4131148,2,4.020277777777777,1.984,1,0
4131245,2,2.3566666666666665,4.2810000000000015,1,0
4131246,2,0.3333333333333333,0.484,0,0
4131625,2,1.71,0.049,0,1
4131705,2,0.6083333333333333,0.495,1,0
4131775,2,0.3333333333333333,0.324,1,0
4131816,2,2.483888888888889,0.049,1,1
4131817,2,2.006388888888889,0.049,0,1
4132165,2,3.1794444444444445,0.475,1,0
4132237,2,0.48694444444444446,0.541,1,1
4132240,2,0.5333333333333333,0.57,1,0
4132381,2,1.788888888888889,0.049,1,1
4132391,2,1.5002777777777778,0.075,0,0
4132604,2,2.3308333333333335,0.115,0,0
4132647,2,4.648611111111111,3.2710000000000004,1,0
4132736,2,2.0052777777777777,0.07,1,0
4132737,2,1.7758333333333334,0.048,0,0
4132738,2,1.5319444444444446,0.618,1,1
4132776,2,0.1988888888888889,0.101,1,0
4133318,2,0.5372222222222223,0.212,1,0
4133764,2,0.6666666666666666,1.5530000000000002,0,0
4134128,2,0.3416666666666667,0.7040000000000001,0,0
4134487,2,5.916111111111111,0.047,0,0
4134488,2,2.0705555555555555,0.151,1,0
4135110,2,3.8158333333333334,1.91,1,0
4135342,2,4.983333333333333,2.585,0,1
4135379,2,1.7555555555555555,0.104,1,0
4135886,2,0.3333333333333333,0.354,1,1
4135961,2,0.375,0.405,0,0
4136179,2,1.5366666666666666,1.729,1,0
4136264,2,1.5083333333333333,1.526,0,0
4136382,2,9.002222222222223,0.644,0,0
4136648,2,4.310277777777777,0.052,0,0
4136649,2,2.1838888888888888,0.089,0,0
4136774,2,0.6166666666666667,0.875,0,0
4136777,2,1.3916666666666666,1.969,0,0
4136884,2,1.8736111111111111,0.048,1,1
4137251,2,2.1902777777777778,0.1369999999999999,1,0
4137252,2,1.9552777777777777,0.161,1,1
4137350,2,2.038611111111111,0.047,0,1
4137360,2,2.1902777777777778,0.024,1,1
4137574,2,3.3244444444444445,1.4280000000000002,1,0
4137868,2,0.39916666666666667,0.416,1,1
4137891,2,2.158333333333333,1.023,1,0
4138216,2,3.0675,3.938,1,0
4138217,2,9.32611111111111,3.568,1,0
4138344,2,1.4075,0.278,1,1
4138696,2,0.3333333333333333,0.732,1,0
4138793,2,2.149722222222222,0.075,0,0
4138794,2,1.6233333333333333,0.095,1,0
4138795,2,0.4036111111111111,1.828,1,0
4138796,2,2.4027777777777777,0.077,1,0
4138797,2,1.6944444444444444,0.1369999999999999,1,0
4138798,2,2.371111111111111,0.06,1,0
4138799,2,2.2397222222222224,0.053,0,0
4138800,2,3.0305555555555554,0.096,0,0
4138801,2,2.0972222222222223,1.558,1,0
4139512,2,1.2533333333333334,0.584,1,0
4139631,2,2.04,0.183,0,1
4140054,2,1.6558333333333333,0.973,1,0
4140093,2,2.185,0.384,1,0
4140602,2,2.1725,2.423,1,0
4140696,2,0.4041666666666667,0.1369999999999999,1,0
4141260,2,1.3702777777777777,0.973,1,0
4141273,2,0.3333333333333333,0.194,1,0
4141948,4,2.0141666666666667,0.086,1,0
4142087,4,2.046111111111111,0.838,1,0
4147649,2,2.408333333333333,0.583,0,0
4147732,2,1.4105555555555556,0.265,1,0
4147953,2,3.691666666666667,1.139,0,0
4148383,2,0.8705555555555555,0.254,1,0
4148405,2,0.41638888888888886,0.436,1,0
4148581,2,3.093888888888889,0.135,1,0
4148582,2,0.35833333333333334,0.351,0,0
4148583,2,1.5758333333333334,0.638,0,0
4148821,2,2.0905555555555555,0.133,1,0
4149351,2,2.591666666666667,2.879,1,0
4149383,4,2.1158333333333332,0.054,0,0
4149384,2,2.1244444444444444,0.604,1,0
4149385,2,2.095833333333333,0.157,0,1
4149386,2,2.3141666666666665,0.061,0,1
4149387,2,2.0830555555555557,0.0819999999999999,1,1
4153591,2,1.9947222222222223,0.084,0,0
4153592,2,1.3572222222222223,0.037,1,0
4153593,2,1.4827777777777778,0.315,1,0
4153594,2,2.0716666666666668,0.392,1,0
4153809,2,2.1661111111111113,0.347,0,0
4153810,2,2.104722222222222,0.292,0,0
4153936,2,1.6647222222222222,0.078,1,0
4153937,2,2.6230555555555557,0.1,0,0
4153970,2,1.6416666666666666,0.462,0,0
4154191,2,1.7380555555555555,0.1,1,0
4154288,2,2.796388888888889,0.113,0,0
4154493,2,2.15,0.138,0,0
4154494,2,2.1666666666666665,0.105,0,0
4154536,2,0.3561111111111111,0.588,1,1
4154862,2,1.2916666666666667,1.819,0,0
4155010,2,7.633611111111111,3.946,1,0
4155715,2,1.4191666666666667,1.369,0,0
4156448,2,1.625,0.1369999999999999,1,0
4156614,2,4.683055555555556,3.357,1,0
4156622,2,4.643611111111111,0.908,1,0
4156860,2,1.4869444444444444,0.8290000000000001,1,1
4156874,2,0.6166666666666667,2.353,0,0
4156961,2,1.5808333333333333,0.203,1,0
4157476,2,0.34694444444444444,0.433,1,0
4157497,2,2.1930555555555555,0.117,0,0
4160560,2,2.086388888888889,0.1669999999999999,1,0
4160625,2,0.9947222222222222,0.799,1,0
4161318,2,5.191666666666666,0.672,1,0
4161319,2,3.1708333333333334,0.08,1,1
4161320,2,2.1372222222222224,0.604,1,0
4161643,2,2.1433333333333335,0.104,0,1
4161746,2,0.325,0.478,1,0
4161747,2,1.556111111111111,0.084,0,0
4161748,2,0.13333333333333333,0.604,0,0
4161749,2,1.3180555555555555,1.483,0,0
4162108,2,0.3333333333333333,0.434,1,0
4162118,2,3.533333333333333,4.24,1,0
4162495,2,5.128888888888889,3.928,1,0
4162584,2,2.148888888888889,0.221,0,0
4162816,2,0.18333333333333332,0.521,1,0
4163221,2,1.2583333333333333,1.126,0,0
4166860,2,4.727777777777778,2.178,1,0
4166874,2,0.3333333333333333,0.221,1,0
4166875,2,2.207222222222222,0.171,1,1
4166899,2,2.1233333333333335,0.085,1,0
4167296,2,3.0105555555555554,0.46,1,0
4167338,2,1.5216666666666667,0.657,1,0
4167397,2,1.3225,0.5529999999999999,1,0
4167465,2,15.75,0.197,1,0
4167466,2,2.2716666666666665,0.531,1,0
4167968,2,0.915,0.773,1,1
4168425,2,3.173611111111111,2.889,1,0
4168426,2,4.369722222222222,2.044,1,0
4168674,2,1.5347222222222223,0.652,0,0
4168675,2,1.4430555555555555,0.6559999999999999,1,1
4169098,2,1.7380555555555555,0.794,1,0
4169404,2,0.21666666666666667,0.589,1,1
4169405,2,3.415277777777778,0.795,1,0
4169406,2,0.2,0.406,1,1
4169407,2,2.4794444444444443,0.181,1,0
4169422,2,3.625,0.954,1,0
4169699,2,1.9475,0.171,1,1
4169904,2,3.3916666666666666,2.099,0,0
4169905,2,3.375,2.524,0,0
4170185,2,0.3333333333333333,0.146,1,0
4170577,2,1.3655555555555556,0.999,0,0
4171235,2,1.7047222222222222,2.392,1,0
4171736,2,2.057777777777778,0.823,1,0
4171922,2,1.9516666666666667,0.099,1,1
4172035,2,1.78,0.047,1,0
4172267,2,2.2158333333333333,0.913,0,0
4172313,2,1568.3141666666668,0.126,1,0
4172327,2,1.4177777777777778,0.604,1,0
4172328,2,1.7583333333333333,0.026,0,0
4172329,2,2.156111111111111,0.015,1,1
4172330,2,3.6169444444444445,0.5489999999999999,1,0
4172331,2,2.08,0.033,1,0
4172332,2,1.6344444444444444,0.017,1,0
4172571,2,0.3333333333333333,0.33,1,1
4172851,2,5.7988888888888885,0.5760000000000001,0,1
4173807,2,2.2730555555555556,0.061,0,1
4173839,2,0.9013888888888889,1.491,1,0
4174060,2,2.1302777777777777,0.272,0,0
4174717,2,1.7525,0.206,1,0
4174718,2,4.5808333333333335,0.09,1,0
4174719,2,1.6552777777777778,0.064,1,0
4174720,2,1.5344444444444445,0.097,1,0
4174721,2,1.7847222222222223,0.531,1,0
4174722,2,4.4425,0.453,0,0
4174749,2,2.881111111111111,0.731,1,0
4174750,2,0.9916666666666667,0.444,0,0
4174973,2,3.5616666666666665,3.554,1,0
4175448,2,0.3416666666666667,0.4320000000000001,1,1
4175673,2,0.3333333333333333,0.919,1,0
4175783,2,4.975,1.5519999999999998,0,0
4175784,2,1.3827777777777779,0.218,0,1
4175785,2,0.3675,0.251,1,0
4175786,2,4.061944444444444,2.652,1,0
4175787,2,3.3,0.475,1,0
4175788,2,4.488611111111111,0.537,1,0
4175789,2,7.125,2.001,1,0
4176085,2,0.3416666666666667,0.3,0,0
4176086,2,0.4527777777777778,1.35,1,1
4176259,2,6.566666666666666,4.215,1,0
4176390,2,1.5880555555555556,0.054,1,1
4176615,2,5.533333333333333,1.399,1,0
4176696,2,0.3416666666666667,0.349,1,0
4176777,2,1.5419444444444443,0.135,0,1
4176833,2,2.7108333333333334,1.286,1,0
4176929,2,3.9916666666666667,0.462,1,0
4177678,2,5.2411111111111115,1.961,0,1
4178456,2,0.3736111111111111,0.565,0,0
4178706,2,3.411111111111111,1.486,1,0
4179111,2,2.388611111111111,0.652,1,0
4179158,2,0.39111111111111113,0.454,1,0
4179230,2,0.5166666666666667,0.043,0,0
4181960,2,2.117777777777778,0.755,0,1
4182262,2,0.4905555555555556,0.489,0,0
4182263,2,0.3488888888888889,0.292,0,0
4182264,2,0.3416666666666667,0.256,0,0
4182273,2,14.135555555555555,0.81,0,0
4182407,2,1.1833333333333333,1.807,0,0
4182491,2,2.1330555555555555,0.1369999999999999,0,1
4182492,2,4.228888888888889,0.193,1,0
4182493,2,4.126944444444445,1.139,0,0
4182520,2,5.973888888888889,0.184,1,0
4182521,2,0.5083333333333333,0.924,0,0
4182700,2,1.7552777777777777,2.123,1,0
4182701,4,2.0419444444444443,0.7759999999999999,1,0
4182786,2,1.5275,0.648,1,0
4183033,2,2.75,1.153,0,0
4183228,2,1.3602777777777777,0.972,0,0
4183414,2,1.745,0.726,1,1
4183507,2,2.4219444444444442,0.135,0,0
4184030,2,1.5266666666666666,1.381,1,0
4184901,2,2.4516666666666667,0.6990000000000001,0,0
4185483,2,3.386388888888889,0.977,1,0
4185496,2,2.347777777777778,0.034,1,0
4185662,2,0.6205555555555555,0.938,1,1
4188263,2,0.5,0.597,1,0
4188264,2,0.8897222222222222,0.97,1,0
4188265,2,4.371944444444445,0.7340000000000001,1,0
4188313,2,1.611388888888889,0.66,1,0
4188314,2,2.3844444444444446,0.696,0,0
4188315,2,1.5705555555555555,0.7340000000000001,0,0
4188436,2,1.3747222222222222,0.014,1,1
4189548,2,1.5433333333333332,0.035,1,0
4190318,2,1.758888888888889,0.017,0,1
4192646,2,1.8025,0.091,0,0
4192647,2,3.098333333333333,0.108,0,0
4192648,2,1.4683333333333333,1.457,1,0
4192649,2,2.085,0.054,1,0
4193026,2,1.6122222222222222,0.8340000000000001,1,0
4193092,2,2.102777777777778,0.038,0,1
4193955,2,1.8197222222222222,0.07,1,1
4194688,2,6.043055555555555,5.525,1,0
4199527,2,2.2441666666666666,0.971,1,0
4199892,2,2.292222222222222,0.782,0,0
4200006,2,0.39166666666666666,0.27,0,1
4200454,2,2.450833333333333,0.016,1,1
4200780,2,1.7094444444444445,0.049,1,1
4200921,2,2.4469444444444446,0.05,1,1
4201104,2,0.6669444444444445,0.62,1,0
4201211,2,3.5944444444444446,1.601,1,0
4204643,2,0.6263888888888889,0.705,1,0
4205150,2,1.5158333333333334,0.055,0,1
4205237,2,0.34444444444444444,0.402,0,0
4205481,2,1.475,0.143,0,0
4205482,2,0.3575,0.436,1,0
4208135,2,7.878333333333333,2.451,1,0
4208687,2,1.8105555555555555,0.026,1,1
4208814,2,1.5166666666666666,0.059,1,1
4208915,2,1.8916666666666666,1.853,0,0
4209558,2,2.9358333333333335,1.492,1,0
4209613,2,3.6633333333333336,0.158,1,0
4209984,2,0.575,0.274,0,0
4210439,2,1.5583333333333333,0.511,0,0
4210440,2,0.9083333333333333,0.176,0,0
4210873,2,2.1233333333333335,0.046,1,1
4210874,2,1.64,0.049,1,1
4211095,2,2.075,0.038,1,1
4211676,2,3.3919444444444444,1.105,1,0
4212577,2,2.1275,0.037,1,0
4213423,2,3.801111111111111,0.087,1,1
4213424,2,1.626111111111111,0.976,0,0
4213505,2,1.6972222222222222,0.942,1,0
4213624,2,4.16,0.804,1,0
4213625,2,2.085277777777778,1.017,1,0
4213626,2,2.405,0.674,1,1
4214252,2,1.5680555555555555,0.604,1,0
4214253,2,2.248611111111111,0.342,1,1
4214254,2,2.091388888888889,0.084,1,0
4215097,2,0.4766666666666667,0.202,1,1
4215116,2,1.9,0.672,1,0
4215386,2,2.0866666666666664,0.043,1,0
4215387,2,1.833611111111111,0.388,1,0
4215531,2,4.276944444444444,3.542,1,0
4219312,2,2.0969444444444445,0.055,0,1
4219313,2,2.192222222222222,0.065,1,1
4219314,2,2.1886111111111113,0.051,0,1
4219315,2,1.718888888888889,0.049,1,1
4219316,2,2.462222222222222,0.031,1,1
4219360,2,1.4716666666666667,0.35,1,1
4219751,2,1.05,0.637,0,1
4220001,2,3.566666666666667,0.617,1,0
4220401,2,2.046111111111111,0.885,0,0
4221131,2,2.9405555555555556,0.802,1,0
4221205,2,11.380277777777778,3.189,1,0
4221332,2,1.8452777777777778,0.032,1,1
4221367,2,1.4447222222222222,0.028,1,0
4221393,2,2.081111111111111,0.195,1,0
4221544,2,2.3594444444444442,1.948,0,0
4222048,2,1.2333333333333334,0.285,0,0
4222193,2,1.1083333333333334,0.758,1,1
4222400,2,0.4583333333333333,0.475,0,0
4222401,2,2.0905555555555555,0.292,0,0
4222518,2,1.5363888888888888,1.597,1,0
4222786,2,5.688055555555556,3.366,1,0
4222843,2,1.8547222222222222,1.7180000000000002,1,0
4223459,2,2.046111111111111,0.7909999999999999,1,0
4223628,2,0.45,0.351,0,0
4224145,2,5.142222222222222,3.252,1,0
4224368,2,0.6483333333333333,0.266,1,1
4224449,2,1.4480555555555557,0.046,1,0
4226346,2,1.8777777777777778,1.499,1,0
4226444,2,1.9430555555555555,3.963,1,0
4226679,2,0.4,1.358,0,0
4226680,2,1.5494444444444444,0.269,1,0
4226792,2,0.5916666666666667,1.203,1,0
4226793,2,1.4333333333333333,1.4509999999999998,0,0
4227259,2,2.0741666666666667,0.125,1,1
4227330,2,1.665,0.099,1,1
4227331,2,0.3536111111111111,0.287,1,1
4227614,2,6.114444444444445,0.094,0,0
4227702,2,3.2936111111111113,0.16,1,0
4227703,2,2.065,1.558,1,0
4227904,2,3.076388888888889,0.043,1,0
4227918,2,5.13,0.617,0,0
4227931,2,2.2333333333333334,2.221,0,0
4227932,2,0.8833333333333333,1.419,0,0
4228015,2,2.141388888888889,0.292,0,0
4228223,2,1.7966666666666666,0.029,1,1
4228224,2,0.4886111111111111,0.366,0,0
4228225,2,2.022222222222222,0.031,1,0
4228282,2,0.8272222222222222,0.973,1,0
4228343,2,0.43194444444444446,0.084,1,1
4229380,2,1.9005555555555556,0.048,0,0
4229702,2,1.2772222222222223,1.5759999999999998,1,1
4229709,2,2.0947222222222224,1.241,1,0
4233804,2,5.466388888888889,0.58,1,0
4233805,2,1.6591666666666667,0.501,0,0
4233847,2,2.6708333333333334,0.7659999999999999,1,0
4234156,2,0.35,0.519,1,0
4234266,2,1.7255555555555555,0.065,0,0
4234267,2,3.3169444444444443,0.045,1,0
4234407,2,5.839722222222222,3.694,0,0
4234963,2,2.1258333333333335,0.095,0,0
4234964,2,2.08,0.068,0,0
4234965,2,3.410277777777778,3.45,1,0
4235141,2,1.773611111111111,0.906,1,0
4235465,2,3.7083333333333335,0.471,0,0
4235694,2,1.573888888888889,0.142,1,1
4235711,2,0.7166666666666667,0.389,0,0
4235951,2,1.0788888888888888,0.5,1,0
4236144,2,2.3691666666666666,0.1,0,1
4236353,2,4.6369444444444445,0.405,1,0
4236354,2,0.3422222222222222,0.26,1,0
4236355,2,1.9152777777777779,0.444,1,0
4236388,2,2.1030555555555557,0.604,1,0
4236389,2,2.1719444444444442,0.022,0,0
4236390,2,1.7230555555555556,1.345,1,0
4236391,2,1.3833333333333333,1.577,1,0
4236882,2,2.1194444444444445,0.038,0,1
4236883,2,1.7402777777777778,0.04,1,1
4237412,2,0.15833333333333333,0.604,0,0
4237413,2,0.22055555555555556,0.317,1,1
4237496,2,0.5147222222222222,1.615,1,0
4237497,2,0.8191666666666667,1.526,1,0
4240884,2,0.4083333333333333,0.653,0,0
4241264,2,2.1491666666666664,0.2,0,0
4241855,2,1.8722222222222222,0.044,1,0
4241986,2,0.3333333333333333,0.155,0,1
4242532,2,2.345,0.094,0,0
4242870,2,2.2416666666666667,0.175,1,1
4247619,2,2.08,0.33,0,0
4247648,2,3.4569444444444444,0.013,1,0
4248187,2,1.2475,1.742,1,0
4248461,2,1.8191666666666666,0.802,0,1
4248462,2,1.7930555555555556,0.299,0,0
4249117,2,1.7486111111111111,0.061,0,1
4249660,2,2.0727777777777776,0.125,0,0
4249811,2,2.548611111111111,0.7659999999999999,0,1
4250248,2,0.38333333333333336,0.352,0,0
4250260,2,0.6975,0.16,1,0
4250261,2,4.4,0.197,1,0
4250650,2,1.4536111111111112,0.059,0,0
4250651,2,2.081111111111111,0.102,1,0
4250950,2,1.9266666666666667,1.7919999999999998,1,0
4250951,2,1.7472222222222222,0.071,0,0
4251091,2,1.2,2.2230000000000003,0,0
4251092,2,2.2,2.258,1,1
4251208,2,1.331388888888889,0.5,1,0
4251209,2,1.4552777777777777,0.294,1,0
4251555,2,2.0119444444444445,0.073,1,0
4251739,2,2.4766666666666666,3.92,0,0
4251740,2,2.4994444444444444,4.121,0,0
4251793,2,2.3194444444444446,0.005,1,1
4252246,2,2.9852777777777777,0.05,0,1
4252475,2,5.892222222222222,6.284,1,0
4252507,2,2.2975,0.035,0,0
4252508,2,2.1344444444444446,0.044,0,1
4252727,2,7.5872222222222225,1.136,1,0
4252994,2,4.709722222222222,0.114,1,0
4252995,2,1.8038888888888889,0.37,1,0
4253389,2,0.7666666666666667,0.561,0,0
4254235,2,1.6294444444444445,0.287,1,0
4254929,2,5.9816666666666665,1.128,1,0
4254953,2,1.7430555555555556,0.899,1,0
4255004,2,1.4313888888888888,0.695,1,0
4255005,2,8.333055555555555,0.818,0,0
4255006,2,1.69,0.7070000000000001,0,0
4255007,2,3.2197222222222224,0.888,1,0
4255008,2,1.6502777777777777,0.6920000000000001,0,0
4255009,2,1.95,0.491,0,0
4255010,2,2.3694444444444445,0.933,1,0
4255011,2,2.121111111111111,0.779,0,0
4255012,2,8.767222222222221,0.433,1,0
4255119,2,5.411111111111111,0.5529999999999999,1,0
4255225,2,0.9091666666666667,1.287,0,0
4255286,2,1.73,0.17,0,0
4255287,2,1.378611111111111,0.074,1,0
4255888,2,1.9833333333333334,0.5489999999999999,0,0
4255889,2,7.401944444444444,3.063,1,0
4256346,2,2.4227777777777777,0.973,0,0
4256500,2,3.686111111111111,0.64,1,1
4257364,2,0.65,1.62,0,0
4257593,2,2.161388888888889,0.066,0,0
4257594,2,2.1397222222222223,0.002,1,0
4258289,2,2.140277777777778,0.026,1,1
4260695,2,0.95,0.599,0,1
4260922,2,1.363611111111111,1.286,1,0
4261191,2,1.9613888888888888,0.6,1,1
4261363,2,0.81,1.28,1,0
4261441,2,2.1519444444444447,0.802,1,1
4261588,2,1.8830555555555555,0.772,1,0
4261663,2,4.251944444444445,0.852,0,0
4262266,2,2.3275,0.128,1,0
4262480,2,1.7916666666666667,1.768,1,1
4263157,2,3.0,0.925,1,0
4263212,2,2.557777777777778,0.918,1,1
4263438,2,3.1083333333333334,0.888,1,0
4263439,2,3.1475,0.868,1,0
4263655,2,6.401666666666666,3.235,1,0
4263656,2,1.625,1.324,0,0
4263749,2,2.2197222222222224,0.256,1,0
4263817,2,0.35833333333333334,0.122,0,1
4264281,2,2.3091666666666666,1.879,1,0
4264860,2,2.3158333333333334,0.04,0,0
4265172,2,2.1508333333333334,0.17,0,1
4265251,2,2.953611111111111,0.294,1,0
4265430,2,2.926388888888889,0.055,1,0
4265431,2,2.348888888888889,0.047,1,1
4266163,2,1.4397222222222221,0.784,0,0
4266328,2,1.0333333333333334,0.8859999999999999,0,0
4266329,2,15.75,0.8220000000000001,1,0
4266683,2,2.2197222222222224,0.475,1,0
4266684,2,7.256111111111111,2.511,1,0
4269349,2,1.9577777777777778,0.182,0,1
4269528,2,2.2430555555555554,0.03,0,0
4270004,2,0.19166666666666668,0.181,0,0
4270482,2,2.2144444444444447,0.099,0,0
4270483,2,2.0297222222222224,0.439,1,0
4270484,2,1.9802777777777778,0.06,0,0
4270485,2,0.5416666666666666,0.637,0,0
4271365,2,2.1655555555555557,0.5,1,0
4273649,2,1.5091666666666668,1.53,1,0
4273814,2,1.5652777777777778,0.104,0,1
4273815,2,2.147222222222222,0.657,1,0
4273926,2,1.4577777777777778,0.685,1,0
4274045,2,1.336111111111111,1.555,1,0
4274111,2,1.9016666666666666,0.732,1,0
4274112,2,3.133611111111111,1.457,0,0
4274240,2,2.7994444444444446,0.275,1,0
4274261,2,0.84,0.7909999999999999,1,1
4275249,2,5.3116666666666665,0.329,0,0
4275328,2,2.8452777777777776,2.93,1,1
4275367,2,0.3422222222222222,0.49,1,0
4275591,2,3.6416666666666666,2.8710000000000004,0,0
4275637,2,1.3191666666666666,1.195,1,0
4275949,2,1.1341666666666668,1.035,1,0
4275950,2,4.061388888888889,0.84,0,0
4276406,2,0.24166666666666667,0.675,1,0
4277499,2,1.1158333333333332,1.67,1,0
4278422,2,1.7177777777777778,0.202,0,0
4278739,2,3.562222222222222,3.583,1,0
4278960,2,2.343611111111111,0.297,0,0
4278980,2,0.8841666666666667,2.13,1,0
4278999,2,0.8322222222222222,2.193,1,0
4280018,2,3.0502777777777776,0.974,1,0
4280156,2,8.557777777777778,2.548,1,0
4280329,2,1.4636111111111112,0.632,1,0
4280576,2,2.2255555555555557,0.089,1,1
4281191,2,1.4602777777777778,0.898,1,0
4281192,2,2.1519444444444447,1.048,1,0
4281221,2,1.9405555555555556,0.711,0,0
4281951,2,3.433333333333333,0.691,0,0
4281952,2,1.8241666666666667,0.659,1,0
4291430,2,2.7536111111111112,0.685,1,0
4292300,2,3.3005555555555555,0.05,1,0
4292452,2,2.006666666666667,0.872,0,0
4292453,2,0.8,1.4240000000000002,0,0
4292914,4,1.6566666666666667,0.171,1,1
4292976,2,0.43333333333333335,0.594,0,1
4292977,2,0.6388888888888888,2.396,1,0
4293707,2,0.8416666666666667,0.6459999999999999,0,0
4293853,2,3.413611111111111,0.249,1,0
4293911,2,4.075,5.684,1,0
4294141,2,2.5419444444444443,0.917,0,0
4295806,2,2.0980555555555553,0.05,1,1
4295807,2,1.9252777777777779,0.051,0,1
4296803,2,2.6633333333333336,0.37,1,0
4296827,2,2.118888888888889,0.017,0,0
4296985,2,2.3666666666666667,0.682,0,0
4297156,2,0.4583333333333333,0.207,0,0
4297280,2,3.76,0.46,1,0
4297448,2,0.4666666666666667,1.345,0,0
4297605,2,0.9,0.976,0,0
4298339,2,2.140277777777778,0.072,0,0
4299274,2,1.9230555555555555,0.112,1,1
4299769,2,2.3558333333333334,0.049,1,0
4299770,2,1.4280555555555556,0.091,1,0
4299771,2,1.3905555555555555,0.618,1,1
4299800,2,2.9175,0.028,0,0
4299801,2,1.3969444444444445,0.113,1,0
4300193,2,5.3975,0.344,1,0
4300734,2,1.3836111111111111,0.7340000000000001,1,0
4300971,2,7.3438888888888885,0.227,1,0
4301074,2,0.775,1.548,1,0
4301075,2,0.3416666666666667,0.168,0,0
4301076,2,0.225,0.258,0,0
4301077,2,3.524722222222222,2.155,1,0
4301078,2,1.6311111111111112,1.1909999999999998,1,0
4304873,2,2.135,0.055,1,0
4304874,2,0.3333333333333333,0.335,1,0
4305349,2,1.5177777777777777,0.014,1,1
4309250,2,7.779722222222222,1.824,1,0
4309792,2,2.5608333333333335,1.1909999999999998,0,0
4309793,2,0.9786111111111111,1.746,0,0
4309794,2,2.0369444444444444,1.239,0,1
4309795,2,1.5658333333333334,1.947,1,1
4309875,2,3.2133333333333334,3.279,1,1
4310116,2,2.6352777777777776,0.072,0,0
4310187,2,3.171666666666667,0.629,1,1
4310249,2,1.4697222222222222,0.148,1,0
4310250,2,1.4830555555555556,0.37,1,0
4310776,2,1.4136111111111112,0.388,1,0
4310926,2,2.959722222222222,0.228,0,1
4310970,2,1.3705555555555555,0.973,0,0
4311155,2,1.9275,0.049,1,1
4311156,2,2.55,0.049,1,1
4311611,2,0.18333333333333332,0.7509999999999999,1,0
4312560,2,0.8944444444444445,0.151,1,1
4312700,2,2.3016666666666667,0.142,1,1
4312919,2,1.7247222222222223,0.023,0,1
4312920,2,1.4877777777777779,0.047,1,1
4313308,2,3.5080555555555555,0.038,1,0
4313393,2,4.253333333333333,3.285,1,1
4313890,2,1.4055555555555554,0.297,1,0
4313891,2,2.113888888888889,0.047,0,0
4314148,2,1.8544444444444443,0.632,0,0
4314690,2,0.44166666666666665,0.48,0,0
4314691,2,1.6805555555555556,0.873,1,0
4315155,2,2.1644444444444444,0.4,1,1
4315525,2,2.6302777777777777,0.823,1,0
4315646,2,2.2752777777777777,0.052,1,0
4315647,2,4.368333333333333,0.225,1,0
4315705,2,1.6666666666666667,1.497,0,0
4315746,2,2.213611111111111,0.288,1,0
4316218,2,2.593888888888889,0.288,1,1
4316330,2,0.39166666666666666,0.391,0,0
4316382,2,4.060555555555555,0.851,1,0
4316476,2,1.9947222222222223,0.149,0,0
4316477,2,0.36666666666666664,0.7040000000000001,0,0
4317019,2,2.1902777777777778,0.215,1,0
4317020,2,2.5,0.934,1,0
4317513,2,3.0844444444444443,0.091,1,1
4317622,2,1.8597222222222223,0.018,0,1
4317679,2,0.5305555555555556,0.2,1,1
4317852,2,14.506944444444445,0.476,1,0
4318884,2,2.0772222222222223,0.04,0,0
4318953,2,2.658333333333333,0.654,0,1
4318954,2,1.4366666666666668,0.691,1,0
4318955,2,1.2833333333333334,1.1909999999999998,1,0
4322106,2,6.499444444444444,2.787,1,0
4322608,2,1.4383333333333332,0.866,1,0
4322618,2,0.425,0.324,0,0
4322777,2,0.42083333333333334,0.257,1,0
4322778,2,2.0919444444444446,0.381,1,0
4322780,2,2.2263888888888888,0.942,0,0
4323693,2,1.3619444444444444,0.278,1,0
4323694,2,3.231388888888889,0.376,1,0
4324058,2,1.6591666666666667,0.16,1,0
4324180,2,1.5486111111111112,1.4280000000000002,1,0
4324216,2,2.308333333333333,0.604,1,0
4324258,2,0.975,0.391,0,1
4324435,2,4.754722222222222,2.119,1,0
4325558,2,1.736388888888889,0.491,1,0
4325700,2,1.6125,0.149,0,0
4325701,2,2.073888888888889,1.241,1,0
4326145,2,0.5083333333333333,0.24,0,1
4326719,2,1.3666666666666667,0.11,1,1
4326937,2,2.0616666666666665,0.1669999999999999,1,1
4327254,2,0.6,0.648,0,0
4327255,2,3.834722222222222,0.907,1,0
4327256,2,1.9491666666666667,0.993,1,0
4327418,2,0.925,3.428,0,0
4327728,2,0.4166666666666667,1.632,0,0
4327990,2,1.4166666666666667,0.14,0,0
4327991,2,1.5097222222222222,0.099,1,1
4327992,2,1.7336111111111112,0.067,1,0
4327993,2,2.1019444444444444,0.525,1,0
4328160,2,0.37277777777777776,0.393,1,0
4328235,2,0.6380555555555556,0.546,1,0
4328236,2,0.36666666666666664,0.374,0,1
4328479,2,2.088611111111111,0.05,0,1
4328537,2,2.0575,0.115,0,0
4329018,2,6.175,1.078,1,1
4329262,2,1.3702777777777777,0.542,1,0
4329649,2,5.998611111111111,1.56,1,0
4329940,2,0.6916666666666667,0.514,0,0
4330239,2,2.0027777777777778,1.271,1,0
4330243,2,2.216666666666667,0.171,1,1
4332981,2,4.861944444444444,2.162,1,0
4333125,2,0.18333333333333332,0.604,0,0
4333126,2,0.21777777777777776,0.664,0,0
4333127,2,0.22833333333333333,1.195,1,0
4333128,2,3.59,1.885,1,0
4333129,2,1.6819444444444445,0.181,1,0
4333145,2,1.5727777777777778,0.102,1,1
4333146,2,1.8141666666666667,0.088,1,0
4333180,2,3.7977777777777777,0.448,1,0
4333359,4,6.0,1.329,0,1
4333367,2,2.370833333333333,0.077,0,0
4333669,2,2.068888888888889,0.133,1,0
4333830,2,2.188888888888889,0.283,1,0
4333831,2,2.218611111111111,0.6629999999999999,1,0
4333833,2,2.1391666666666667,0.942,0,0
4333834,2,2.1966666666666668,1.345,1,0
4333940,2,3.0122222222222224,0.143,1,0
4333949,2,1.6930555555555555,0.053,1,1
4334094,2,0.5675,0.6709999999999999,1,0
4334214,2,4.635555555555555,0.705,1,0
4335287,2,2.1305555555555555,0.723,0,0
4335769,2,1.0083333333333333,1.042,1,0
4336515,2,0.6602777777777777,1.328,1,0
4337398,2,2.4130555555555557,0.143,1,0
4337740,2,0.9727777777777777,0.408,1,0
4337741,2,1.7147222222222223,0.171,0,0
4338006,2,14.731111111111112,0.618,1,1
4338007,2,2.401666666666667,0.6779999999999999,0,0
4338156,2,3.6461111111111113,0.644,0,0
4338157,2,1.5505555555555555,0.642,1,0
4338311,2,2.230277777777778,0.054,1,0
4338312,2,0.6916666666666667,0.376,0,0
4338313,2,2.631666666666667,0.074,1,0
4338314,2,4.354444444444445,0.099,1,0
4338315,2,2.1244444444444444,0.141,1,0
4338316,2,1.6288888888888888,0.09,1,0
4338373,2,2.7291666666666665,0.086,0,0
4338374,2,1.851388888888889,0.051,1,0
4338375,2,1.593888888888889,0.068,1,1
4338376,2,0.4041666666666667,0.95,1,0
4338782,2,0.39916666666666667,1.405,1,0
4339458,2,0.9777777777777777,0.335,1,1
4339507,2,2.1255555555555556,0.053,1,0
4339790,2,7.209444444444444,1.485,1,0
4339791,2,6.016944444444444,2.335,1,0
4339933,2,12.3675,4.152,1,0
4340121,2,1.675,0.586,0,0
4340129,2,2.141111111111111,0.032,0,0
4340613,2,0.2,0.604,0,0
4340768,2,3.141111111111111,0.5489999999999999,1,0
4341323,2,1.523611111111111,1.411,1,0
4341457,2,1.7841666666666667,0.168,1,0
4341932,2,2.1855555555555557,0.018,0,1
4341977,2,1.9775,0.05,1,1
4341978,2,1.4780555555555555,0.052,1,1
4342221,2,5.416944444444445,4.041,1,0
4342292,2,2.0755555555555554,0.7559999999999999,1,0
4342293,2,1.5541666666666667,0.737,1,0
4343085,2,1.0486111111111112,0.21,1,0
4343086,2,1.46,1.695,1,0
4343107,2,1.2805555555555554,0.266,1,1
4343296,2,1.7841666666666667,0.051,1,1
4343668,2,2.042222222222222,0.779,0,0
4343786,2,9.635555555555555,3.431,1,0
4343795,2,2.1041666666666665,0.053,0,1
4343796,2,2.0838888888888887,0.05,1,1
4344200,2,0.805,2.42,1,0
4344289,2,2.1769444444444446,0.124,1,0
4344290,2,1.9180555555555556,0.129,1,0
4344291,2,1.4713888888888889,0.11,1,1
4344656,2,1.6916666666666667,0.809,0,0
4345629,2,1.843888888888889,0.0819999999999999,1,1
4345630,2,2.124722222222222,0.157,0,1
4345631,2,0.21666666666666667,0.563,1,0
4345632,2,2.246111111111111,0.604,1,0
4345633,2,1.7230555555555556,0.092,0,0
4345634,2,0.2877777777777778,0.672,1,0
4345635,2,0.525,0.873,0,0
4345636,2,0.21666666666666667,0.336,1,0
4345637,2,1.9536111111111112,0.181,1,0
4345817,2,0.36972222222222223,0.526,1,0
4345818,2,1.8619444444444444,3.3280000000000003,1,0
4346357,2,2.0283333333333333,0.06,0,1
4346358,2,2.3116666666666665,0.065,1,1
4346509,2,7.671111111111111,2.9610000000000003,1,0
4347019,2,1.8452777777777778,0.023,0,0
4347031,2,5.663333333333333,0.644,1,0
4347175,2,0.875,2.897,0,1
4347972,2,0.725,1.361,0,0
4350472,2,2.0319444444444446,0.247,1,0
4350522,2,0.4127777777777778,2.267,1,0
4350623,2,2.3819444444444446,0.104,0,0
4351676,2,2.1152777777777776,0.838,1,0
4351678,2,2.8222222222222224,0.196,1,0
4351679,2,1.7297222222222222,0.047,0,0
4351954,2,2.077777777777778,0.022,1,1
4352355,2,7.194166666666667,0.258,1,0
4352921,2,0.43333333333333335,0.635,0,0
4353170,2,2.3383333333333334,0.952,1,0
4353847,2,0.5416666666666666,0.482,0,0
4355070,2,3.5391666666666666,1.296,1,0
4355600,2,0.5333333333333333,0.37,1,0
4355658,2,3.3916666666666666,6.299,1,0
4355673,2,1.54,0.089,1,0
4355674,2,2.0819444444444444,0.104,1,0
4355959,2,10.544166666666667,0.526,1,0
4356391,2,1.8455555555555556,0.049,1,1
4356392,2,1.9475,0.049,1,1
4362704,2,1.513611111111111,0.067,1,0
4362705,2,1.7619444444444445,0.105,1,1
4362940,2,1.15,2.2230000000000003,0,0
4362984,2,0.9258333333333333,0.8490000000000001,1,0
4372435,2,0.4747222222222222,0.468,1,0
4372436,2,3.2580555555555555,0.532,1,0
4372534,2,1.8427777777777778,1.471,1,1
4372581,2,1.6455555555555557,0.853,1,0
4372602,2,5.188055555555556,0.232,1,0
4372654,2,2.5188888888888887,0.35,0,1
4372700,2,0.35,0.344,1,0
4372725,2,2.005,0.031,0,1
4372729,2,1.666111111111111,0.618,1,0
4373004,2,0.31666666666666665,0.5,0,0
4373146,2,4.0905555555555555,1.6840000000000002,0,0
4373321,2,0.9825,0.212,1,0
4373568,2,0.09166666666666666,0.117,0,0
4373736,2,1.3333333333333333,1.176,1,0
4374012,2,1.1416666666666666,0.261,1,0
4374804,2,1.1955555555555555,0.017,0,0
4374820,2,2.9097222222222223,0.856,1,0
4375235,2,0.625,0.988,0,0
4375319,2,1.8083333333333333,1.883,0,1
4375358,2,2.3072222222222223,0.7879999999999999,1,0
4375459,2,1.7222222222222223,0.071,1,1
4375592,2,0.3894444444444444,0.295,1,1
4376102,2,2.3225,0.6970000000000001,1,0
4376103,2,1.4591666666666667,0.861,1,0
4376104,2,1.5855555555555556,0.708,1,0
4376396,2,2.2025,0.047,1,0
4376397,2,1.8605555555555555,0.047,1,0
4376446,2,1.446388888888889,1.471,1,1
4376956,2,1.3883333333333334,0.884,0,0
4377555,2,1.6666666666666667,0.097,0,0
4377556,2,1.6961111111111111,0.079,0,0
4377557,2,2.11,0.114,1,0
4377558,2,3.1680555555555556,3.201,1,0
4377698,2,1.5463888888888888,0.942,1,0
4377699,2,1.968888888888889,1.524,1,0
4378082,2,2.1233333333333335,0.088,1,0
4378083,2,2.0525,0.085,1,1
4378084,2,2.035,0.106,1,0
4378085,2,1.9094444444444445,0.618,0,1
4378852,2,1.6513888888888888,0.652,1,0
4378853,2,1.6436111111111111,0.6940000000000001,1,0
4379091,2,1.5033333333333334,0.013,1,0
4379092,2,1.7061111111111111,0.052,1,1
4379093,2,2.2694444444444444,0.01,1,1
4379094,2,1.7475,0.008,1,1
4379095,2,3.164722222222222,0.052,1,0
4379485,2,1.5586111111111112,0.35,1,1
4379748,2,1.8622222222222222,0.1369999999999999,0,0
4379749,2,1.5,0.037,1,0
4379833,2,0.3333333333333333,0.468,1,0
4381145,2,2.216666666666667,0.026,1,0
4381146,2,1.7833333333333334,0.078,1,1
4382328,2,1.2083333333333333,0.385,1,1
4382567,2,7.25,2.508,1,0
4382890,2,5.4325,0.224,0,1
4383147,2,0.38416666666666666,0.135,1,1
4383258,2,1.6511111111111112,0.435,1,0
4383557,2,1.8388888888888888,0.197,1,0
4383684,2,3.051388888888889,0.8640000000000001,1,0
4384262,2,0.3333333333333333,0.973,0,0
4385017,2,0.9222222222222223,0.518,1,1
4385139,2,0.7833333333333333,0.5,0,0
4385182,2,1.488611111111111,0.985,1,0
4385561,2,1.2322222222222223,0.245,1,1
4386289,2,1.376111111111111,2.211,1,1
4387304,2,3.6419444444444444,3.03,0,0
4387395,2,1.321388888888889,1.494,1,1
4387396,2,3.455277777777778,1.604,1,0
4392085,2,0.45,0.147,0,0
4392137,2,4.179444444444444,1.12,1,0
4392588,2,0.49166666666666664,0.802,0,1
4392667,2,2.408333333333333,2.316,0,0
4392668,2,3.84,2.123,1,0
4392792,2,0.8608333333333333,0.88,1,0
4393021,2,2.1055555555555556,0.495,0,1
4393415,2,0.3333333333333333,0.171,1,1
4393458,2,2.0144444444444445,0.077,1,0
4393544,2,0.44277777777777777,0.5579999999999999,1,0
4393549,2,1.6252777777777778,0.265,0,0
4393550,2,1.563611111111111,1.139,1,0
4393844,2,0.3416666666666667,0.521,0,0
4393992,2,5.705277777777778,2.256,1,0
4394076,2,0.5788888888888889,0.256,1,0
4394077,2,0.425,0.609,1,0
4394098,2,3.1280555555555556,1.955,1,0
4394104,2,0.3788888888888889,0.233,1,1
4394169,2,2.1791666666666667,0.7879999999999999,1,0
4396409,2,0.9858333333333333,2.322,1,0
4396739,2,2.167222222222222,0.088,1,0
4397062,2,1.4658333333333333,0.288,1,0
4397123,2,0.925,1.277,0,0
4397157,2,0.7355555555555555,0.198,1,1
4397522,2,1.4833333333333334,1.558,0,0
4397552,2,0.7916666666666666,1.027,0,0
4398518,2,2.147222222222222,0.075,1,0
4399160,2,2.3308333333333335,0.03,1,0
4399161,2,2.441388888888889,0.072,0,0
4399219,2,1.5841666666666667,0.8079999999999999,0,0
4399220,2,2.388333333333333,0.7979999999999999,1,0
4399418,2,0.225,0.942,0,0
4399831,2,7.0697222222222225,0.436,1,0
4399832,2,3.910277777777778,1.3769999999999998,1,0
4399961,2,1.7027777777777777,0.695,1,0
4399975,2,0.5666666666666667,1.558,0,0
4400428,2,0.3591666666666667,0.132,1,1
4405469,2,2.1644444444444444,0.076,1,0
4406087,2,1.4508333333333334,0.097,1,0
4406088,2,1.5383333333333333,0.405,1,0
4406089,2,1.8077777777777777,0.068,0,0
4406090,2,2.5925,0.143,0,0
4406091,2,2.0188888888888887,0.7879999999999999,1,0
4406418,2,0.21666666666666667,1.1909999999999998,1,0
4406600,2,7.1,0.416,1,0
4407238,2,1.4077777777777778,0.116,0,0
4407239,2,1.8480555555555556,1.048,1,0
4407376,2,4.238611111111111,0.946,1,1
4407576,2,2.024722222222222,0.546,1,0
4407825,2,1.3,0.594,0,1
4408078,2,0.7813888888888889,1.008,1,0
4408089,2,0.875,0.354,0,0
4408352,2,0.4866666666666667,0.412,1,0
4408633,2,1.8388888888888888,0.425,1,0
4408906,2,1.9827777777777778,0.046,1,1
4408907,2,1.5744444444444445,0.06,1,1
4408908,2,1.3816666666666666,0.05,1,1
4408909,2,1.6816666666666666,0.085,0,1
4408964,2,2.8202777777777777,1.44,0,1
4409000,2,2.1225,1.471,0,1
4409583,2,0.575,0.586,0,0
4409903,2,2.0080555555555555,0.049,1,1
4410166,2,1.3416666666666666,0.852,0,0
4410167,2,0.5166666666666667,0.475,0,0
4410168,2,1.4166666666666667,6.064,1,0
4410169,2,5.110555555555556,2.3,1,0
4410170,2,1.075,0.72,0,0
4410171,2,3.115,2.8,1,0
4410172,2,2.15,0.16,1,0
4410173,2,3.0,0.278,1,0
4410174,2,6.862777777777778,1.01,0,1
4410175,2,3.408333333333333,0.633,0,0
4410176,2,4.008333333333334,0.741,0,0
4411266,2,3.5833333333333335,0.96,1,0
4411344,2,2.379166666666667,0.945,1,0
4411401,2,0.3333333333333333,0.195,0,0
4411465,2,2.888888888888889,0.802,1,0
4412303,2,1.6877777777777778,0.093,1,1
4412304,2,1.6458333333333333,0.079,1,1
4412305,2,2.042222222222222,0.073,1,1
4412384,2,4.408333333333333,2.521,0,1
4412501,2,1.393888888888889,0.015,1,0
4412504,2,0.5166666666666667,0.695,0,0
4413292,2,0.7083333333333334,0.78,0,0
4413464,2,7.656944444444444,2.261,1,0
4414074,2,3.1222222222222222,0.043,1,0
4414124,2,15.75,0.078,1,1
4414125,2,3.0819444444444444,0.078,0,0
4414126,2,2.1925,0.531,1,0
4414370,2,0.38333333333333336,0.457,0,0
4415082,2,2.2,0.17,1,1
4415418,2,2.5216666666666665,2.153,1,0
4415473,2,2.9055555555555554,3.744,1,0
4415626,2,2.1869444444444444,0.295,1,0
4415744,2,1.8658333333333332,1.027,1,1
4417176,2,2.1241666666666665,0.283,1,0
4417358,2,0.3463888888888889,0.225,1,0
4417698,2,1.7,1.925,0,0
4427111,2,1.7272222222222222,0.115,0,0
4427337,2,0.775,1.455,0,1
4427430,2,5.828611111111111,4.371,1,0
4431754,2,2.9922222222222223,3.315,1,1
4432134,2,1.7,1.3030000000000002,0,0
4432135,2,1.5166666666666666,1.225,0,0
4432370,2,3.2872222222222223,0.016,0,0
4432372,2,2.2802777777777776,0.117,1,0
4432551,2,3.4305555555555554,1.5530000000000002,1,1
4433120,2,3.2752777777777777,0.103,0,0
4433121,2,0.35,1.0590000000000002,0,0
4433665,2,0.9,0.623,0,0
4433666,2,5.699722222222222,2.134,1,1
4433667,2,6.385833333333333,3.412,1,0
4433668,2,2.0725,1.558,1,0
4433835,2,5.430833333333333,0.023,1,0
4433954,2,1.4313888888888888,0.035,1,1
4434225,2,0.3333333333333333,0.125,0,1
4435127,2,0.9269444444444445,1.243,1,0
4435345,2,0.9844444444444445,1.594,1,0
4435391,2,0.47194444444444444,2.184,1,0
4435661,2,0.6833333333333333,0.609,1,0
4435771,2,5.852777777777778,2.14,1,0
4436424,2,2.1033333333333335,0.123,1,1
4437403,2,0.36666666666666664,0.607,0,0
4437486,2,2.461388888888889,0.03,1,0
4440375,2,2.1055555555555556,0.8859999999999999,1,0
4440391,2,1.001111111111111,1.067,1,0
4440722,2,6.260833333333333,2.439,1,0
4440960,2,1.8936111111111111,0.629,0,0
4441384,2,0.4886111111111111,0.153,1,1
4441456,2,0.3333333333333333,0.364,0,1
4442058,2,2.0966666666666667,1.241,0,0
4444734,2,0.6913888888888889,2.05,1,0
4444942,2,2.0119444444444445,0.052,0,0
4444943,2,1.458611111111111,0.011,1,0
4445183,2,1.6180555555555556,0.024,1,0
4445471,2,2.7330555555555556,2.268,0,0
4445704,2,2.3152777777777778,1.321,1,0
4445753,2,0.8583333333333333,1.211,1,1
4446476,2,1.8955555555555557,0.17,1,0
4446610,2,1.3972222222222221,1.286,1,0
4446981,2,1.7008333333333334,1.139,1,0
4447143,2,0.4088888888888889,0.053,0,0
4447340,2,1.1558333333333333,3.76,1,0
4447399,2,2.1005555555555557,0.782,0,0
4447400,2,2.1077777777777778,0.794,0,0
4448436,2,14.574444444444444,0.471,1,1
4448620,2,1.9941666666666666,0.089,1,0
4451370,2,1.9047222222222222,1.271,1,0
4451656,2,0.38333333333333336,1.558,0,0
4452003,2,3.091111111111111,1.111,1,0
4452100,2,2.1455555555555557,0.07,1,0
4452259,2,0.20833333333333334,0.101,0,0
4452260,2,0.21555555555555556,0.499,0,0
4452263,2,0.5761111111111111,0.202,1,1
4452767,2,0.6216666666666667,1.754,1,0
4454154,2,2.1422222222222222,0.159,1,0
4454234,2,1.7416666666666667,0.807,0,0
4455129,2,4.073888888888889,1.643,1,0
4455525,2,2.0838888888888887,0.376,0,0
4455707,2,1.4072222222222222,0.65,1,0
4455823,2,2.055833333333333,0.265,1,0
4456358,2,1.8,1.771,0,1
4456359,2,1.5791666666666666,0.024,1,0
4456555,2,1.8680555555555556,1.515,0,0
4456975,2,2.152222222222222,0.7929999999999999,1,1
4457411,2,1.6008333333333333,1.747,1,0
4457996,2,2.5419444444444443,1.137,0,0
4458093,2,4.3625,1.516,1,0
4458132,2,0.5666666666666667,0.7609999999999999,0,0
4458676,2,1.9538888888888888,0.295,1,0
4458678,2,3.4322222222222223,0.107,0,0
4458679,2,2.0730555555555554,0.252,1,0
4458689,2,2.0166666666666666,0.961,0,1
4458870,2,0.36666666666666664,0.346,0,0
4459144,2,5.341944444444445,1.366,1,0
4459205,2,2.7058333333333335,0.358,1,0
4459206,2,3.4269444444444446,2.756,1,0
4459207,2,1.881388888888889,0.391,1,0
4459208,2,3.191388888888889,0.158,1,0
4459267,2,1.1388888888888888,0.569,1,0
4459449,2,2.1005555555555557,0.919,0,0
4459725,2,1.9627777777777777,0.07,1,0
4459726,2,0.3333333333333333,0.4320000000000001,1,1
4459818,2,5.628333333333333,6.064,1,0
4459871,2,1.1166666666666667,1.117,0,0
4459886,2,0.44166666666666665,0.973,1,0
4460199,2,1.6805555555555556,0.05,1,1
4460459,2,1.9761111111111112,0.196,1,0
4460851,2,1.965,0.557,1,0
4460852,2,3.5069444444444446,0.539,1,0
4460983,2,0.45944444444444443,0.6759999999999999,1,0
4460984,2,0.7997222222222222,0.446,1,0
4460985,2,0.7166666666666667,0.314,0,0
4461303,2,0.38333333333333336,0.246,0,0
4461324,2,2.1216666666666666,0.797,1,0
4461325,2,2.1030555555555557,1.369,1,0
4461807,2,2.3844444444444446,0.6679999999999999,0,0
4463211,2,0.37833333333333335,0.7020000000000001,1,1
4463493,2,1.69,0.04,1,0
4464625,2,1.805,0.054,1,1
4464804,2,0.18333333333333332,0.468,1,0
4465461,2,2.0452777777777778,0.112,1,1
4465462,2,1.6347222222222222,0.048,1,1
4465463,2,1.3811111111111112,0.422,1,0
4466867,2,1.648611111111111,0.807,1,0
4467119,2,1.6025,0.703,1,0
4467122,2,2.6233333333333335,0.22,1,0
4467123,2,4.48,0.293,0,0
4467124,2,1.8852777777777778,1.457,1,0
4467284,2,2.319722222222222,0.004,0,0
4467648,2,0.22944444444444445,0.626,1,0
4468661,2,1.5166666666666666,1.871,0,0
4468708,2,2.120277777777778,0.029,1,1
4468710,2,2.181388888888889,0.029,1,0
4468711,2,2.2841666666666667,0.043,1,0
4468712,2,1.408611111111111,0.197,1,0
4468713,2,2.0894444444444447,0.594,0,0
4468728,2,1.3069444444444445,0.142,0,0
4468788,2,1.6827777777777777,0.046,1,0
4468789,2,1.8766666666666667,0.048,1,0
4468790,2,4.033611111111111,0.617,1,0
4469332,2,1.551388888888889,0.731,0,0
4469498,2,4.386111111111111,3.45,1,0
4470161,2,1.1058333333333332,1.917,1,1
4470342,2,2.145,0.732,1,0
4470505,2,1.7666666666666666,0.006,0,1
4470506,2,1.7152777777777777,0.039,1,0
4470564,2,0.9666666666666667,1.409,0,0
4470750,2,2.5180555555555557,1.345,1,0
4470808,2,8.033333333333333,0.621,1,0
4470809,2,3.158333333333333,0.441,1,0
4473394,2,1.9152777777777779,0.307,0,0
4473395,2,2.1075,0.161,0,1
4473904,2,0.5083333333333333,1.398,0,0
4474027,2,2.002222222222222,0.013,1,1
4474422,2,1069.5305555555556,0.021,1,0
4475241,2,3.388333333333333,0.336,1,0
4475243,2,0.43,0.254,1,1
4475724,2,2.425,2.309,1,0
4475748,2,4.286111111111111,3.095,1,0
4475749,2,2.123611111111111,0.181,0,0
4475845,2,0.3497222222222222,0.154,1,1
4475846,2,0.3333333333333333,0.203,1,1
4475908,2,0.6583333333333333,0.66,1,0
4475947,2,2.7577777777777777,0.066,1,1
4476535,2,7.398055555555556,1.824,1,0
4476977,2,2.6669444444444443,3.314,1,0
4476978,2,2.4811111111111113,0.7490000000000001,1,0
4476979,2,3.2594444444444446,0.7909999999999999,1,0
4476980,2,1.4708333333333334,0.765,1,0
4476981,2,1.6163888888888889,0.88,0,0
4477094,2,1.5241666666666667,0.665,0,0
4477717,2,2.180833333333333,0.05,0,0
4477791,4,1.6633333333333333,0.136,1,1
4477921,2,2.6875,1.56,1,0
4478274,2,7.255,3.552,1,0
4478275,2,3.0,0.197,0,0
4478461,2,0.4583333333333333,0.597,0,0
4478689,2,2.6752777777777776,0.89,1,0
4478849,2,3.14,2.312,0,0
4479042,2,0.21666666666666667,0.043,1,0
4479210,2,1.0677777777777777,2.863,1,0
4479357,2,2.45,2.166,1,0
4479695,2,3.664722222222222,0.623,1,1
4479849,2,0.4666666666666667,0.345,0,0
4479942,2,2.1041666666666665,0.292,0,0
4480022,2,0.8833333333333333,0.909,0,0
4480023,2,0.4197222222222222,0.317,1,1
4480024,2,0.4572222222222222,0.317,1,0
4480025,2,2.2333333333333334,1.1909999999999998,1,0
4480026,2,1.5891666666666666,1.57,1,0
4480027,2,2.4166666666666665,0.441,1,0
4480110,2,1.056111111111111,0.942,1,0
4480352,2,2.1880555555555556,0.042,0,0
4480422,2,1.3663888888888889,0.168,0,0
4480423,2,1.2833333333333334,2.395,0,0
4480699,2,1.6780555555555556,1.6780000000000002,0,0
4481230,2,2.3269444444444445,0.199,1,0
4481371,2,1.9675,0.484,0,0
4481413,2,1.4472222222222222,0.752,1,0
4481479,2,5.497222222222222,0.499,1,1
4481710,2,2.3575,0.925,1,0
4482134,2,5.182222222222222,5.207000000000002,1,0
4482135,2,2.7305555555555556,3.678,1,0
4482136,2,1.4441666666666666,1.855,1,1
4482226,2,2.301111111111111,0.056,1,1
4482300,4,178.66194444444446,0.645,1,1
4482818,2,2.3369444444444443,0.685,1,0
4482819,2,2.9705555555555554,0.6940000000000001,1,0
4483058,2,1.3922222222222222,0.799,1,0
4483918,2,0.5358333333333334,0.5489999999999999,1,0
4484207,2,2.1230555555555557,0.638,0,0
4484578,2,3.7130555555555556,3.8,1,0
4485025,2,4.1866666666666665,0.831,1,0
4485032,2,2.7916666666666665,2.684,0,0
4485415,2,1.5105555555555557,0.89,1,1
4485936,2,2.556111111111111,1.615,1,0
4485937,2,0.85,1.515,0,0
4488707,2,1.6961111111111111,0.053,1,1
4488922,2,1.4308333333333334,0.242,1,1
4488923,2,0.9038888888888889,0.647,1,0
4488924,2,1.6958333333333333,0.189,0,1
4489019,2,0.475,0.043,0,0
4489020,2,0.19166666666666668,0.168,0,0
4489021,2,1.1458333333333333,0.8009999999999999,1,0
4489197,2,1.625,1.854,0,0
4489206,2,1.1116666666666666,2.1830000000000003,1,0
4489843,2,0.4,0.736,0,0
4490551,2,3.1041666666666665,0.339,1,1
4490552,2,0.5738888888888889,0.763,1,0
4492815,2,4.507777777777778,5.537999999999999,1,0
4492816,2,5.091666666666667,4.782,1,0
4492903,2,5.975,2.783,1,0
4493199,2,0.6666666666666666,0.12,1,1
4493549,2,0.4,1.241,0,0
4494158,2,6.985,1.871,1,0
4494160,2,1.3166666666666667,2.241,1,0
4494391,2,0.6691666666666667,0.947,1,0
4494428,2,4.174444444444444,1.833,1,0
4494576,2,2.616111111111111,0.76,1,0
4497281,2,2.2491666666666665,0.037,0,0
4497282,2,2.133611111111111,0.024,1,0
4497283,2,2.117777777777778,1.345,0,0
4497487,2,3.046666666666667,0.5,1,0
4497503,2,2.145,0.207,1,0
4497578,2,2.2630555555555554,0.7909999999999999,1,0
4497829,2,0.4083333333333333,0.123,0,1
4497962,2,0.35,0.4370000000000001,0,0
4498428,2,2.0452777777777778,1.369,0,0
4498488,2,0.5083333333333333,0.4320000000000001,0,0
4498858,2,1.8877777777777778,0.049,1,1
4499695,4,169.93777777777777,0.051,0,0
4500000,2,1.7036111111111112,0.039,0,0
4500158,2,4.4222222222222225,1.414,1,0
4500355,2,1.7327777777777778,0.6890000000000001,1,1
4500374,2,4.415555555555556,0.466,1,0
4501139,2,3.3713888888888888,1.12,1,0
4501435,2,0.9194444444444444,0.48,1,0
4502049,2,2.1508333333333334,0.7170000000000001,0,0
4502050,2,5.820277777777778,1.969,1,0
4502850,2,2.1266666666666665,0.019,0,0
4503072,2,4.330555555555556,0.5870000000000001,1,0
4503073,2,4.850555555555555,0.687,1,0
4503147,2,3.9419444444444443,4.163,1,0
4503412,2,1.7833333333333334,1.177,0,1
4503675,2,15.75,0.098,1,1
4505943,2,1.4241666666666666,1.01,1,0
4506051,2,1.8727777777777779,1.13,1,0
4506087,2,2.1283333333333334,0.5529999999999999,1,0
4506934,2,7.806388888888889,6.8,1,0
4507122,2,2.2088888888888887,0.6709999999999999,1,0
4507334,2,2.526666666666667,0.08,0,1
4507781,2,5.464722222222222,1.5759999999999998,1,1
4507782,2,4.567777777777778,2.157,1,0
4508248,2,0.36972222222222223,0.224,1,0
4508831,2,1.4986111111111111,0.02,0,0
4508832,2,0.3333333333333333,0.647,0,0
4508935,2,1.4766666666666666,0.757,0,0
4508936,2,2.068611111111111,0.7390000000000001,1,0
4508937,2,1.9527777777777777,0.769,1,0
4508938,2,2.1502777777777777,0.723,1,0
4508939,2,0.8083333333333333,1.012,0,0
4508940,2,3.825833333333333,0.976,1,0
4509271,2,1.5438888888888889,0.466,1,0
4509304,2,0.4666666666666667,0.508,1,0
4509941,2,2.3241666666666667,0.008,1,0
4510424,2,2.2713888888888887,0.161,1,1
4511111,2,1.6455555555555557,0.024,0,1
4511398,2,1.008888888888889,0.398,1,1
4511455,2,0.6166666666666667,0.3229999999999999,0,1
4511508,2,2.2225,0.8170000000000001,1,0
4511519,2,0.21666666666666667,0.299,1,0
4511520,2,0.6588888888888889,0.763,1,0
4511616,2,0.3447222222222222,0.354,1,1
4512189,2,7.032777777777778,1.84,1,0
4512458,2,0.35194444444444445,1.286,1,0
4512957,2,0.8136111111111111,0.534,1,1
4513279,2,2.039722222222222,0.097,0,0
4513365,2,2.125,0.384,0,0
4513375,2,0.21666666666666667,0.224,1,1
4513749,2,4.691666666666666,1.408,0,0
4513807,2,0.35,0.422,1,0
4513907,2,1.5416666666666667,2.267,0,0
4514250,2,1.8658333333333332,0.92,1,0
4514826,2,3.4166666666666665,1.661,1,0
4514929,2,1.6752777777777779,0.046,0,1
4515825,2,1.8305555555555555,0.37,1,0
4516631,2,1.5952777777777778,0.127,1,0
4516794,2,1.133888888888889,1.758,1,0
4517583,2,3.999722222222222,0.103,1,1
4517584,2,9.770277777777778,0.588,1,0
4518582,2,2.089722222222222,0.093,1,1
4519011,2,3.6094444444444442,0.73,1,0
4520544,2,0.475,0.102,1,1
4521178,2,2.1275,0.322,1,0
4521179,2,0.6227777777777778,0.971,1,0
4521180,2,2.118888888888889,0.976,1,0
4521219,2,2.14,1.241,0,0
4526333,2,1.718888888888889,0.029,0,1
4526377,2,2.07,0.015,0,1
4527470,2,1.038888888888889,0.917,0,0
4527598,2,0.6222222222222222,1.48,1,1
4527599,2,2.1094444444444442,1.369,1,0
4529998,2,0.5133333333333333,1.564,1,0
4530217,2,0.5988888888888889,0.384,1,0
4530431,2,1.5755555555555556,0.02,1,1
4530548,2,2.7733333333333334,0.179,1,1
4531327,2,0.21666666666666667,0.283,0,0
4531328,2,0.675,0.6629999999999999,1,0
4531353,2,1.1741666666666666,0.247,1,1
4531355,2,1.8558333333333332,0.7879999999999999,0,0
4531787,2,2.1755555555555555,0.69,1,0
4531788,2,1.378611111111111,1.139,1,0
4531907,2,0.7,0.23,0,1
4532161,2,1.74,0.063,0,0
4532387,2,3.408333333333333,0.617,1,0
4532388,2,0.35,0.218,1,1
4533197,2,1.761388888888889,0.03,1,0
4533281,2,3.1416666666666666,1.781,0,0
4533606,2,0.35,0.192,1,0
4534107,2,0.9833333333333333,1.045,0,0
4534137,2,1.0916666666666666,0.217,1,1
4534323,2,2.158333333333333,1.358,1,0
4535257,2,3.154166666666667,0.7559999999999999,1,1
4535773,2,1.1711111111111112,1.665,1,0
4536153,2,4.0536111111111115,2.137,1,0
4536365,2,4.253333333333333,3.329,1,1
4540993,2,0.4583333333333333,0.318,1,1
4541672,2,1.84,1.6880000000000002,1,0
4541922,2,0.8416666666666667,0.7829999999999999,0,0
4541923,2,1.75,0.7879999999999999,0,0
4541924,2,0.5583333333333333,1.1740000000000002,0,0
4542123,2,0.7430555555555556,0.6409999999999999,1,0
4542725,2,3.3919444444444444,5.211,1,1
4542879,2,7.4075,1.66,1,0
4545379,2,2.1977777777777776,0.106,1,1
4545393,2,2.3872222222222224,0.05,1,1
4545394,2,2.132222222222222,0.029,1,1
4545944,2,2.457222222222222,0.051,1,0
4545945,2,2.3316666666666666,0.02,1,0
4545946,2,2.3441666666666667,0.295,1,0
4547093,2,0.34194444444444444,0.294,0,0
4547561,2,3.9158333333333335,0.589,1,1
4547562,2,3.3202777777777777,0.56,1,0
4548025,2,1.9675,0.908,0,0
4548243,2,0.5916666666666667,0.055,0,0
4548307,2,1.7430555555555556,0.758,1,0
4548363,2,0.8,0.417,1,1
4548533,2,2.011388888888889,0.033,1,1
4548541,2,15.75,0.95,1,0
4548542,2,1.6847222222222222,0.942,1,0
4548581,2,0.3,0.043,0,0
4549047,2,2.112222222222222,0.175,1,1
4549303,2,3.042777777777778,0.544,1,0
4549304,2,1.6086111111111112,0.085,1,1
4549697,2,2.591388888888889,0.038,1,1
4549698,2,2.1219444444444444,0.047,1,0
4549699,2,1.9669444444444444,0.042,1,1
4549700,2,2.2202777777777776,0.053,1,1
4549772,2,0.4125,0.306,1,0
4549773,2,5.29,2.85,1,0
4549774,2,13.85388888888889,2.945,1,0
4549775,2,0.9888888888888889,2.834,1,0
4549889,2,2.006111111111111,0.7020000000000001,1,0
4549976,2,0.35138888888888886,0.384,1,0
4550007,2,2.131111111111111,0.609,1,0
4550060,2,0.44166666666666665,0.468,0,0
4550102,2,0.5291666666666667,0.782,1,0
4550103,2,3.52,0.336,1,0
4550104,2,0.21666666666666667,0.868,1,0
4550328,2,2.0341666666666667,0.7879999999999999,1,0
4550329,2,3.351111111111111,3.528,1,0
4550492,2,1.3491666666666666,0.142,0,0
4551482,2,0.9147222222222222,2.2840000000000003,1,0
4551853,2,4.366666666666666,0.906,0,0
4552112,2,4.686388888888889,1.4509999999999998,1,0
4552256,2,2.1225,0.1639999999999999,1,0
4552304,2,1.4047222222222222,0.6679999999999999,1,0
4552868,2,2.207222222222222,0.046,1,0
4553605,2,2.0097222222222224,0.053,0,1
4553606,2,1.9111111111111112,0.049,0,1
4553804,2,0.6666666666666666,0.487,0,1
4553839,2,1.3922222222222222,0.905,1,0
4553929,2,2.2894444444444444,0.634,1,0
4560900,2,0.375,0.315,0,1
4560952,2,1.6969444444444444,2.221,1,0
4561115,2,2.152222222222222,1.07,1,0
4561116,2,4.8533333333333335,2.234,1,1
4562172,2,1.925,0.035,0,1
4562210,2,2.137777777777778,0.123,0,1
4562361,2,1.2416666666666667,2.059,0,0
4562362,2,2.0991666666666666,2.9130000000000003,0,0
4562378,2,2.2530555555555556,0.037,0,0
4562379,2,2.171111111111111,0.052,0,0
4565332,2,2.233888888888889,0.3229999999999999,1,0
4565654,2,2.178611111111111,0.053,1,1
4565732,4,1.4958333333333333,0.097,1,1
4566319,2,1.7569444444444444,0.407,1,1
4566348,2,0.8322222222222222,0.508,1,0
4566349,2,0.4666666666666667,0.468,1,0
4566880,2,0.9416666666666667,2.49,0,0
4566881,2,1.2491666666666668,1.339,1,0
4566882,2,0.775,0.884,0,0
4567074,2,2.4633333333333334,0.802,1,1
4567090,2,3.75,1.105,0,0
4567451,2,1.5733333333333333,0.154,1,1
4567854,2,3.0838888888888887,2.333,1,0
4568168,2,1.496388888888889,0.013,1,1
4568314,2,1.7208333333333334,0.014,1,1
4568315,2,4.375555555555556,0.257,0,0
4568370,2,1.7975,0.151,1,0
4568371,2,1.8794444444444445,1.241,0,0
4568372,2,1.5386111111111112,1.358,1,0
4568373,2,1.5927777777777778,0.171,1,0
4568374,2,2.0975,0.117,1,0
4568677,2,1.813611111111111,0.046,0,1
4568678,2,3.7375,0.11,1,1
4568679,2,2.0780555555555558,0.505,1,1
4568745,2,1.6130555555555555,0.053,1,0
4568746,2,1.6147222222222222,0.162,0,0
4568747,2,1.4072222222222222,0.077,1,0
4568885,2,3.1483333333333334,0.617,1,0
4568967,2,2.2752777777777777,2.419,1,0
4569645,2,2.451388888888889,0.825,1,0
4569719,2,6.808611111111111,3.397,1,0
4569919,2,1.4130555555555555,1.284,1,0
4570187,2,0.21138888888888888,0.24,0,0
4570188,2,0.215,0.101,1,0
4570652,2,1.5433333333333332,0.5529999999999999,1,0
4570907,2,1.708611111111111,0.873,0,0
4570978,2,7.04,0.154,1,1
4571002,2,2.6058333333333334,0.139,0,0
4571003,2,2.232222222222222,1.139,1,0
4571349,2,0.27,0.468,1,0
4571507,2,2.1486111111111112,0.222,0,1
4571512,2,5.103055555555556,1.146,1,0
4571513,2,0.39111111111111113,0.635,0,0
4571794,2,0.3502777777777778,0.102,1,1
4571977,2,2.326388888888889,0.288,1,0
4572030,2,3.4244444444444446,2.031,1,0
4572166,2,0.7586111111111111,0.177,0,0
4572430,2,2.941666666666667,1.304,0,0
4573103,2,1.6122222222222222,0.907,1,0
4573370,2,1.0327777777777778,1.0590000000000002,1,1
4573457,2,0.6666666666666666,1.134,0,0
4575199,2,2.5275,0.053,0,0
4575200,2,2.1066666666666665,1.139,0,0
4575459,2,2.6727777777777777,0.141,0,0
4575479,2,3.402222222222222,3.14,1,0
4575501,2,0.3547222222222222,0.705,1,1
4575502,2,0.3333333333333333,0.283,1,1
4575822,2,0.3333333333333333,0.394,1,0
4578348,2,0.36666666666666664,0.249,0,0
4578592,2,2.828611111111111,0.071,0,0
4578904,2,1.846111111111111,0.802,1,1
4579239,2,6.0375,2.239,1,0
4579444,2,2.273888888888889,0.023,1,0
4579858,2,0.875,1.179,0,0
4584881,2,0.3622222222222222,0.269,1,0
4585040,2,0.8,0.573,0,0
4585133,2,0.34305555555555556,0.735,1,0
4585259,2,0.8991666666666667,0.207,1,0
4585761,2,0.39166666666666666,0.353,1,0
4585837,2,1.1272222222222221,5.902,1,0
4585937,2,1.7236111111111112,0.7490000000000001,1,0
4585938,2,1.9305555555555556,0.635,1,0
4586022,2,1.9666666666666666,1.097,0,0
4586079,2,4.364444444444445,0.025,1,0
4586176,2,3.762777777777778,3.482,1,0
4586177,2,1.7647222222222223,0.015,1,0
4586182,2,1.3847222222222222,0.785,0,0
4586183,2,1.8405555555555555,0.728,1,0
4586443,2,2.493888888888889,0.105,1,1
4586510,2,1.9791666666666667,0.195,1,0
4589160,2,1.1,1.765,1,0
4589446,2,1.6227777777777779,0.525,1,0
4589686,2,4.691666666666666,1.136,0,0
4589994,2,0.6405555555555555,0.305,1,1
4590026,2,3.1663888888888887,0.8140000000000001,1,0
4590056,2,1.5516666666666667,0.135,0,0
4590057,2,1.7105555555555556,0.74,1,0
4590104,2,2.133888888888889,0.0819999999999999,1,1
4590165,2,2.178888888888889,1.1909999999999998,0,0
4590166,2,1.7083333333333333,1.114,1,0
4590726,2,3.4166666666666665,0.028,0,1
4591036,2,0.21666666666666667,0.118,1,0
4591534,2,1.9416666666666667,0.38,0,0
4591925,2,2.1566666666666667,0.19,0,0
4591956,2,1.8483333333333334,0.211,0,0
4591957,2,3.3833333333333333,2.247,1,0
4592258,2,2.143611111111111,0.186,0,0
4592259,2,2.107222222222222,1.6780000000000002,0,0
4592335,2,1.6188888888888888,1.358,1,0
4592651,2,8.281666666666666,0.312,1,1
4592892,2,2.1744444444444446,0.352,0,0
4593139,2,2.001388888888889,0.05,1,1
4593281,2,1.0666666666666667,0.5820000000000001,0,0
4593320,2,2.67,0.026,1,0
4593321,2,1.4,0.159,1,0
4594097,2,3.7169444444444446,0.799,1,0
4594162,2,1.3833333333333333,0.22,1,0
4594421,2,4.414444444444444,3.723,1,0
4594682,2,2.2655555555555558,0.09,1,0
4594855,2,3031.4166666666665,0.088,0,0
4594856,2,2.205277777777778,0.102,1,1
4595124,2,1.8919444444444444,0.156,1,0
4595393,2,2.2172222222222224,0.6829999999999999,1,0
4596189,2,2.3766666666666665,0.2,0,1
4596569,2,0.5383333333333333,0.297,1,1
4596679,2,2.117777777777778,0.194,1,0
4596865,2,2.3341666666666665,0.17,0,0
4596917,2,0.36666666666666664,0.632,0,0
4596918,2,2.6019444444444444,0.038,0,0
4597225,2,0.5852777777777778,0.5329999999999999,1,0
4597226,2,0.2633333333333333,0.763,1,0
4597227,2,2.102777777777778,0.043,1,0
4597228,2,2.1730555555555555,0.342,1,1
4597229,2,0.7011111111111111,0.7190000000000001,1,0
4597230,2,0.2,0.181,0,0
4597491,2,0.9666666666666667,0.625,0,0
4597492,2,0.9416666666666667,1.1740000000000002,0,1
4597836,2,1.5425,0.023,1,1
4597839,2,2.193611111111111,0.04,1,1
4600710,2,1.9002777777777777,0.058,1,0
4600824,2,0.775,1.262,0,0
4600977,2,1.7566666666666666,0.194,1,1
4601410,2,3.433333333333333,0.475,1,0
4601527,2,2.1191666666666666,0.1669999999999999,1,0
4602120,2,1.4833333333333334,0.706,0,0
4602157,2,2.318611111111111,0.017,0,1
4606825,2,2.763333333333333,1.027,1,1
4607310,2,2.081111111111111,6.35,1,0
4608126,2,0.23444444444444446,0.043,0,0
4608210,2,0.8144444444444444,0.799,1,0
4608302,2,1.7013888888888888,0.124,0,1
4608316,2,1.9694444444444446,1.587,1,0
4608572,2,1.4219444444444445,0.128,0,0
4608573,2,2.1108333333333333,0.388,1,0
4608968,2,7.4911111111111115,2.439,1,0
4609041,2,3.6752777777777776,0.173,1,0
4609429,2,1.8363888888888888,0.05,0,1
4609430,2,1.7602777777777778,0.05,0,1
4609589,2,1.4891666666666667,2.036,1,0
4609608,2,5.769444444444445,3.018,1,0
4609729,2,0.48,0.85,1,0
4609788,2,2.483888888888889,0.738,1,1
4609789,2,1.378611111111111,0.7120000000000001,1,0
4609821,2,2.0597222222222222,1.295,0,0
4610014,2,1.4075,0.444,1,0
4610015,2,4.615555555555556,0.405,1,0
4610407,2,3.8405555555555555,1.378,0,0
4610446,4,2.0772222222222223,0.171,1,1
4610557,2,2.339166666666667,2.607,1,0
4610592,2,2.321111111111111,0.031,0,0
4610944,2,2.750277777777778,0.574,1,0
4611003,2,1.3797222222222223,0.058,1,0
4611026,2,0.3333333333333333,0.226,0,0
4611578,2,2.4477777777777776,0.647,1,0
4611602,2,0.3333333333333333,1.471,1,1
4611715,2,2.161388888888889,0.292,0,0
4611877,2,1.5163888888888888,0.672,1,0
4612746,2,1.8083333333333333,1.338,0,0
4612747,2,0.3572222222222222,0.306,1,0
4612826,2,2.5947222222222224,0.052,0,1
4612827,2,2.2808333333333333,0.046,0,1
4613071,2,1.5580555555555555,0.226,1,0
4613138,2,1.9116666666666666,1.6130000000000002,1,0
4613139,2,6.310833333333333,1.6980000000000002,1,0
4613680,2,2.213888888888889,0.083,1,0
4613681,2,8.551944444444445,0.067,0,0
4613682,2,0.9472222222222222,1.642,0,0
4613683,2,3.1416666666666666,3.076,0,0
4613928,2,1.9066666666666667,1.389,1,1
4614283,2,0.3672222222222222,0.575,1,0
4614361,2,4.763055555555556,6.797999999999999,0,0
4614541,2,2.4408333333333334,0.304,1,1
4614792,2,11.151944444444444,3.606,1,0
4615723,2,1.3563888888888889,0.022,0,0
4616091,2,1.4691666666666667,0.6459999999999999,1,0
4616094,2,0.4633333333333333,0.149,1,1
4616282,2,0.3333333333333333,0.145,0,0
4616489,2,2.774722222222222,0.141,1,0
4616490,2,2.0244444444444443,0.179,1,0
4616539,2,0.49166666666666664,1.275,0,1
4616992,2,1.1836111111111112,0.501,0,0
4616993,2,1.9361111111111111,0.334,1,0
4617875,2,0.35,0.672,0,0
4618615,2,0.3333333333333333,0.324,0,0
4619675,2,1.5166666666666666,0.64,0,0
4620082,2,1.6572222222222222,0.775,1,0
4620118,2,1.7136111111111112,0.057,1,0
4620232,2,2.411111111111111,0.132,0,0
4620233,2,2.3019444444444446,1.457,1,0
4620591,2,1.2972222222222223,0.575,1,0
4621024,2,1.71,0.7829999999999999,1,0
4621025,2,1.656111111111111,0.7879999999999999,1,0
4621026,2,3.3919444444444444,0.7559999999999999,1,0
4621027,2,1.7475,0.123,0,0
4621028,2,1.4780555555555555,0.154,1,0
4621352,2,0.4666666666666667,0.2,0,1
4621503,2,1.6511111111111112,0.73,1,0
4621649,2,1.6991666666666667,0.043,1,0
4621741,2,0.425,0.7,1,0
4621800,2,3.2263888888888888,0.532,1,0
4626407,2,169.93777777777777,0.013,0,0
4626480,2,3.062222222222222,1.231,0,1
4627114,2,1.9625,0.088,1,1
4627148,2,2.3833333333333333,1.577,0,0
4627621,2,3.088611111111111,0.03,0,0
4627814,2,3.0430555555555556,3.539,0,0
4628180,2,1.575,1.12,1,1
4628310,2,1.7994444444444444,0.042,1,0
4628311,2,2.611111111111111,0.073,1,0
4628313,2,1.8147222222222221,0.009,1,1
4628373,2,2.1127777777777776,0.952,0,0
4628603,2,0.35,0.667,1,1
4628642,2,1.9122222222222223,0.085,0,1
4628643,2,2.6258333333333335,0.041,0,1
4628925,2,4.2175,0.265,1,0
4629688,2,2.0941666666666667,0.607,1,0
4629868,2,1.7325,0.7879999999999999,1,0
4630509,2,8.582222222222223,2.408,1,0
4630729,2,1.8494444444444444,0.088,1,1
4630904,2,3.185,0.044,1,0
4631518,2,2.161111111111111,0.072,0,0
4631988,2,1.4641666666666666,0.151,0,0
4632015,2,3.3625,0.04,1,1
4632032,2,1.7922222222222222,0.019,1,0
4635380,2,3.504722222222222,0.09,0,1
4635640,2,2.3419444444444446,0.283,1,0
4635641,2,0.55,1.158,0,0
4635642,2,0.6583333333333333,0.5489999999999999,1,0
4636952,2,2.8602777777777777,0.297,1,0
4636967,2,2.265277777777778,0.073,1,0
4637232,2,0.6125,0.541,0,0
4637602,2,0.6333333333333333,0.173,0,0
4637652,2,0.3516666666666667,0.212,1,0
4637774,2,0.45,0.101,1,0
4637777,2,1.4761111111111112,0.034,1,0
4637798,2,1.521111111111111,2.5,1,0
4637835,2,0.3333333333333333,0.508,1,1
4638095,2,1.7758333333333334,0.048,0,0
4638808,2,2.4541666666666666,2.649,1,0
4639227,2,3.295,0.802,1,1
4639312,2,2.3855555555555554,0.09,1,0
4641851,2,1.9136111111111112,0.077,1,0
4642077,2,2.8419444444444446,0.141,1,0
4642225,2,3.0475,0.021,1,1
4642398,2,1.8641666666666667,0.158,0,0
4642399,2,2.1025,0.392,0,0
4642715,2,2.683333333333333,2.164,1,0
4643052,2,1.5802777777777777,0.718,1,0
4643053,2,1.728611111111111,0.7959999999999999,1,0
4643736,2,1.71,0.049,0,1
4644131,2,6.324722222222222,1.355,1,0
4644424,2,2.006388888888889,0.049,0,1
4644492,2,1.9797222222222222,0.05,0,1
4645040,2,2.336388888888889,1.983,1,0
4645207,2,1.7338888888888888,0.075,0,0
4645208,2,2.2397222222222224,0.053,0,0
4645209,2,2.066666666666667,0.1369999999999999,1,0
4645210,2,1.4236111111111112,0.06,1,0
4645211,2,1.7394444444444443,1.558,0,0
4645449,2,0.9422222222222222,0.931,1,0
4646602,2,1.8841666666666668,1.6840000000000002,1,0
4646795,2,1.6758333333333333,0.032,1,1
4647273,2,2.2391666666666667,0.047,1,1
4647381,2,2.2308333333333334,0.157,1,1
4647382,2,2.2105555555555556,0.604,1,0
4647383,2,0.21666666666666667,0.7390000000000001,1,1
4647384,2,6.029166666666667,0.054,1,0
4647385,2,2.6397222222222223,0.0819999999999999,1,1
4647386,2,0.8719444444444444,0.672,1,0
4647387,2,2.0644444444444443,0.342,1,1
4647932,2,0.9083333333333333,0.532,0,0
4647933,2,1.551388888888889,0.146,1,0
4647934,2,1.5302777777777778,0.413,1,0
4648600,2,2.0,1.3,0,0
4648739,2,4.437222222222222,0.051,1,1
4648882,2,2.341388888888889,3.687,1,0
4649093,2,0.3416666666666667,0.298,1,0
4649523,2,0.3333333333333333,1.286,1,0
4650266,2,1.9072222222222222,0.593,1,1
4650282,2,1.8477777777777777,0.821,1,0
4652691,2,1.9047222222222222,0.067,0,0
4652929,2,0.3552777777777778,0.301,1,0
4652930,2,1.6558333333333333,0.973,1,0
4653823,2,0.7638888888888888,0.1689999999999999,1,1
4654425,2,2.6997222222222224,0.846,1,0
4654597,2,0.35055555555555556,0.611,1,0
4656452,2,1.726388888888889,0.187,0,0
4656966,2,2.1708333333333334,0.068,0,0
4656967,2,1.533611111111111,0.041,1,0
4656968,2,4.0905555555555555,0.089,0,0
4656969,2,1.8552777777777778,0.097,1,0
4656970,2,4.051111111111111,2.376,1,0
4656971,2,2.4252777777777776,0.143,1,0
4656972,2,3.338888888888889,0.405,1,0
4656973,2,2.0188888888888887,0.7879999999999999,1,0
4656974,2,2.1219444444444444,0.255,1,0
4657164,2,1.4666666666666666,0.378,0,1
4657395,2,2.640277777777778,0.288,1,1
4657524,2,1.1180555555555556,1.746,1,0
4658011,2,2.1494444444444443,2.824,1,1
4658351,2,1.6002777777777777,0.037,0,0
4659339,2,1.6125,1.132,1,0
4659424,2,0.5752777777777778,0.254,1,0
4659462,2,2.5769444444444445,2.342,1,0
4659518,2,2.1847222222222222,1.12,0,0
4659798,2,0.21694444444444444,0.66,1,0
4659799,2,0.9963888888888889,0.913,1,0
4659800,2,2.408333333333333,0.551,1,0
4659801,2,2.8,0.339,0,1
4660060,2,1.225,0.596,1,0
4660273,2,0.40055555555555555,0.479,1,0
4660546,2,1.5472222222222223,0.825,1,0
4661050,2,14.821944444444444,0.574,1,0
4661116,2,2.29,1.109,0,0
4661274,2,1.3225,0.339,0,1
4661404,2,1.9636111111111112,0.053,0,1
4663879,2,0.22416666666666665,0.168,0,0
4663880,2,3.015833333333333,0.043,1,0
4664010,2,2.9791666666666665,0.178,1,0
4664137,2,4.676944444444445,1.354,1,0
4664538,2,4.733333333333333,2.326,1,0
4664673,2,6.290277777777778,5.257999999999999,1,0
4664674,2,5.121666666666667,0.617,1,0
4664675,2,5.088055555555556,2.527,1,0
4664676,2,4.121944444444445,1.235,1,0
4664900,2,2.2125,0.083,0,1
4665493,2,1.8469444444444445,1.286,0,0
4665524,2,2.2155555555555555,0.151,1,0
4666033,2,2.1255555555555556,0.283,1,0
4666034,2,2.0919444444444446,1.345,0,0
4666035,2,1.7355555555555555,0.079,0,0
4666036,2,2.1844444444444444,0.084,1,0
4666037,2,1.7,1.604,0,0
4666038,2,7.581111111111111,4.272,1,0
4666127,2,2.1775,0.104,0,1
4666242,2,1.4402777777777778,0.105,0,0
4666249,2,0.8722222222222222,2.138,1,0
4666364,2,1.6452777777777778,0.146,0,0
4666472,2,9.113055555555556,0.037,1,0
4666534,2,0.39166666666666666,0.51,1,0
4667034,2,1.956388888888889,0.04,1,0
4667650,2,1.3583333333333334,0.047,1,0
4667865,2,2.3652777777777776,0.009,1,0
4667866,2,0.3883333333333333,0.519,1,1
4667867,2,1.1422222222222222,0.705,1,0
4667868,2,3.826111111111111,0.181,1,0
4668725,2,2.2869444444444444,0.789,1,0
4668726,2,2.1469444444444443,0.773,0,0
4669044,2,4.223888888888889,0.024,1,0
4669081,2,1.6436111111111111,0.604,1,0
4669082,2,2.1819444444444445,0.015,1,1
4669083,2,2.2005555555555554,0.009,1,0
4669084,2,2.1025,0.033,1,0
4669093,2,2.133888888888889,0.103,1,1
4669174,2,0.6652777777777777,0.973,0,0
4669175,2,3.3608333333333333,0.918,1,0
4669176,2,5.098611111111111,2.467,1,0
4669262,2,1.7458333333333333,0.092,0,0
4669795,2,3.6166666666666667,2.527,1,0
4670166,2,2.033333333333333,1.361,0,0
4670820,2,2.9725,0.085,1,1
4671055,2,0.4266666666666667,2.008,0,0
4671293,2,2.8305555555555557,0.061,1,1
4671402,2,0.8208333333333333,0.956,1,0
4671968,2,1.6533333333333333,3.168,1,0
4671969,2,2.1372222222222224,0.1669999999999999,1,0
4672011,2,2.0972222222222223,0.5529999999999999,0,0
4673265,2,6.6402777777777775,4.208,1,0
4673326,2,1.5583333333333333,1.2819999999999998,0,0
4673327,2,1.5894444444444444,1.019,1,0
4673969,2,2.0725,0.062,1,0
4674037,2,2.1575,0.91,1,0
4674312,2,0.175,0.043,0,0
4674373,2,3.3805555555555555,0.399,1,1
4675195,2,1.1416666666666666,1.105,0,0
4675196,2,7.172777777777778,1.321,0,0
4675197,2,4.277222222222222,0.8490000000000001,1,0
4675226,2,2.3030555555555554,0.211,1,0
4675610,2,1.6669444444444443,0.037,0,0
4675611,2,2.79,0.016,0,0
4675612,2,1.7516666666666667,0.027,1,0
4675613,2,2.093611111111111,0.08,0,1
4675698,2,1.6566666666666667,0.171,1,1
4675917,2,0.3591666666666667,0.642,1,0
4676098,2,2.945,1.286,1,0
4677064,2,2.1730555555555555,0.272,0,0
4677395,2,0.5994444444444444,0.473,1,0
4677439,2,5.448055555555555,2.532,1,0
4677896,2,1.975,2.136,1,0
4678045,2,2.0858333333333334,0.183,0,1
4678689,2,1.725,0.825,1,0
4678967,2,0.8008333333333333,0.434,1,1
4678982,2,3.2397222222222224,7.487999999999999,1,0
4679013,2,1.333611111111111,1.505,1,1
4679998,2,3.7894444444444444,0.789,1,0
4680103,2,0.20833333333333334,0.5,0,0
4680376,2,4.115,0.617,1,0
4680549,2,0.4666666666666667,1.103,1,0
4680989,2,0.43027777777777776,0.38,1,0
4683440,2,2.0661111111111112,0.6709999999999999,1,0
4683582,2,3.3919444444444444,0.8190000000000001,1,0
4683583,2,0.8166666666666667,1.376,1,0
4684016,2,1.0594444444444444,0.7709999999999999,0,0
4684017,2,1.35,2.155,0,0
4684072,2,7.359166666666667,2.165,1,0
4684106,2,0.23333333333333334,0.932,0,0
4684415,2,2.6822222222222223,0.055,1,1
4684456,2,1.8672222222222221,1.019,1,0
4684699,2,3.7105555555555556,1.139,0,0
4684762,2,0.5766666666666667,0.255,1,0
4684868,2,1.7827777777777778,0.088,0,0
4684870,2,2.1469444444444443,0.025,0,0
4685077,2,2.4758333333333336,0.72,1,0
4685201,2,2.424166666666667,0.821,1,0
4685202,2,3.0130555555555554,0.79,1,0
4685203,2,1.8,0.942,1,0
4685757,2,5.413611111111111,3.162,1,0
4686007,2,2.125277777777778,0.453,0,0
4686420,2,4.666666666666667,0.617,1,0
4686421,2,3.7880555555555557,2.585,1,0
4686422,2,3.781388888888889,0.537,1,0
4686423,2,8.541944444444445,1.258,1,0
4686424,2,3.0166666666666666,0.475,0,0
4686425,2,4.166111111111111,0.741,1,0
4686633,2,0.9427777777777778,0.368,1,0
4686634,2,2.2530555555555556,0.05,1,0
4687013,4,2.162777777777778,0.412,0,0
4687014,2,6.358611111111111,1.485,1,0
4687015,2,0.5416666666666666,1.506,0,0
4687016,2,6.369166666666667,1.3769999999999998,1,0
4687017,2,0.8497222222222223,0.934,1,0
4687018,2,4.762777777777778,0.411,1,0
4687019,2,9.180833333333334,0.929,1,1
4687090,4,2.095833333333333,0.7879999999999999,1,0
4687379,2,1.4761111111111112,0.639,0,0
4688856,2,0.7608333333333334,1.358,1,0
4689394,2,3.147777777777778,0.054,0,0
4689477,2,6.413055555555555,2.944,1,0
4692142,2,1.793611111111111,3.382,1,0
4692143,2,1.9797222222222222,0.17,0,0
4692685,2,2.033888888888889,0.024,1,0
4693382,2,0.225,0.117,0,0
4693454,2,4.816666666666666,0.615,0,1
4693879,2,1.6522222222222223,0.095,1,0
4693880,2,1.3877777777777778,0.078,1,0
4693881,2,1.7622222222222221,0.094,1,0
4693882,2,6.272777777777778,0.74,1,0
4693939,2,0.5616666666666666,0.754,1,0
4696478,2,0.575,0.404,0,0
4696579,2,3.216666666666667,1.433,1,0
4696580,2,1.3647222222222222,0.619,1,0
4697412,2,2.1261111111111113,0.023,0,0
4697413,2,2.2719444444444443,0.017,1,1
4697942,2,0.7166666666666667,0.446,0,0
4697991,2,1.0666666666666667,0.812,0,0
4698488,2,1.2416666666666667,1.633,1,0
4700941,2,0.7280555555555556,0.35,1,1
4701593,2,7.8372222222222225,2.5980000000000003,1,0
4702335,2,5.981388888888889,1.105,1,0
4702336,2,6.620555555555556,0.655,1,0
4702337,2,2.966388888888889,0.769,1,0
4702338,2,1.378611111111111,0.168,1,0
4702809,2,4.314722222222223,1.283,1,0
4702946,2,2.8022222222222224,0.055,1,0
4705402,2,0.35,0.268,0,0
4705809,2,2.2472222222222222,0.059,1,0
4705960,2,1.8519444444444444,0.049,1,1
4706423,2,2.5366666666666666,0.05,1,1
4706526,2,1.6972222222222222,0.055,1,1
4706527,2,1.8286111111111112,0.976,1,0
4706931,2,1.571388888888889,0.009,1,1
4706932,2,2.004722222222222,0.02,0,0
4706933,2,2.4072222222222224,0.026,1,0
4706955,2,2.515277777777778,0.022,1,1
4706983,2,2.2441666666666666,0.102,1,0
4706984,2,2.1983333333333333,1.558,1,0
4707058,2,3.8580555555555556,3.2310000000000003,1,1
4707518,2,6.016944444444444,4.931,1,0
4708076,2,0.6166666666666667,0.239,1,1
4708209,2,0.36666666666666664,0.287,0,1
4708883,2,4.145833333333333,1.48,0,0
4708884,2,1.2313888888888889,0.8390000000000001,1,0
4708950,2,3.1658333333333335,2.864,1,0
4709420,2,0.35,0.214,0,0
4710231,2,3.0016666666666665,0.423,1,1
4710835,2,6.123888888888889,2.465,1,0
4710837,2,1.4583333333333333,2.244,0,0
4711191,2,12.29888888888889,4.5360000000000005,0,0
4711389,2,1.6166666666666667,0.016,1,1
4711677,2,2.876388888888889,0.218,0,1
4711769,2,1.6266666666666667,0.026,0,0
4716257,2,1.7075,0.046,1,1
4716378,2,1.4452777777777779,0.248,0,0
4716379,2,2.1480555555555556,1.558,0,0
4716423,2,2.0233333333333334,0.5489999999999999,1,0
4716917,2,0.9916666666666667,1.126,0,0
4717079,2,0.4583333333333333,0.581,0,0
4717120,2,6.726388888888889,4.702,1,0
4717121,2,5.270833333333333,3.349,1,0
4717191,2,1.978888888888889,0.942,0,0
4717192,2,2.1327777777777777,1.345,1,0
4717230,2,3.3858333333333333,0.087,1,1
4717231,2,5.973888888888889,0.102,1,0
4717301,2,1.5355555555555556,0.735,1,0
4717329,2,2.1169444444444445,0.7879999999999999,1,0
4717472,2,1.3583333333333334,0.809,1,0
4717506,2,1.8630555555555555,2.2430000000000003,1,0
4720891,2,0.8,0.176,0,0
4721159,2,1.4583333333333333,1.656,0,0
4721160,2,0.7075,2.208,1,0
4721576,2,1.8933333333333333,0.025,0,1
4722597,2,1.8072222222222223,0.013,1,1
4722698,2,0.21666666666666667,0.439,0,0
4723062,2,2.7916666666666665,0.617,0,0
4723363,2,0.8922222222222222,5.166,1,0
4723881,2,1.5294444444444444,2.224,1,0
4724286,2,1.0783333333333334,3.12,1,0
4724779,2,1.9011111111111112,0.011,0,1
4727523,2,1.6847222222222222,0.7170000000000001,0,0
4727524,2,1.6802777777777778,0.708,1,0
4727999,2,4.695555555555556,2.305,1,0
4728245,2,2.0566666666666666,0.342,0,1
4728413,2,2.4783333333333335,0.05,0,1
4728414,2,1.6575,0.013,1,0
4728862,2,0.3416666666666667,0.447,0,0
4729681,2,1.1416666666666666,1.169,0,0
4730438,2,0.47888888888888886,1.5519999999999998,1,0
4730876,2,1.4513888888888888,2.198,1,0
4730946,2,0.9,2.241,0,0
4730969,2,2.5580555555555557,0.065,1,0
4730970,2,1.5916666666666666,0.755,1,1
4731015,2,3.104722222222222,1.4680000000000002,1,0
4731185,2,0.5666666666666667,0.415,0,0
4731221,2,1.7638888888888888,0.215,0,0
4738135,2,9.378055555555555,2.335,1,0
4738214,2,3.2777777777777777,0.231,1,0
4738542,2,0.8955555555555555,0.952,0,0
4738686,2,0.5083333333333333,1.622,1,0
4738687,2,0.21666666666666667,0.043,1,0
4738688,2,0.6133333333333333,0.375,1,0
4738826,2,2.3369444444444443,0.8290000000000001,1,0
4738827,2,2.660277777777778,0.862,1,0
4738994,2,1.8391666666666666,0.037,1,0
4739020,2,5.813055555555556,0.617,1,0
4739197,2,0.5833333333333334,0.5379999999999999,1,1
4739303,2,0.4152777777777778,0.952,1,0
4739597,2,0.6333333333333333,0.563,0,0
4740449,2,0.3333333333333333,0.199,0,0
4740468,2,1.696388888888889,0.042,0,1
4741104,2,2.4,1.32,0,0
4742298,2,2.6455555555555557,0.037,1,1
4742299,2,0.3416666666666667,0.294,0,0
4742300,2,2.5444444444444443,0.023,1,0
4742444,2,0.3333333333333333,0.191,0,0
4744730,2,2.1280555555555556,1.052,1,0
4744902,2,2.1822222222222223,0.042,0,0
4745362,2,0.7583333333333333,0.31,0,0
4745722,2,6.1675,1.943,1,0
4745728,2,3.632222222222222,4.586,1,0
4746766,2,2.1925,0.2,0,0
4746817,2,3.4569444444444444,0.013,1,0
4747476,2,5.248611111111111,3.418,1,0
4747535,2,2.172222222222222,0.016,1,1
4747866,2,0.9416666666666667,1.501,0,0
4748181,2,2.1633333333333336,0.022,0,0
4748182,2,2.308333333333333,0.7909999999999999,0,1
4748183,2,3.584722222222222,0.039,0,0
4748237,2,2.5372222222222223,0.186,1,0
4748346,2,2.1575,1.659,1,0
4748378,2,1.0841666666666667,0.812,0,1
4748464,2,1.7305555555555556,0.5,1,0
4748465,2,2.1875,0.294,1,0
4748528,2,0.8797222222222222,1.5519999999999998,1,0
4748728,2,1.7402777777777778,0.04,1,1
4748729,2,2.013333333333333,0.039,1,1
4748902,2,0.7658333333333334,2.272,1,1
4749040,2,0.9463888888888888,1.717,1,1
4749041,2,1.1277777777777778,1.67,1,0
4749424,2,1.523611111111111,0.688,1,0
4749483,2,1.8272222222222223,0.135,1,1
4749484,2,2.406388888888889,0.016,0,1
4749485,2,2.1213888888888888,0.135,1,1
4749919,2,2.799166666666667,0.202,0,0
4749930,2,2.129722222222222,0.33,0,0
4750165,2,1.805,0.035,1,1
4750506,2,1.4916666666666667,1.177,0,1
4751428,2,2.0355555555555553,1.198,1,1
4751429,2,5.980555555555555,2.3,1,0
4752333,2,2.0380555555555557,0.006,1,1
4752334,2,3.060277777777778,1.571,1,0
4752776,2,0.3333333333333333,0.021,0,0
4752814,2,1.523611111111111,0.097,0,0
4752815,2,1.5894444444444444,0.144,0,0
4752816,2,1.4297222222222221,0.067,1,0
4752817,2,1.4927777777777778,0.33,1,0
4753220,2,1.9669444444444444,0.117,1,0
4755972,2,2.905,0.794,1,0
4755973,2,1.9583333333333333,0.6970000000000001,1,0
4756183,2,1.8672222222222221,0.906,1,0
4756318,2,1.5072222222222222,0.05,1,1
4756351,2,5.1497222222222225,5.444,1,0
4756751,2,3.8916666666666666,3.856,1,0
4756752,2,2.2694444444444444,0.073,0,0
4757114,2,6.5625,0.728,1,0
4757115,2,3.0130555555555554,0.8220000000000001,1,0
4758357,2,1.0141666666666667,1.897,1,0
4758372,2,2.025,0.509,1,0
4758467,2,3.553888888888889,0.023,0,0
4758468,2,1.7766666666666666,0.051,1,1
4758469,2,1.731111111111111,0.018,1,0
4758470,2,2.6305555555555555,0.03,1,0
4758729,2,2.2194444444444446,0.055,0,0
4759414,2,5.528888888888889,0.799,1,0
4759415,2,11.074166666666667,0.7090000000000001,1,0
4759912,2,1.7427777777777778,0.596,1,0
4759913,2,0.38666666666666666,0.4920000000000001,1,1
4759914,2,0.6105555555555555,2.122,1,1
4759915,2,0.21666666666666667,0.283,0,0
4760681,2,1.5433333333333332,1.286,1,0
4760955,4,1.5008333333333332,0.018,1,1
4761959,2,0.5333333333333333,0.511,0,0
4762294,2,2.1466666666666665,0.37,1,0
4762384,2,2.4516666666666667,0.199,0,0
4762486,2,3.591666666666667,2.358,0,1
4762945,2,1.9369444444444444,0.088,1,1
4762946,2,2.028611111111111,0.1369999999999999,0,0
4763303,2,2.3047222222222223,0.288,1,0
4766696,2,3.96,0.1639999999999999,1,0
4766697,2,2.1319444444444446,0.127,1,0
4766698,4,1.3830555555555555,1.235,1,0
4766949,2,2.0866666666666664,0.7070000000000001,0,0
4767431,2,2.061111111111111,0.7879999999999999,0,0
4768088,2,0.4583333333333333,0.8140000000000001,1,1
4768145,2,2.85,2.662,0,0
4768528,2,1.7266666666666666,0.423,1,0
4768886,2,4.605277777777777,1.026,1,0
4768900,2,2.188888888888889,0.081,1,0
4768931,2,0.55,0.737,0,0
4769172,2,2.9677777777777776,1.0490000000000002,1,0
4769707,2,4.6258333333333335,2.231,1,0
4770518,2,4.334444444444444,1.806,1,0
4776714,2,0.7416666666666667,1.818,0,1
4776773,2,0.74,0.532,1,0
4776856,2,0.3516666666666667,0.418,1,0
4777041,2,7.8625,1.331,1,0
4777860,2,3.4619444444444443,3.545,1,0
4778255,2,5.09,1.558,1,0
4779038,2,1.9916666666666667,0.3720000000000001,0,0
4779039,2,5.428333333333334,0.769,0,0
4779040,2,5.011111111111111,0.297,1,0
4779041,2,6.1369444444444445,1.389,0,0
4779299,2,0.24222222222222223,1.369,1,0
4779336,2,3.6166666666666667,2.602,1,0
4779615,2,0.3333333333333333,0.373,0,0
4779627,2,2.222777777777778,0.104,0,1
4782009,2,2.0908333333333333,0.148,1,0
4782065,2,1.8325,0.021,1,1
4782206,2,1.8925,0.7440000000000001,0,0
4782207,2,4.666111111111111,0.706,0,0
4782208,2,3.3313888888888887,0.715,1,0
4782225,2,1.6647222222222222,0.422,1,0
4782519,2,0.7969444444444445,0.217,1,1
4782607,2,0.9783333333333334,0.2,1,0
4782886,2,2.121111111111111,0.271,0,0
4782995,2,2.0172222222222222,0.909,1,0
4782996,2,1.5452777777777778,0.807,1,0
4783367,2,3.55,0.9,0,0
4783931,2,1.886111111111111,0.5660000000000001,1,1
4784556,2,1.9325,0.8759999999999999,1,0
4784640,2,4.3630555555555555,2.21,1,0
4785395,2,4.150277777777778,1.5319999999999998,1,0
4785528,2,2.7111111111111112,0.8390000000000001,1,0
4785553,2,0.8063888888888889,0.387,1,0
4786061,2,6.8075,4.013,1,0
4790780,2,2.1197222222222223,0.888,0,0
4790781,2,2.0880555555555556,1.558,0,0
4791480,2,0.225,1.052,0,0
4791481,2,3.8169444444444443,0.821,1,1
4791569,2,3.848888888888889,0.135,1,0
4791787,2,6.85,1.7619999999999998,1,0
4791822,2,2.2194444444444446,0.153,1,1
4791889,2,3.111388888888889,0.617,0,0
4792010,2,0.3416666666666667,0.4320000000000001,0,0
4792443,2,1.5372222222222223,0.05,1,1
4792727,2,0.38333333333333336,0.127,1,0
4792940,2,0.5333333333333333,0.51,1,0
4792941,2,1.1577777777777778,3.943,0,0
4792942,2,5.913055555555555,2.451,1,0
4792943,2,0.815,0.62,1,0
4792944,2,7.075833333333334,0.557,1,0
4792945,2,0.9316666666666666,0.436,1,0
4793106,2,2.1425,0.023,1,0
4793107,2,1.9175,0.066,0,0
4793109,2,2.1441666666666666,0.052,1,0
4793110,2,2.1330555555555555,0.594,1,0
4793111,2,2.064722222222222,0.057,0,0
4793398,2,1.5716666666666668,0.031,1,1
4793399,2,1.353611111111111,0.05,1,1
4793709,2,1.12,0.268,1,1
4793710,2,2.0833333333333335,0.258,0,1
4793870,2,1.9819444444444445,0.0069999999999999,1,0
4793883,2,2.2047222222222222,0.218,0,1
4793898,2,10.369166666666667,4.68,1,0
4794010,2,3.029166666666667,1.771,1,0
4794011,2,1.4977777777777779,0.02,0,0
4794912,2,1.9833333333333334,0.049,0,1
4794913,2,2.3516666666666666,0.02,0,1
4795188,2,4.191944444444444,0.5,1,0
4795932,2,2.9130555555555557,0.063,1,0
4796179,2,1.7441666666666666,1.591,1,0
4796307,2,10.318055555555556,3.104,1,0
4796310,2,1.6,1.645,0,0
4796311,2,6.9319444444444445,0.262,1,0
4796646,2,2.1783333333333332,0.378,0,0
4796763,2,2.1444444444444444,0.247,1,0
4796932,2,2.1533333333333333,0.125,1,0
4797010,2,3.118611111111111,1.241,1,0
4799352,2,1.7058333333333333,0.05,1,1
4799607,2,1.6352777777777778,1.398,0,0
4799901,2,0.3333333333333333,0.5379999999999999,1,0
4800415,2,3.1416666666666666,0.336,1,0
4800479,2,3.4522222222222223,0.138,1,0
4801035,2,2.3558333333333334,0.049,1,0
4801306,2,2.1330555555555555,0.175,1,1
4802159,2,1.2208333333333334,1.57,1,0
4802160,2,2.298611111111111,0.066,0,0
4802825,2,3.2741666666666664,2.9360000000000004,1,0
4802833,2,1.8025,0.022,0,1
4802925,2,2.1919444444444443,0.466,0,1
4803115,2,2.319722222222222,0.556,1,0
4803116,2,2.1308333333333334,1.483,0,0
4803630,2,1.3177777777777777,0.81,1,1
4806391,2,7.390833333333333,0.179,1,0
4806392,2,0.975,0.34,0,1
4806611,2,2.0027777777777778,0.708,1,0
4806852,2,1.5852777777777778,0.11,1,1
4806853,2,0.3516666666666667,0.384,1,0
4806866,2,1.1333333333333333,1.155,0,0
4806867,2,0.21666666666666667,0.6629999999999999,1,0
4807170,2,1.663888888888889,0.755,1,1
4807287,2,2.1805555555555554,0.011,0,1
4807583,2,2.104722222222222,1.471,0,1
4807722,2,2.2325,1.7990000000000002,1,0
4807952,2,4.4225,0.028,0,0
4808201,2,1.8488888888888888,0.802,1,1
4809065,2,4.973055555555556,0.764,1,0
4809127,2,2.5505555555555555,1.345,1,0
4809672,2,7.451944444444444,2.205,1,0
4809803,2,7.095833333333333,1.226,1,0
4810414,2,5.735833333333333,1.981,1,0
4810428,2,2.1655555555555557,0.072,0,0
4810484,2,1.4375,1.002,0,1
4811147,2,4.164166666666667,0.629,1,0
4811839,2,2.716666666666667,2.1,0,0
4811860,2,4.073333333333333,0.353,1,1
4812187,2,1.881388888888889,0.049,1,1
4812275,2,1.82,0.052,0,1
4812417,2,2.1730555555555555,5.836,1,0
4812466,2,2.278888888888889,0.247,1,0
4812639,2,2.3375,0.052,0,0
4812640,2,2.101111111111111,0.225,1,0
4813153,2,2.1625,0.047,0,0
4813380,2,2.4430555555555555,0.138,1,0
4813381,2,2.167222222222222,0.079,0,0
4813633,2,2.105,0.246,0,0
4813677,2,3.4094444444444445,1.933,1,0
4814657,2,1.563611111111111,0.099,1,0
4814658,2,1.3811111111111112,0.838,0,0
4818102,2,1.8675,0.225,1,0
4818152,2,2.26,0.097,1,0
4818239,2,2.3022222222222224,0.011,0,1
4818329,2,1.716388888888889,0.049,1,1
4818521,2,2.6433333333333335,0.944,1,1
4818522,2,1.9802777777777778,0.934,1,0
4819069,2,5.133611111111111,3.337,1,0
4819260,2,3.7416666666666667,0.799,1,0
4819434,2,0.20833333333333334,0.101,0,0
4819502,2,0.985,2.912,1,0
4819503,2,6.461944444444445,2.914,1,0
4819678,2,0.375,1.284,0,1
4819837,2,2239.9416666666666,0.104,1,0
4820409,2,6.214722222222222,2.719,1,1
4821011,2,2.4791666666666665,1.5759999999999998,1,0
4828008,2,6.716388888888889,1.604,1,0
4828013,2,0.4963888888888889,0.973,1,0
4828807,2,0.9061111111111111,1.164,1,0
4829411,2,0.4136111111111111,0.195,1,1
4829541,2,1.5783333333333334,0.149,0,0
4829712,2,0.3333333333333333,0.27,1,1
4829743,2,0.225,0.604,1,0
4830074,2,2.5588888888888888,0.049,0,0
4830075,2,2.154166666666667,0.491,1,0
4830163,2,0.525,0.465,0,1
4831043,2,14.506944444444445,0.356,1,0
4831162,2,2.272222222222222,0.7879999999999999,1,0
4831163,2,3.392777777777778,0.855,1,0
4831271,2,2.2083333333333335,0.2,0,1
4831371,2,2.4455555555555555,0.195,0,0
4831372,2,1.9680555555555554,0.151,0,0
4831373,2,1.9030555555555555,0.966,1,0
4831672,2,0.7333333333333333,1.418,0,0
4832056,2,1.7941666666666667,1.3330000000000002,1,1
4832227,2,1.55,0.048,0,1
4832860,2,1.6930555555555555,0.053,1,1
4832942,2,2.0083333333333333,0.322,0,0
4832943,2,2.0883333333333334,0.6629999999999999,1,0
4832947,2,5.334722222222222,1.013,0,0
4832948,2,2.4883333333333333,0.053,1,0
4832951,2,2.2455555555555557,0.043,1,1
4832952,2,1.653888888888889,0.102,1,1
4832953,2,2.1058333333333334,0.088,1,0
4833468,2,2.1625,1.243,1,0
4833813,2,2.4166666666666665,1.275,0,0
4833814,2,2.7672222222222222,1.443,1,0
4834151,2,1.175,1.082,0,0
4834360,2,1.4483333333333333,0.722,1,0
4834527,2,2.1077777777777778,1.6469999999999998,1,0
4835027,2,1.8083333333333333,0.598,0,0
4835597,2,2.1475,0.816,1,0
4835962,2,1.82,0.089,1,0
4835963,2,1.8108333333333333,0.047,0,1
4835979,2,1.0702777777777779,0.302,1,0
4835980,2,1.125,0.256,0,0
4836005,2,2.3538888888888887,0.278,1,0
4836006,2,1.3411111111111111,0.376,0,0
4837288,2,2.941666666666667,2.354,0,0
4837289,2,2.156111111111111,1.988,1,0
4837335,2,0.35,0.279,0,0
4837814,2,1.7341666666666666,1.235,0,0
4837917,2,1.0916666666666666,0.604,0,0
4837918,2,2.8033333333333332,0.336,1,0
4837919,2,0.21666666666666667,0.339,1,1
4837920,2,2.2780555555555555,2.221,1,0
4837921,2,3.3377777777777777,0.8029999999999999,1,0
4837922,2,0.20833333333333334,0.672,0,0
4837991,2,2.2391666666666667,1.286,1,0
4838171,2,1.8952777777777778,1.433,1,0
4838254,2,2.370833333333333,0.077,0,0
4838387,2,1.5980555555555556,0.526,1,0
4838935,2,3.25,0.61,1,0
4838936,2,2.231388888888889,0.352,1,0
4838937,2,0.225,0.863,0,0
4838938,2,2.1166666666666667,0.505,0,0
4838939,2,2.1066666666666665,0.604,0,0
4838940,2,1.6855555555555555,0.037,0,0
4838962,2,3.5194444444444444,1.433,1,0
4839332,2,7.193611111111111,1.025,1,0
4839493,2,3.025,1.403,0,0
4840383,2,0.6416666666666667,0.7290000000000001,0,0
4840546,2,7.551388888888889,1.535,1,0
4841313,2,2.523888888888889,0.08,1,1
4841314,2,4.626666666666667,0.09,1,0
4841315,4,2.085277777777778,0.036,1,0
4841316,2,2.058333333333333,0.084,1,0
4841317,2,1.4102777777777777,0.074,1,0
4841318,2,2.1486111111111112,0.141,1,0
4841564,2,4.989722222222222,2.153,1,0
4841625,2,1.8605555555555555,0.218,1,0
4841626,2,2.1347222222222224,1.048,1,0
4841693,2,2.1333333333333333,0.557,0,0
4842074,2,1.4002777777777777,0.266,1,1
4842161,2,1.5247222222222223,0.168,1,0
4842196,2,4.6258333333333335,1.47,1,0
4842481,2,2.4652777777777777,0.2,0,1
4842675,2,1.7608333333333333,0.01,1,1
4842712,2,2.126388888888889,0.727,1,0
4842972,2,0.34055555555555556,0.609,1,0
4842973,2,1.881388888888889,0.208,1,0
4843065,2,1.9347222222222222,0.266,1,1
4843202,2,5.923611111111111,0.093,0,0
4843205,2,2.1327777777777777,0.16,1,0
4843601,2,0.9586111111111111,1.166,1,0
4844095,2,0.3333333333333333,0.787,1,0
4844189,2,0.9583333333333334,0.838,0,0
4844892,2,4.210277777777778,1.011,1,0
4844994,2,2.201111111111111,0.032,0,0
4845290,2,1.561388888888889,0.05,1,1
4845291,2,1.4780555555555555,0.052,1,1
4845411,2,2.033611111111111,0.028,0,0
4845696,4,2.0644444444444443,1.071,0,0
4846112,2,2.171666666666667,1.241,1,0
4846113,2,1.886388888888889,1.358,1,0
4846115,2,1.9,0.14,1,0
4846116,2,1.5575,0.122,1,0
4846265,2,2.1180555555555554,0.604,0,0
4846473,2,1.4958333333333333,2.778,1,0
4846868,2,1.8558333333333332,0.341,1,0
4846899,2,2.4830555555555556,1.1,1,0
4850101,2,1.6922222222222223,2.1,1,0
4850724,2,1.9183333333333332,0.074,0,0
4850853,2,0.3416666666666667,0.42,0,0
4851499,2,3.0744444444444445,0.236,1,0
4851736,2,1.65,0.586,0,0
4851926,2,3.67,0.09,0,1
4851936,2,1.4297222222222221,1.57,1,0
4852646,2,2.1769444444444446,0.124,1,0
4852647,2,2.0119444444444445,0.11,0,1
4852859,2,0.19166666666666668,0.604,0,0
4854154,2,2.1527777777777777,0.104,1,0
4854605,2,2.1372222222222224,2.813,1,1
4854732,2,1.8858333333333333,0.038,1,1
4855001,2,2.147777777777778,0.7759999999999999,0,0
4855002,2,2.1480555555555556,1.558,1,0
4855103,2,0.405,0.302,1,0
4855133,2,1.8455555555555556,0.049,1,1
4855134,2,1.9475,0.049,1,1
4856773,2,1.5416666666666667,0.288,0,0
4857174,2,2.14,0.838,1,0
4857426,2,2.2175,0.024,1,1
4857813,2,1.6122222222222222,0.06,0,1
4858034,2,2.0566666666666666,1.471,1,1
4858599,2,9.496944444444445,0.643,1,0
4859121,2,2.5225,0.116,1,1
4859155,2,2.1508333333333334,2.489,1,0
4859156,2,2.1391666666666667,0.973,0,0
4859157,2,2.033888888888889,0.154,1,0
4859158,2,0.8788888888888889,0.863,1,0
4859183,2,0.21666666666666667,0.101,1,0
4859228,2,4.498888888888889,3.843,1,0
4859229,2,7.098055555555556,1.047,1,0
4859287,2,1.8452777777777778,0.023,0,0
4859288,2,1.616111111111111,0.025,0,0
4860503,2,2.183333333333333,0.068,1,0
4860534,2,1.9813888888888889,0.056,1,0
4862872,2,4.39,1.626,1,0
4862947,2,3.3002777777777776,0.6,0,1
4863146,2,1.7619444444444445,0.105,1,1
4863391,2,2.5608333333333335,1.168,0,0
4863531,2,1.3947222222222222,0.033,0,1
4863665,2,2.081111111111111,2.7310000000000003,1,0
4863829,2,2.115,0.074,0,0
4863830,2,2.3919444444444444,0.052,0,0
4863831,2,1.3411111111111111,1.569,1,0
4863832,2,3.2666666666666666,2.602,0,0
4864595,2,1.1425,0.83,1,0
4864599,2,1.5416666666666667,0.219,1,0
4864600,2,0.3333333333333333,0.191,1,0
4864634,4,1.6155555555555556,0.05,0,1
4864783,2,2.365,0.111,1,0
4864909,2,1.6169444444444445,0.952,0,0
4864922,2,0.86,0.402,0,1
4865102,2,2.542222222222222,1.46,1,0
4865115,2,0.36666666666666664,0.407,0,1
4865120,2,2.930833333333333,0.043,0,0
4866074,2,2.1066666666666665,0.087,0,0
4866081,2,3.8216666666666668,6.635,0,0
4867056,2,2.6977777777777776,0.688,1,0
4869442,2,1.0,0.581,0,0
4869443,2,1.4052777777777778,0.086,1,0
4870086,2,0.7658333333333334,1.62,1,0
4870170,2,2.2022222222222223,0.06,0,0
4870171,2,2.097777777777778,0.413,0,0
4870853,2,0.5013888888888889,0.491,1,0
4871082,2,1.6866666666666668,1.732,1,0
4871205,2,2.049722222222222,0.125,1,1
4871226,2,1.4516666666666667,0.6970000000000001,0,0
4871227,2,2.198611111111111,0.711,0,0
4871228,2,1.4897222222222222,0.6829999999999999,1,0
4871581,2,3.066388888888889,1.396,1,0
4871582,2,2.341666666666667,0.799,0,0
4871583,2,0.6166666666666667,1.345,1,0
4876151,2,2.375,2.065,1,0
4876152,2,1.6683333333333332,3.695,0,0
4876503,2,0.875,0.444,0,0
4876657,2,1.9166666666666667,1.586,0,0
4877168,2,1.2125,0.763,1,0
4877169,2,0.7647222222222222,0.809,1,0
4877738,2,0.35833333333333334,0.607,0,0
4877739,2,1.075,0.615,0,0
4877776,2,1.7122222222222223,0.072,1,0
4877784,2,1.5472222222222223,0.695,1,0
4878067,2,2.4233333333333333,0.043,0,1
4878079,2,0.475,0.669,1,0
4878111,2,4.475,2.36,1,0
4881290,2,2.4755555555555557,0.117,1,0
4881480,2,8.495833333333334,1.347,1,0
4881773,2,0.1,0.101,1,0
4881791,2,0.36666666666666664,0.405,0,0
4881824,2,3.0122222222222224,0.737,1,1
4881935,2,1.6880555555555556,0.066,0,0
4881936,2,8.293611111111112,0.089,1,0
4881937,2,1.5863888888888888,0.052,1,0
4881938,2,1.4236111111111112,0.594,1,0
4881982,2,1.4466666666666668,0.1369999999999999,0,0
4882360,2,0.7666666666666667,0.755,1,0
4882361,2,3.539722222222222,0.741,1,0
4882377,2,0.51,0.6579999999999999,1,0
4884788,2,0.3427777777777778,1.486,1,0
4885457,2,0.3502777777777778,0.212,1,0
4885976,2,2.046388888888889,0.284,1,0
4886034,2,2.1169444444444445,0.4970000000000001,1,0
4886676,2,0.3333333333333333,0.261,1,0
4886860,2,2.0080555555555555,1.01,1,0
4887516,2,2.0116666666666667,0.98,1,0
4887590,2,2.0344444444444445,0.191,0,0
4887705,2,4.4494444444444445,0.11,1,0
4887897,2,1.425,0.199,0,0
4888374,2,1.175,1.064,0,0
4888966,2,1.698611111111111,0.207,0,0
4888967,2,0.9583333333333334,0.562,0,0
4889002,2,1.4447222222222222,0.054,1,0
4889003,2,1.6075,0.1,0,0
4889131,2,1.4969444444444444,0.083,1,0
4889453,2,1.6511111111111112,0.435,1,0
4889766,2,2.858888888888889,0.7879999999999999,1,0
4889962,2,3.102222222222222,1.289,1,0
4889963,2,5.496666666666667,0.7959999999999999,1,0
4890081,2,1.7225,0.6940000000000001,0,0
4890082,2,1.7861111111111112,0.76,0,0
4890083,2,2.502222222222222,0.794,1,0
4890358,2,0.5333333333333333,0.7120000000000001,0,0
4891326,2,0.7638888888888888,1.496,1,1
4891744,2,0.21666666666666667,1.369,0,0
4892077,2,2.408611111111111,0.201,0,0
4892784,2,3.125,1.558,0,0
4894136,2,1.7683333333333333,0.6559999999999999,1,0
4894371,2,3.3783333333333334,0.349,1,0
4894372,2,1.7791666666666666,0.8859999999999999,0,0
4894693,2,2.222777777777778,0.706,0,0
4894694,2,1.71,0.826,1,0
4894695,2,1.5847222222222221,0.6809999999999999,1,0
4894696,2,1.6511111111111112,0.769,1,0
4894782,2,4.1002777777777775,0.389,1,1
4894924,2,1.1405555555555555,0.207,1,1
4895313,2,0.825,0.99,0,0
4895478,2,2.9069444444444446,0.141,1,0
4896039,2,1.7605555555555557,0.233,1,0
4896067,2,0.3333333333333333,0.212,1,0
4896607,2,2.0975,0.088,1,0
4896608,2,3.0469444444444442,0.6729999999999999,1,0
4896609,2,0.35,0.259,0,0
4897095,2,0.21666666666666667,0.101,1,0
4897456,2,4.011388888888889,2.277,1,0
4897641,2,4.8502777777777775,0.16,1,0
4902385,2,2.2088888888888887,0.026,0,1
4902784,2,1.5833333333333333,1.46,0,0
4903122,2,1.4030555555555555,0.113,0,0
4903200,2,2.401388888888889,0.076,1,0
4903388,2,0.7833333333333333,1.235,0,0
4903834,2,2.2025,0.03,1,0
4903835,2,2.441388888888889,0.072,0,0
4903879,2,1.1666666666666667,1.561,0,0
4903880,2,1.5416666666666667,1.536,0,0
4903978,2,0.21666666666666667,0.727,0,0
4906947,2,3.6275,0.988,1,0
4906948,2,0.7916666666666666,1.028,1,0
4907897,2,0.3416666666666667,0.268,0,0
4908146,2,2.834722222222222,4.079,1,1
4908449,2,3.355,1.047,1,0
4908558,2,1.5038888888888888,0.197,0,1
4908559,2,0.3416666666666667,0.199,0,0
4908637,2,1.8319444444444444,0.149,1,0
4917733,2,1.9213888888888888,0.7120000000000001,1,0
4918287,2,1.6175,0.068,1,0
4918449,2,2.47,0.047,1,0
4918450,2,0.8761111111111111,1.818,1,1
4918742,2,2.3,2.135,0,0
4918764,2,1.2994444444444444,2.199,1,0
4919441,2,1.0416666666666667,1.774,0,0
4919442,2,3.0980555555555553,2.14,1,0
4920780,2,2.0930555555555554,0.123,1,1
4921184,2,2.0644444444444443,0.708,1,0
4926464,2,1.308888888888889,0.518,0,1
4926746,2,6.21,2.051,1,0
4926747,2,8.040833333333333,1.893,1,0
4926788,2,1.9180555555555556,0.107,1,0
4926789,2,0.4663888888888889,0.959,1,0
4927240,2,1.803611111111111,0.0069999999999999,0,1
4927808,2,0.3333333333333333,0.303,1,0
4928287,2,2.5277777777777777,0.253,0,0
4928451,2,1.1166666666666667,1.76,0,0
4928452,2,1.15,0.7440000000000001,0,0
4932933,2,1.5341666666666667,1.501,1,1
4933436,2,2.827777777777778,0.117,0,0
4933757,2,2.2,0.336,1,0
4933788,2,3.8333333333333335,1.109,0,0
4933789,2,1.3083333333333333,1.66,0,0
4934547,2,2.596388888888889,0.312,1,1
4934873,2,1.3694444444444445,1.733,1,0
4935129,2,3.012777777777778,0.008,1,0
4935588,2,1.205,1.485,1,0
4935976,2,0.7425,0.299,1,0
4935979,2,3.013611111111111,0.51,1,0
4936844,2,0.425,0.376,0,0
4937093,2,2.1783333333333332,0.058,0,0
4937427,2,2.1261111111111113,0.103,0,0
4937443,2,1.7663888888888888,0.912,0,0
4938313,2,2.1394444444444445,0.094,0,0
4938429,2,0.8722222222222222,1.604,1,0
4938599,2,2.1791666666666667,0.025,0,0
4939011,2,1.8152777777777778,0.693,1,0
4939318,2,2.5477777777777777,1.903,1,0
4939360,2,1.3972222222222221,0.925,1,0
4941655,2,0.5761111111111111,0.266,1,0
4941767,2,4.945833333333334,3.993,1,0
4942114,2,2.0722222222222224,0.019,1,1
4942465,2,1.4875,1.243,1,0
4942725,2,0.3333333333333333,0.904,0,0
4943270,2,1.8725,0.062,0,1
4943440,2,9.107222222222223,1.489,1,0
4943755,2,3.04,1.425,1,0
4946218,2,2.5341666666666667,0.942,0,0
4946389,2,4.264722222222222,0.112,0,1
4946800,2,0.6666666666666666,1.077,0,0
4946868,2,1.6333333333333333,0.195,0,0
4947014,2,0.4583333333333333,0.377,1,0
4947147,2,0.17666666666666667,0.604,0,0
4947316,2,0.95,0.626,0,0
4947317,2,1.0333333333333334,2.699,0,0
4948100,2,2.077777777777778,0.248,0,0
4950540,2,7.291666666666667,4.059,1,0
4950611,2,4.5825,0.638,0,0
4950650,2,7.020277777777777,0.154,1,1
4951453,2,0.21583333333333332,0.101,1,0
4951621,2,8.608333333333333,0.623,1,1
4951757,2,2.13,0.862,0,0
4951873,2,3.1380555555555554,6.32,1,0
4952049,2,6.2025,2.774,1,1
4953010,2,2.125,0.728,0,0
4953062,2,7.394722222222223,2.752,1,0
4953227,2,0.36666666666666664,0.403,1,1
4953825,2,4.571111111111111,0.904,1,1
4953826,2,0.8569444444444444,0.573,1,1
4953986,2,0.5455555555555556,1.244,1,0
4954004,2,2.9852777777777777,2.215,1,0
4954080,2,3.8497222222222223,0.7659999999999999,1,0
4954211,2,4.889722222222222,5.945,1,0
4954212,2,5.866666666666666,4.8660000000000005,1,0
4954319,2,7.808333333333334,0.4920000000000001,0,0
4954339,2,1.985,0.172,1,0
4954401,2,1.9727777777777777,0.037,0,0
4954756,2,2.361388888888889,0.049,0,1
4954819,2,1.948888888888889,0.027,1,1
4954820,2,4.1825,0.022,1,1
4955123,2,1.8625,2.4290000000000003,1,0
4955124,2,0.3625,0.484,1,0
4955153,2,1.7,1.751,0,0
4955476,2,2.3455555555555554,0.108,0,0
4955800,2,2.1044444444444443,0.126,0,0
4955852,2,1.6233333333333333,0.054,1,0
4956332,2,0.21666666666666667,0.408,1,0
4956473,2,2.1258333333333335,0.218,0,1
4956474,2,3.011111111111111,0.262,1,0
4957294,2,1.4122222222222223,0.142,1,0
4958021,2,1.1916666666666667,1.117,0,0
4958141,2,0.9797222222222223,0.815,1,0
4958254,2,2.2075,0.37,1,0
4958255,2,1.2758333333333334,0.889,1,0
4958256,2,1.9183333333333332,0.365,0,0
4958257,2,2.5805555555555557,0.358,1,0
4958258,2,3.2155555555555555,0.158,1,0
4958375,2,0.3416666666666667,0.973,0,0
4958874,2,0.3333333333333333,0.223,0,0
4959148,2,2.305277777777778,0.7879999999999999,1,0
4959424,2,0.3416666666666667,1.048,1,0
4959642,2,0.3416666666666667,0.337,0,0
4959972,2,2.069166666666667,0.755,0,1
4960182,2,0.55,0.525,0,1
4960301,2,2.2430555555555554,0.376,0,0
4961188,2,2.1125,0.07,1,0
4961372,2,1.5330555555555556,0.025,1,0
4961373,2,2.2172222222222224,0.377,0,0
4961589,2,1.4119444444444444,0.946,1,1
4961948,2,2.4780555555555557,0.05,1,0
4961949,2,1.6341666666666668,0.252,1,0
4961950,2,2.11,0.087,1,0
4961951,2,2.1886111111111113,0.085,0,0
4961953,2,3.953333333333333,0.0819999999999999,0,0
4961954,2,1.5480555555555555,0.083,1,0
4961955,2,2.99,0.066,0,0
4961957,2,2.066666666666667,0.324,1,0
4961958,2,2.097777777777778,0.594,0,0
4962097,2,4.1866666666666665,0.601,1,0
4962332,2,2.4130555555555557,0.5670000000000001,1,0
4962505,2,7.193611111111111,0.887,1,0
4962701,2,2.383611111111111,1.471,1,1
4963453,2,2.3983333333333334,0.014,1,0
4963456,2,3.8625,2.846,1,0
4963457,2,8.493611111111111,2.9130000000000003,1,0
4963555,2,2.6108333333333333,0.049,0,1
4963613,2,0.6291666666666667,0.206,1,1
4963710,2,1.4258333333333333,0.112,1,1
4963711,2,1.6347222222222222,0.048,1,1
4963791,2,3.6172222222222223,0.102,0,0
4963792,2,2.187222222222222,0.087,1,1
4963793,2,1.7825,0.092,1,0
4963794,2,3.8088888888888888,0.072,1,0
4963795,2,1.7505555555555556,0.114,1,0
4963796,2,2.352222222222222,0.094,0,1
4963797,2,1.9702777777777778,0.092,1,0
4963798,2,1.808888888888889,0.976,0,0
4963799,2,3.5166666666666666,0.86,1,0
4963800,2,1.575,1.346,0,0
4963801,2,1.5286111111111111,0.604,1,0
4963802,2,2.1416666666666666,0.283,0,0
4963803,2,2.0966666666666667,1.345,1,0
4963867,2,2.141388888888889,0.13,0,0
4963868,2,1.6183333333333334,0.973,1,0
4963869,2,2.1119444444444446,0.25,1,0
4963922,2,0.3416666666666667,0.5529999999999999,0,0
4964007,2,3.160833333333333,0.44,1,0
4964715,2,2.1038888888888887,0.763,0,0
4964716,2,1.4055555555555554,0.772,1,0
4965717,2,2.1858333333333335,0.22,0,0
4965718,2,4.48,0.293,0,0
4965814,2,0.8869444444444444,0.625,1,1
4965843,2,2.4516666666666667,0.879,0,0
4966127,2,1.695,0.8079999999999999,1,0
4966725,2,0.18333333333333332,0.258,1,0
4966733,2,0.9483333333333334,0.345,1,0
4966873,2,1.9691666666666667,0.124,1,0
4966874,2,1.7955555555555556,0.7759999999999999,1,0
4967625,2,1.7952777777777778,0.18,1,0
4967684,2,1.8975,1.765,1,0
4968137,2,1.8558333333333332,0.7020000000000001,0,0
4968138,2,2.0452777777777778,1.558,0,0
4969766,2,2.144722222222222,1.017,0,0
4969767,2,1.3680555555555556,0.856,0,0
4969768,2,0.7333333333333333,1.345,1,0
4969769,2,7.240277777777778,1.743,1,0
4969770,2,1.4269444444444443,0.964,1,0
4969974,2,1.475,0.393,0,0
4970294,2,2.316666666666667,0.7170000000000001,1,0
4970615,2,4.933888888888889,3.216,1,0
4970858,2,5.880833333333333,4.069,1,0
4970975,2,0.3416666666666667,1.4169999999999998,0,0
4971587,2,2.426388888888889,0.408,1,0
4971623,2,0.38333333333333336,0.175,1,0
4971834,2,0.7583333333333333,2.717,0,1
4972003,2,2.373611111111111,0.288,1,0
4974733,2,3.5388888888888888,0.064,0,0
4974734,2,1.6608333333333334,0.079,0,0
4975089,2,2.3022222222222224,4.1,1,1
4975469,2,2.2225,1.558,1,0
4975893,2,2.1358333333333333,0.107,1,1
4976507,2,2.1944444444444446,0.057,1,0
4976725,2,0.24166666666666667,0.782,0,0
4976726,2,0.5986111111111111,0.6990000000000001,0,0
4977005,2,3.066666666666667,0.251,0,0
4977006,2,0.8333333333333334,0.501,0,0
4977279,2,8.571388888888889,0.565,1,0
4977455,2,1.6633333333333333,0.136,1,1
4977671,2,2.2530555555555556,0.091,1,1
4977682,2,0.7416666666666667,0.043,0,0
4977935,2,1.6416666666666666,1.354,1,0
4977936,2,0.9083333333333333,1.914,0,0
4977937,2,1.0666666666666667,1.779,0,0
4977938,2,1.9325,2.173,1,0
4978231,2,2.1302777777777777,0.231,1,0
4978360,2,0.3333333333333333,0.232,0,0
4978361,2,5.060833333333333,0.042,1,0
4978376,2,2.2172222222222224,0.525,1,1
4978622,2,2.0569444444444445,0.075,1,1
4978701,2,8.223055555555556,3.738,1,0
4981079,2,1.2416666666666667,0.481,1,0
4981224,2,1.4897222222222222,0.01,1,0
4981225,2,2.4002777777777777,0.061,1,0
4981795,2,0.7680555555555556,0.268,1,0
4981796,2,0.34944444444444445,0.451,1,0
4982797,2,2.4363888888888887,1.345,1,0
4982909,2,2.1825,0.019,0,1
4985445,2,3.674722222222222,0.936,1,1
4985478,2,1.5419444444444443,0.042,1,1
4985612,2,0.21666666666666667,0.381,1,0
4985627,2,0.34944444444444445,0.391,1,0
4985876,2,3.2519444444444443,0.251,0,0
4986264,2,3.093611111111111,0.653,1,0
4986265,2,1.0230555555555556,0.888,1,0
4986636,2,1.4222222222222223,0.181,0,0
4986767,2,0.7611111111111111,1.577,1,0
4987584,2,2.359166666666667,0.05,0,0
4987585,2,2.325833333333333,1.558,1,0
4988826,2,0.815,2.7310000000000003,0,0
4989509,2,1.6836111111111112,0.021,1,1
4989603,2,0.9416666666666667,0.557,1,0
4989683,2,2.2916666666666665,1.577,1,0
4992089,2,3.051388888888889,0.693,1,0
4992792,2,0.5347222222222222,0.501,1,1
4992793,2,0.4088888888888889,0.398,1,1
4992794,2,0.675,0.934,0,0
4993758,2,2.1580555555555554,0.056,0,1
4993786,2,1.6958333333333333,0.189,0,1
4996398,2,2.195,0.071,1,0
4996399,2,2.108888888888889,1.558,0,0
4996904,2,2.3225,0.3229999999999999,1,0
4997253,2,1.2916666666666667,0.7340000000000001,0,0
4997727,2,0.9430555555555555,0.4320000000000001,1,1
4998903,2,2.332777777777778,0.045,1,0
4999015,2,2.0388888888888888,0.114,0,1
4999099,2,3.0597222222222222,0.294,0,0
4999100,2,2.167777777777778,0.5,0,0
4999835,2,1.6416666666666666,0.479,0,0
4999923,2,5.635833333333333,4.8660000000000005,1,0
4999942,2,2.4027777777777777,0.7170000000000001,1,0
4999943,2,3.256666666666667,0.79,0,0
4999944,2,1.5227777777777778,0.7290000000000001,0,0
4999974,2,1.4758333333333333,0.138,1,0
5000081,2,1.5625,1.591,1,0
5000082,2,2.383888888888889,0.818,1,0
5000186,2,2.1041666666666665,0.045,0,1
5001136,2,2.323611111111111,0.036,0,0
5001268,2,0.3333333333333333,0.135,0,1
5001409,2,2.3333333333333335,1.745,0,0
5001430,2,3.955,1.565,1,0
5002152,2,5.388888888888889,0.98,1,1
5002396,2,0.39166666666666666,0.27,1,1
5002466,2,3.3241666666666667,0.081,1,0
5002467,2,1.62,0.042,1,0
5002468,2,1.5047222222222223,0.362,1,0
5002469,2,1.0416666666666667,0.365,0,0
5002883,2,1.8944444444444444,0.763,1,0
5002884,2,0.6083333333333333,0.339,1,1
5002900,2,0.575,0.447,0,1
5002901,2,1.3916666666666666,0.322,0,0
5003197,2,5.530833333333334,0.473,1,0
5004027,2,0.8833333333333333,0.546,0,0
5004255,2,1.6297222222222223,0.802,1,1
5004538,2,2.1880555555555556,0.5529999999999999,1,0
5005001,2,4.386388888888889,0.053,1,0
5005008,4,7.0,0.8170000000000001,0,0
5009645,2,1.4697222222222222,0.37,0,0
5009646,2,1.3988888888888888,1.369,1,0
5009955,2,1.6466666666666667,1.358,1,0
5010548,2,2.171388888888889,0.885,1,0
5010549,2,1.5083333333333333,0.866,1,0
5010798,2,1.6102777777777777,0.7879999999999999,1,0
5011518,2,1.5711111111111111,0.095,0,1
5011522,2,0.4,0.352,0,0
5014635,2,1.6933333333333334,0.755,1,1
5014636,2,1.8563888888888889,0.009,0,0
5014637,2,1.6266666666666667,0.051,1,0
5014638,2,2.5469444444444442,0.05,0,1
5015349,2,0.8761111111111111,1.02,1,0
5015417,2,2.097777777777778,1.046,0,1
5015932,2,1.7441666666666666,1.591,1,0
5016884,2,2.611666666666667,0.0069999999999999,1,0
5016885,2,3.643611111111111,3.5580000000000003,1,0
5016886,2,2.0677777777777777,0.075,0,0
5017548,2,2.1605555555555553,0.008,1,0
5017562,2,1.3277777777777777,1.74,1,0
5017891,2,6.3902777777777775,3.309,1,0
5018311,2,2.2619444444444445,1.257,1,1
5018372,2,0.3497222222222222,0.534,0,0
5018832,2,1.8658333333333332,0.86,1,0
5020059,2,1.4552777777777777,0.865,0,1
5020219,2,2.275,2.317,0,0
5023306,2,2.1952777777777777,0.049,0,1
5023307,2,1.846111111111111,0.05,0,1
5023876,2,2.2711111111111113,0.145,1,1
5024232,2,0.37444444444444447,1.235,1,0
5024724,2,2.118333333333333,0.12,1,1
5025126,2,2.272222222222222,0.322,1,0
5025127,2,1.7338888888888888,0.976,1,0
5025211,2,3.1644444444444444,0.138,0,0
5026021,2,5.360833333333333,4.099,1,0
5026587,2,1.956388888888889,0.049,1,0
5026741,2,2.658888888888889,0.077,1,0
5027080,2,0.3416666666666667,0.478,0,1
5027081,2,0.3416666666666667,0.562,1,0
5027304,2,1.8286111111111112,0.05,0,1
5027306,2,6.9783333333333335,1.5659999999999998,1,0
5027723,2,0.21,0.426,1,0
5031522,2,2.25,0.865,1,0
5033126,2,1.6597222222222223,0.412,0,0
5033127,2,0.5583333333333333,0.604,0,0
5033128,2,1.5183333333333333,0.514,1,0
5033473,2,4.475,0.468,1,0
5033651,2,1.7380555555555555,0.755,1,0
5033652,2,2.8666666666666667,0.863,0,0
5034097,2,1.5144444444444445,0.048,0,0
5034252,2,2.162777777777778,0.381,0,0
5034253,2,0.2,1.052,1,0
5034509,2,2.254166666666667,0.143,0,0
5034510,2,1.3866666666666667,0.297,1,0
5034511,2,1.0833333333333333,1.764,1,1
5034538,2,1.7238888888888888,1.241,0,0
5034540,2,2.097777777777778,1.358,1,0
5034631,2,1.7552777777777777,0.406,1,0
5034707,2,2.345833333333333,0.684,1,0
5034863,2,3.6425,0.74,1,0
5034881,2,0.35055555555555556,0.384,1,0
5035135,2,1.5177777777777777,0.086,1,0
5035136,2,5.75,0.215,1,0
5035137,2,1.946388888888889,0.011,1,1
5035917,2,2.3619444444444446,0.161,1,1
5036459,2,0.3333333333333333,0.231,0,0
5037206,2,0.375,0.263,0,0
5037354,2,4.341666666666667,0.888,1,0
5037355,2,3.0941666666666667,0.7909999999999999,1,1
5037356,2,3.061111111111111,0.723,1,0
5038002,2,1.5586111111111112,0.063,1,0
5038042,2,1.691111111111111,2.576,1,0
5039160,2,5.168611111111111,5.126,1,0
5039300,2,2.441666666666667,0.939,0,1
5039301,2,2.1258333333333335,1.02,0,0
5039348,2,2.2316666666666665,0.053,1,1
5039349,2,2.0875,0.049,1,1
5039350,2,4.059444444444445,1.406,1,0
5040860,2,2.2647222222222223,1.23,1,1
5040922,2,1.9855555555555555,0.043,0,0
5041129,2,2.1033333333333335,0.838,0,0
5041685,2,1.6788888888888889,0.194,1,0
5042232,2,1.4111111111111112,0.02,1,1
5042260,2,2.0458333333333334,0.102,0,0
5042349,2,3.3608333333333333,0.6970000000000001,1,0
5042758,2,3.7525,0.973,1,0
5043344,2,1.486388888888889,0.835,1,0
5043345,2,2.2694444444444444,0.6809999999999999,0,0
5043435,2,1.691111111111111,3.139,1,0
5043587,2,2.661111111111111,0.008,1,0
5043591,2,1.906111111111111,0.163,0,1
5043621,2,3.0833333333333335,2.624,0,0
5043716,2,1.6502777777777777,0.564,1,0
5044038,2,1.3666666666666667,1.789,1,0
5044833,2,5.535,3.305,0,0
5045193,2,2.3133333333333335,0.117,0,1
5045372,2,2.0122222222222224,2.051,1,0
5045373,2,8.479444444444445,2.222,1,0
5045517,2,2.138333333333333,0.122,0,1
5045886,4,3760.4930555555557,1.994,0,0
5046400,2,2.6972222222222224,1.747,1,0
5046401,2,2.8802777777777777,2.312,1,0
5046715,2,1.7686111111111111,0.828,1,0
5046716,2,4.251111111111111,0.919,1,0
5047225,2,2.0341666666666667,0.7879999999999999,1,0
5047334,2,3.863611111111111,2.162,1,0
5047552,2,6.198333333333333,0.672,1,0
5047553,2,0.42,0.718,1,0
5047554,2,0.21666666666666667,0.404,1,0
5049817,2,0.4166666666666667,0.557,1,0
5050129,2,0.3333333333333333,0.191,0,0
5050140,2,2.675,0.384,0,0
5050594,2,1.6569444444444446,0.049,1,1
5050639,2,3.261111111111111,0.033,1,1
5051165,2,3.7119444444444443,0.46,1,0
5051722,2,0.5,1.743,0,0
5051723,2,5.543055555555555,0.7709999999999999,1,0
5051724,2,3.7777777777777777,0.659,1,0
5051725,2,0.48333333333333334,0.585,0,0
5051726,2,0.7597222222222222,0.826,1,0
5051727,2,0.275,0.168,1,0
5051728,2,1.0672222222222223,1.57,1,0
5051742,2,1.025,1.765,1,0
5052045,2,0.40944444444444444,1.405,1,0
5052046,2,2.078888888888889,1.369,1,0
5052082,2,6.394722222222223,1.506,1,0
5052174,2,1.3333333333333333,1.518,1,0
5052175,2,3.8608333333333333,0.76,1,0
5052176,2,0.38333333333333336,0.278,0,0
5052847,2,1.5930555555555554,0.053,0,1
5053172,2,1.2805555555555554,2.408,1,0
5053890,2,1.1083333333333334,0.128,0,0
5053956,2,1.1,1.057,1,0
5054275,2,0.9083333333333333,1.558,1,0
5054536,2,9.213055555555556,0.4,1,1
5054537,2,7.996666666666667,0.617,1,0
5054631,2,2.0080555555555555,1.026,1,0
5054951,2,2.3005555555555555,0.381,1,0
5055170,2,5.175,0.359,0,0
5055171,2,1.575,0.583,0,1
5055172,2,1.9244444444444444,0.33,1,0
5055184,2,7.682777777777778,2.376,1,0
5055990,2,2.0991666666666666,0.133,1,1
5056223,2,2.196388888888889,1.243,1,0
5056224,2,1.7091666666666667,0.892,1,0
5056318,2,1.8722222222222222,0.745,1,1
5057159,2,1.691111111111111,0.049,1,1
5057501,2,1.4333333333333333,0.568,0,0
5057502,2,8.991944444444444,3.043,1,0
5057503,2,1.8077777777777777,0.823,0,0
5057504,2,0.9333333333333333,1.23,1,0
5057581,2,2.5108333333333333,0.2,0,1
5058508,2,2.1397222222222223,0.5,1,0
5058781,2,2.060277777777778,1.164,0,1
5059079,2,1.9169444444444443,0.02,1,0
5059082,2,2.2263888888888888,0.1639999999999999,1,0
5059147,2,2.683333333333333,0.232,1,1
5059422,2,3.008888888888889,0.229,1,0
5059575,2,2.4611111111111112,0.66,0,0
5059605,2,0.6341666666666667,1.286,0,0
5059649,2,1.3491666666666666,0.166,0,0
5059787,2,0.575,0.197,1,0
5060141,2,1.7797222222222222,0.103,0,1
5060225,2,1.3225,0.684,0,0
5060858,2,0.6,1.484,0,0
5060943,2,2.1547222222222224,0.947,0,0
5061280,2,13.573888888888888,1.198,1,1
5061387,2,1.8558333333333332,0.352,0,0
5061388,2,0.45,0.604,0,0
5061717,2,2.096388888888889,0.063,1,0
5062486,2,1.7938888888888889,0.422,1,0
5062487,2,2.6261111111111113,0.377,1,0
5062526,2,2.2741666666666664,0.308,1,0
5062527,2,1.518888888888889,0.669,1,0
5063133,2,2.155,0.051,1,1
5064240,2,2.1130555555555555,0.804,1,0
5064241,2,1.6291666666666667,0.835,0,0
5064242,2,1.5883333333333334,0.779,0,0
5064243,2,1.628611111111111,1.558,0,0
5064609,2,0.39166666666666666,0.162,0,1
5064622,2,1.9572222222222222,0.049,1,1
5064637,2,1.9583333333333333,0.659,1,0
5064697,2,0.18333333333333332,0.258,0,0
5064698,2,0.4313888888888889,1.1909999999999998,1,0
5064890,2,1.7122222222222223,0.053,1,1
5064986,2,2.0630555555555556,1.139,0,0
5065276,2,0.7077777777777777,0.508,1,0
5066027,2,2.0772222222222223,4.569,1,0
5066047,2,1.1094444444444445,1.016,1,0
5066271,2,1.2552777777777777,0.61,1,0
5066272,2,0.8333333333333334,0.604,0,0
5066273,2,0.21777777777777776,0.514,1,0
5066404,2,0.6272222222222222,0.421,1,0
5066426,2,1.8641666666666667,0.297,1,1
5066636,2,2.3027777777777776,0.934,1,0
5066637,2,3.801388888888889,1.969,1,0
5066638,2,0.3427777777777778,0.51,0,0
5066841,2,1.6916666666666667,2.456,0,0
5066982,2,2.292222222222222,0.257,0,0
5067335,2,4.981944444444444,4.669,1,1
5067612,2,2.1572222222222224,0.026,1,1
5067657,2,0.375,0.4,0,0
5067658,2,0.49166666666666664,0.597,0,1
5067734,2,2.783611111111111,0.752,1,0
5067754,2,2.1005555555555557,7.077000000000001,1,0
5068545,2,2.1261111111111113,0.297,1,0
5070821,2,1.8416666666666666,1.84,0,1
5070822,2,2.3666666666666667,1.02,1,0
5071254,2,1.4958333333333333,0.097,1,1
5071375,2,6.208888888888889,0.441,1,0
5071419,2,2.35,2.148,1,0
5071623,2,2.2925,0.022,1,0
5071770,2,2.2172222222222224,1.345,1,0
5071938,2,1.7975,0.151,1,0
5071939,2,2.1222222222222222,0.117,1,0
5071991,2,1.6147222222222222,0.162,0,0
5072141,2,5.239722222222222,4.295,1,0
5072142,2,3.4819444444444443,4.172,1,0
5072575,2,1.7908333333333333,0.108,0,1
5072595,2,1.125,1.558,0,0
5073064,2,2.1319444444444446,0.08,0,0
5073346,2,1.043611111111111,2.567,1,0
5073347,2,3.6533333333333333,2.422,1,0
5073834,2,0.3491666666666667,0.574,1,0
5074151,2,3.7375,0.11,1,1
5074152,2,2.151111111111111,0.505,1,1
5074539,2,2.0508333333333333,0.017,0,0
5074732,2,1.3416666666666666,3.2,0,0
5077901,2,2.2694444444444444,0.222,0,1
5077979,2,0.9605555555555556,0.97,1,1
5078299,2,1.2833333333333334,1.807,1,0
5078300,2,3.47,2.503,1,0
5078301,2,3.408333333333333,2.583,1,0
5078893,2,6.238333333333333,0.115,1,0
5079150,2,2.1,1.027,1,1
5079151,2,1.62,0.099,1,0
5079439,2,2.2802777777777776,0.018,0,1
5088534,2,2.14,0.051,1,1
5088724,2,5.3925,0.782,1,0
5089466,2,2.116388888888889,0.118,1,0
5089585,2,2.306388888888889,0.0819999999999999,1,1
5089844,2,2.3580555555555556,0.084,1,1
5089845,2,0.21666666666666667,0.214,1,0
5089846,2,2.278611111111111,0.099,1,0
5089847,2,2.390277777777778,0.074,1,0
5089848,2,1.9538888888888888,0.081,1,0
5089850,2,2.097777777777778,0.295,1,0
5089851,2,2.1591666666666667,0.204,1,0
5090353,2,0.4083333333333333,0.49,0,0
5091257,2,2.828611111111111,0.071,0,0
5091470,2,1.7419444444444445,0.1,0,0
5091615,2,1.4266666666666667,1.65,1,1
5092719,2,6.616388888888889,5.397,1,0
5095469,2,2.0633333333333335,0.8690000000000001,0,1
5095701,2,1.3552777777777778,0.316,1,1
5095873,2,5.09,1.821,1,1
5096209,2,1.8202777777777779,0.092,1,0
5096267,2,0.3333333333333333,0.312,1,1
5096424,2,2.870277777777778,0.7909999999999999,1,0
5096425,2,4.083333333333333,0.792,1,0
5096449,2,9.625833333333333,2.6830000000000003,1,0
5096643,2,5.648333333333333,3.028,1,0
5096756,2,1.0216666666666667,0.449,1,1
5096888,2,0.9166666666666666,1.134,0,0
5096900,2,2.1405555555555558,0.043,1,0
5099829,2,2.941666666666667,1.026,1,0
5099846,2,1.8483333333333334,0.211,0,0
5099893,2,1.0533333333333332,0.24,1,1
5100399,2,3.402222222222222,2.252,1,0
5100542,2,1.4158333333333333,0.7509999999999999,1,0
5101778,2,1.5705555555555555,0.092,0,0
5101779,2,1.7975,0.1369999999999999,1,0
5101780,2,1.8286111111111112,0.5529999999999999,1,0
5101781,2,2.0805555555555557,0.194,1,1
5101907,2,6.060833333333333,1.741,0,0
5102134,2,2.203888888888889,0.194,1,0
5102205,2,3.8825,3.415,1,0
5102289,2,1.5580555555555555,2.627,1,0
5102672,2,2.0569444444444445,0.093,1,1
5102713,2,4.073333333333333,0.185,1,1
5102905,4,2.0725,0.181,0,0
5103155,2,1.6188888888888888,1.358,1,0
5103373,2,2.1616666666666666,0.104,1,0
5103374,2,2.175,0.038,0,0
5103375,2,1.9561111111111111,0.089,1,0
5103376,2,2.043888888888889,0.071,0,0
5108271,2,2.046111111111111,0.049,1,1
5108724,2,1.5216666666666667,0.205,0,1
5109186,2,2.8841666666666668,0.046,0,1
5109187,2,2.3308333333333335,0.056,1,1
5109188,2,2.2491666666666665,0.044,0,1
5109419,2,5.362777777777778,0.629,1,1
5109692,2,7.868611111111111,1.726,1,0
5109874,2,1.7416666666666667,0.706,0,0
5109928,2,0.21666666666666667,0.604,0,0
5110033,2,2.1694444444444443,0.262,1,0
5110034,2,5.635277777777778,0.3720000000000001,1,0
5110048,2,7.549444444444444,2.376,1,0
5110065,2,1.1833333333333333,0.387,1,0
5110144,2,1.3508333333333333,0.044,1,0
5110197,2,0.4336111111111111,0.417,1,0
5112436,2,0.9405555555555556,1.3530000000000002,0,0
5112437,2,5.526388888888889,3.828,1,0
5112438,2,4.51,5.415,1,0
5112582,2,2.65,0.846,1,0
5112583,2,1.5680555555555555,1.243,1,0
5112787,2,0.45,0.043,1,0
5112802,2,0.6652777777777777,0.225,1,0
5112953,2,1.7775,0.051,1,1
5113121,2,3.2594444444444446,2.317,1,0
5113170,2,1.4183333333333332,0.725,1,0
5113761,2,1.9477777777777778,1.276,1,1
5114345,2,3.6752777777777776,0.173,1,0
5114537,2,2.2816666666666667,0.037,0,0
5114648,2,2.161388888888889,0.292,0,0
5115360,2,2.515277777777778,1.358,1,0
5115361,2,1.9647222222222223,0.269,1,0
5115460,2,0.725,0.343,0,1
5115461,2,0.35833333333333334,1.139,0,0
5115475,2,4.181388888888889,2.16,1,0
5115578,2,2.213888888888889,0.05,0,1
5115579,2,2.07,0.049,1,1
5115788,2,2.0772222222222223,0.171,1,1
5116610,2,0.3575,0.102,1,1
5119881,2,1.9475,0.121,0,0
5119882,2,2.0325,0.206,0,0
5119927,2,1.6369444444444445,0.118,1,0
5120158,2,0.225,0.5489999999999999,1,0
5120239,2,4.7283333333333335,2.06,1,0
5120351,2,0.7,1.743,1,0
5120352,2,1.5480555555555555,0.913,1,0
5120362,2,0.9977777777777778,1.807,1,0
5120648,2,6.503333333333333,0.7659999999999999,1,1
5120649,2,3.025,0.8740000000000001,0,0
5120794,2,1.5630555555555556,0.077,0,1
5123853,2,0.7583333333333333,1.863,1,0
5124107,2,1.4952777777777777,0.063,1,1
5125166,2,3.1655555555555557,0.607,1,0
5125210,2,0.5519444444444445,0.7140000000000001,1,1
5125211,2,0.36666666666666664,0.303,0,0
5134478,2,1.7330555555555556,0.065,1,0
5134709,2,2.106388888888889,0.672,0,0
5134727,2,1.6591666666666667,0.448,1,1
5134905,2,0.35833333333333334,0.597,1,0
5135417,2,2.611111111111111,0.073,1,0
5135419,2,1.4744444444444444,0.042,1,0
5135421,2,3.507222222222222,0.009,1,1
5136458,2,2.1480555555555556,0.019,1,0
5136459,2,1.8958333333333333,0.029,1,1
5145929,2,1.425,3.042,1,0
5146122,2,1.7683333333333333,0.034,1,1
5146190,2,0.8583333333333333,1.124,1,0
5146191,2,0.3333333333333333,0.408,0,0
5146192,2,3.1680555555555556,3.269,1,0
5146990,2,1.6880555555555556,0.004,1,0
5147193,2,4.103888888888889,1.659,1,0
5147266,2,1.9019444444444444,1.94,1,0
5147366,2,0.36666666666666664,0.205,0,1
5147447,2,8.068333333333333,5.522,1,0
5147452,2,0.8586111111111111,1.48,1,1
5147469,2,2.2133333333333334,1.345,1,0
5147660,2,5.4875,0.496,1,0
5147772,2,2.933611111111111,0.6990000000000001,1,0
5147773,2,15.75,0.657,1,0
5147991,2,2.2441666666666666,0.146,1,0
5147992,2,2.0144444444444445,0.077,1,0
5147993,2,4.034722222222222,0.124,1,0
5148086,2,0.38333333333333336,0.312,0,0
5148297,2,7.239444444444445,2.817,1,0
5148862,2,1.4383333333333332,0.6629999999999999,0,0
5149410,2,1.3333333333333333,0.6,0,0
5149483,2,1.8777777777777778,0.397,0,0
5149541,2,4.190833333333333,0.561,1,0
5149559,2,2.9166666666666665,1.786,0,0
5149560,2,3.111388888888889,1.646,1,1
5150038,2,2.0166666666666666,1.6369999999999998,0,0
5150261,2,3.25,2.684,0,0
5150371,2,1.8241666666666667,0.799,1,0
5150396,2,2.525,2.552,0,0
5150397,2,0.8608333333333333,1.745,1,0
5150422,2,10.142222222222221,3.752,1,0
5151437,2,2.057777777777778,0.049,1,1
5151440,2,2.549722222222222,0.35,0,1
5151497,2,1.3233333333333333,1.558,0,0
5156454,2,2.0694444444444446,0.148,1,0
5157119,2,2.1216666666666666,0.446,1,0
5157903,2,0.34944444444444445,0.518,0,0
5158153,2,1.533611111111111,0.041,1,0
5158154,2,1.8327777777777778,0.068,1,0
5158155,2,1.6325,0.143,1,0
5158156,2,4.908888888888889,0.083,0,0
5158157,2,2.0188888888888887,0.7879999999999999,1,0
5158158,2,2.43,0.151,1,0
5158159,2,1.7213888888888889,0.255,1,0
5158432,2,1.4447222222222222,0.021,1,0
5158829,2,3.810277777777778,4.382,1,0
5159088,2,2.093888888888889,0.5,1,0
5159091,2,1.2608333333333333,1.021,0,0
5159093,2,3.1594444444444445,0.368,1,1
5159166,2,1.3083333333333333,0.909,0,0
5159167,2,2.1158333333333332,0.054,0,0
5159168,2,2.313888888888889,0.604,1,0
5159169,2,2.2394444444444446,0.157,0,1
5159170,2,2.6302777777777777,0.146,1,0
5159171,2,2.3291666666666666,0.181,0,0
5159172,2,2.1369444444444445,0.342,1,1
5159220,2,0.3416666666666667,0.351,1,0
5159433,2,1.585,0.378,1,1
5159978,2,2.232222222222222,0.171,0,1
5160038,2,0.25,1.015,1,0
5160218,2,0.37722222222222224,0.348,1,0
5160385,2,11.154722222222222,1.224,1,0
5160565,2,1.51,0.973,1,0
5160901,2,1.008888888888889,1.914,1,0
5160902,2,1.1002777777777777,2.317,1,0
5161725,2,0.3333333333333333,0.324,1,0
5162138,2,1.2666666666666666,0.88,0,0
5162217,2,2.102222222222222,0.953,1,0
5162218,4,2.415,0.917,1,0
5165026,2,3.305277777777778,2.499,1,0
5165455,2,1.6277777777777778,0.078,1,0
5165456,2,4.997777777777777,0.197,1,0
5165457,2,1.8205555555555555,0.531,0,0
5165517,2,2.21,0.196,1,0
5166084,2,2.221388888888889,1.109,0,0
5166599,2,0.3416666666666667,0.59,0,0
5166624,2,0.3452777777777778,0.462,1,0
5166717,2,1.4602777777777778,0.074,1,1
5166719,2,0.8833333333333333,0.446,0,0
5166720,2,2.0694444444444446,0.295,1,0
5166721,2,2.140833333333333,0.594,1,0
5167296,2,16.325,0.054,1,1
5167306,2,0.7086111111111111,0.299,1,1
5167394,2,1.5894444444444444,0.934,1,0
5167427,2,6.6930555555555555,0.8029999999999999,1,0
5168515,2,1.0727777777777778,0.552,1,1
5168603,2,1.7691666666666668,0.792,1,1
5168618,2,3.3272222222222223,0.7290000000000001,0,0
5168619,2,2.1372222222222224,0.7879999999999999,0,0
5168620,2,1.6766666666666667,0.8059999999999999,0,0
5168621,2,1.7052777777777777,1.444,1,0
5168883,2,2.1061111111111113,0.192,0,0
5168895,2,1.5377777777777777,0.973,1,0
5169020,2,0.21666666666666667,0.168,0,0
5169021,2,0.21666666666666667,0.043,1,0
5169830,2,3.2325,3.399,1,0
5169831,2,0.39166666666666666,0.16,0,0
5169832,2,8.782222222222222,3.264,1,0
5169848,2,1.3941666666666668,0.936,1,1
5169851,2,0.3333333333333333,0.363,1,1
5170028,2,0.7744444444444445,0.312,1,1
5170103,2,1.5972222222222223,0.971,0,0
5170511,2,4.249722222222222,1.487,1,0
5170512,2,3.5180555555555557,1.53,1,0
5170622,2,4.621111111111111,1.109,1,0
5170630,2,1.6452777777777778,0.1669999999999999,1,0
5170657,2,2.618333333333333,1.358,1,0
5171089,2,1.9916666666666667,0.809,0,0
5171090,2,1.525,1.0,0,0
5171354,2,0.35833333333333334,0.17,1,1
5171572,2,2.1241666666666665,0.247,1,0
5172551,2,0.41444444444444445,0.245,1,1
5172695,2,2.068888888888889,0.314,0,1
5173519,2,4.223888888888889,0.024,1,0
5173638,2,1.1611111111111112,2.167,1,0
5173847,2,2.0830555555555557,0.084,1,0
5173848,2,2.2111111111111112,0.283,1,0
5173849,2,2.2847222222222223,0.604,0,0
5173850,2,1.5155555555555555,0.084,0,0
5173851,2,2.127222222222222,1.345,0,0
5173892,2,2.424722222222222,0.312,1,1
5174213,2,1.1583333333333334,0.384,1,0
5175093,2,0.5333333333333333,0.835,0,0
5175158,2,2.727222222222222,0.672,0,0
5175352,2,1.4136111111111112,0.034,0,0
5175496,2,1.7641666666666667,0.342,1,0
5175775,2,2.3694444444444445,0.092,1,0
5176504,2,0.37166666666666665,0.207,1,1
5177387,2,2.6305555555555555,1.615,1,0
5177689,2,2.05,0.395,1,1
5177908,2,2.185277777777778,0.5529999999999999,0,0
5178164,2,1.5702777777777779,0.326,1,0
5178530,2,2.665277777777778,0.7959999999999999,0,1
5178531,2,4.045833333333333,0.8140000000000001,1,1
5179892,2,0.9444444444444444,0.248,1,1
5179936,2,1.7177777777777778,0.123,0,0
5179937,2,1.47,1.558,1,0
5180107,2,0.18333333333333332,0.547,1,1
5180108,2,0.925,0.514,1,0
5180109,2,2.2597222222222224,0.009,1,0
5184925,2,0.6916666666666667,0.257,0,0
5185463,2,2.2758333333333334,0.05,0,1
5185500,2,2.475277777777778,0.06,0,1
5185738,2,3.5894444444444447,2.399,1,0
5185739,2,0.3333333333333333,0.194,1,0
5185740,2,0.35555555555555557,0.436,1,0
5185741,2,0.6083333333333333,0.618,1,0
5185742,2,2.419722222222222,1.272,1,0
5185824,2,2.625277777777778,0.298,1,1
5186021,2,1.5205555555555557,0.453,0,0
5186161,2,1.6316666666666666,0.127,1,0
5186891,2,2.0661111111111112,0.6709999999999999,1,0
5186922,2,1.701111111111111,0.964,0,0
5186923,2,1.3425,0.735,0,0
5186924,2,2.439722222222222,0.713,1,0
5186925,2,1.4083333333333334,1.815,0,0
5186926,2,2.1769444444444446,0.916,1,0
5186927,2,2.5908333333333333,0.866,1,1
5186928,2,1.8972222222222221,1.017,0,0
5186929,2,2.4519444444444445,0.937,1,1
5186930,2,1.7772222222222223,0.726,1,0
5186931,2,2.160277777777778,1.345,0,0
5186932,2,4.227777777777778,1.57,1,0
5187626,2,3.5166666666666666,0.938,0,1
5187631,2,1.535,0.17,0,0
5189506,2,2.1261111111111113,0.11,0,0
5189507,2,2.2194444444444446,0.083,0,0
5189576,2,2.125,0.4970000000000001,0,0
5189930,2,0.7666666666666667,1.3119999999999998,0,0
5190118,2,0.13833333333333334,0.253,1,1
5190179,2,1.1916666666666667,2.099,0,0
5190300,2,1.7972222222222223,0.095,1,0
5190301,2,16.366666666666667,0.33,1,1
5190302,2,1.5916666666666666,0.078,0,0
5190375,2,2.1180555555555554,0.769,1,0
5190376,2,10.020833333333334,0.8079999999999999,1,0
5190988,2,4.9,1.932,1,0
5191110,2,2.0,1.336,0,0
5191190,2,0.35833333333333334,0.46,1,0
5191191,2,0.9322222222222222,0.7,1,1
5191754,2,3.147777777777778,0.054,0,0
5192238,2,3.8113888888888887,3.069,1,0
5192642,2,0.3416666666666667,0.38,0,0
5193314,2,1.386388888888889,0.047,1,1
5195715,2,3.475,3.392,1,0
5196196,2,0.22,0.305,1,1
5196198,2,0.23694444444444446,0.175,1,0
5196199,2,1.856111111111111,0.088,1,0
5196200,2,2.106388888888889,0.023,0,0
5196629,2,1.5327777777777778,0.648,1,0
5196916,2,1.975,3.667,0,0
5197255,2,0.3333333333333333,1.243,1,0
5197304,2,0.9291666666666667,1.526,1,0
5197395,2,0.5616666666666666,0.8170000000000001,1,1
5197413,2,2.395277777777778,0.213,1,0
5197820,2,1.4683333333333333,1.457,1,0
5197821,2,1.5666666666666667,2.416,0,0
5202330,2,0.7166666666666667,0.412,0,0
5202677,2,1.7258333333333333,0.017,1,0
5202692,2,4.264166666666667,0.029,0,0
5202934,2,1.3416666666666666,1.168,0,0
5203199,2,4.397777777777778,5.431,1,0
5203365,2,2.1911111111111112,0.089,0,0
5207141,2,2.9166666666666665,1.342,0,1
5207142,2,4.119166666666667,2.7,1,0
5207143,2,1.4527777777777777,0.237,1,1
5207262,2,1.8419444444444444,0.215,1,1
5207555,2,1.4719444444444445,0.752,1,1
5208578,2,1.1,1.154,0,1
5208579,2,1.3333333333333333,1.001,0,1
5209047,2,2.9616666666666664,0.71,1,0
5209048,2,1.531111111111111,0.705,0,0
5209062,2,2.453888888888889,1.0590000000000002,0,1
5209063,2,10.825,0.913,1,0
5209110,2,10.418333333333333,2.713,1,0
5209111,2,8.28111111111111,3.18,1,0
5209194,2,4.665277777777778,2.237,1,0
5209633,2,0.5863888888888888,0.152,1,0
5209836,2,3.4386111111111113,0.331,1,1
5209855,2,7.203333333333333,2.354,1,0
5210633,2,1.5925,0.6679999999999999,1,0
5210705,2,1.7761111111111112,2.572,1,0
5216305,2,2.9633333333333334,1.892,1,0
5216501,2,1.9516666666666667,0.052,1,1
5216502,2,1.8116666666666668,0.05,1,1
5216721,2,4.968333333333334,3.027,1,0
5217005,2,0.9975,3.249,1,0
5217237,2,2.183333333333333,1.877,1,0
5217416,2,2.3577777777777778,0.1369999999999999,1,0
5217419,2,1.3,1.717,0,0
5219827,2,0.4166666666666667,1.53,0,0
5220018,2,1.5383333333333333,2.738,1,0
5220529,2,0.505,0.333,1,1
5220714,2,1.7663888888888888,0.7609999999999999,0,0
5220719,2,0.48333333333333334,1.241,1,0
5221588,2,8.273888888888889,1.589,1,0
5221646,2,1.5483333333333333,1.53,1,0
5221710,2,0.3333333333333333,0.414,1,0
5221735,2,0.3333333333333333,0.273,0,0
5222000,2,0.8,0.455,0,1
5223221,2,2.616111111111111,0.288,1,1
5223875,2,2.238611111111111,0.247,1,0
5228903,2,2.12,0.199,1,0
5229067,2,2.004722222222222,0.499,1,1
5229361,2,0.8583333333333333,1.929,0,0
5229476,2,1.6713888888888888,0.023,1,1
5229546,2,0.5,0.907,0,0
5229784,2,7.111111111111111,1.3769999999999998,1,0
5229785,2,9.07611111111111,2.422,1,0
5230054,2,0.5725,0.112,1,1
5230060,2,1.5825,0.043,0,0
5230351,2,1.7877777777777777,0.047,1,1
5230431,2,0.18333333333333332,0.043,1,0
5230432,2,2.783333333333333,0.258,1,0
5230819,2,2.098333333333333,0.044,1,0
5231348,2,1.451111111111111,0.043,0,0
5231349,2,6.428888888888889,5.295,1,0
5231350,2,0.9916666666666667,1.266,0,0
5231741,2,2.4783333333333335,0.05,0,1
5232078,2,2.062777777777778,1.471,0,1
5232112,2,3.8066666666666666,0.802,0,1
5232113,2,1.8230555555555557,0.058,0,0
5232380,2,5.771111111111111,2.462,1,0
5232579,2,3.0580555555555557,0.8740000000000001,1,0
5232803,2,2.4455555555555555,1.07,1,1
5235207,2,4.953333333333333,2.013,1,0
5235208,2,9.60138888888889,3.282,1,0
5235209,2,6.0216666666666665,2.481,1,0
5235353,2,2.2777777777777777,0.8859999999999999,0,0
5235379,2,1.451111111111111,0.868,0,0
5235698,2,2.2916666666666665,0.117,0,1
5235949,2,2.3469444444444445,0.014,1,0
5236268,2,1.0666666666666667,0.975,0,0
5236269,2,3.0097222222222224,0.297,1,0
5236425,2,0.825,1.218,0,1
5237264,2,3.1119444444444446,0.334,1,0
5237269,2,0.475,1.345,0,1
5237465,2,0.5166666666666667,0.838,0,0
5237466,2,2.2083333333333335,2.239,0,0
5237467,2,0.7177777777777777,1.516,1,0
5237862,2,1.9011111111111112,0.011,0,1
5238642,2,2.593611111111111,0.836,0,0
5238768,2,1.5622222222222222,0.056,1,1
5238957,2,2.2344444444444442,0.056,0,0
5239273,2,2.785833333333333,0.752,1,1
5239274,2,1.5891666666666666,0.78,1,0
5239355,2,2.124722222222222,0.769,0,0
5239356,2,2.602222222222222,0.77,0,0
5239357,2,4.728055555555556,0.512,1,0
5239379,2,0.425,0.131,0,1
5239462,2,1.176388888888889,1.805,1,0
5239903,2,1.4383333333333332,0.6629999999999999,1,0
5240057,2,172.29722222222222,0.027,0,0
5240233,2,1.7225,0.144,0,0
5240234,2,2.0527777777777776,0.122,0,0
5240473,2,4.795277777777778,0.431,1,0
5240486,2,2.1366666666666667,0.03,1,0
5240487,2,0.85,1.0659999999999998,1,0
5240488,2,2.149722222222222,0.073,1,0
5240489,2,2.108888888888889,0.03,1,0
5240490,2,3.4166666666666665,3.093,1,0
5240491,2,2.0769444444444445,0.151,1,0
5240658,2,2.4877777777777776,0.019,1,1
5240713,2,0.7166666666666667,0.55,0,0
5240917,2,2.3891666666666667,0.906,1,0
5240918,2,3.9219444444444442,1.345,1,0
5241238,2,2.0083333333333333,1.019,1,0
5241239,2,2.2783333333333333,1.345,1,0
5242165,2,0.3333333333333333,0.276,0,0
5242236,2,4.555,0.373,0,0
5242237,2,3.2975,0.843,1,0
5242238,2,0.9591666666666666,0.71,0,0
5242239,2,1.5316666666666667,1.483,1,0
5242687,2,2.2266666666666666,2.3680000000000003,1,0
5242688,2,3.056388888888889,2.1790000000000003,1,0
5242814,2,3.0519444444444446,0.049,1,1
5242815,2,2.0208333333333335,0.053,1,1
5243553,4,2.2183333333333333,0.073,0,0
5243644,2,1.4538888888888888,0.755,0,1
5243645,2,1.9955555555555555,0.081,0,0
5244283,2,2.1625,0.026,1,1
5244680,2,1.558888888888889,0.036,1,0
5244846,2,0.35833333333333334,0.44,1,0
5244847,2,0.8583333333333333,0.597,0,0
5245484,2,1.5788888888888888,0.152,0,0
5248257,2,3.584722222222222,0.039,0,0
5248258,2,2.1172222222222223,0.022,1,0
5248305,2,2.17,0.021,0,0
5248720,2,2.7175,0.701,1,0
5248721,2,3.3144444444444443,3.583,1,0
5248749,2,2.5572222222222223,0.11,0,0
5249420,2,1.5647222222222221,0.086,1,1
5249512,2,1.9522222222222223,0.71,0,0
5249513,2,2.8319444444444444,0.763,1,0
5250357,2,1.4594444444444445,0.257,0,0
5250726,2,5.816666666666666,0.585,1,0
5251270,2,1.3044444444444445,2.369,1,0
5251472,2,1.6172222222222221,0.031,1,0
5251557,2,2.0775,0.01,1,0
5251985,2,0.35083333333333333,0.212,1,0
5252034,2,2.2266666666666666,0.2,0,0
5252553,2,0.38333333333333336,0.257,0,1
5252577,2,1.523611111111111,0.097,0,0
5252578,2,1.7091666666666667,0.067,0,0
5252579,2,1.4927777777777778,0.33,1,0
5254930,2,0.35,0.5489999999999999,0,0
5255016,2,2.8580555555555556,0.202,1,0
5255922,2,1.8583333333333334,0.532,1,0
5256348,2,1.6933333333333334,1.3769999999999998,1,0
5256758,2,3.3761111111111113,0.696,1,1
5257013,2,6.065555555555555,2.42,1,0
5257385,2,2.1369444444444445,0.882,0,0
5257386,2,2.1686111111111113,0.809,0,0
5257387,2,2.6397222222222223,0.868,1,0
5257388,2,2.241111111111111,1.082,1,0
5257389,2,0.6,0.6759999999999999,0,0
5257390,2,2.136388888888889,1.026,1,0
5258475,2,0.21666666666666667,1.052,0,0
5258476,2,2.1075,0.835,0,0
5262116,2,2.285,0.444,0,0
5262180,2,1.8391666666666666,0.68,0,0
5262353,2,4.679444444444444,0.258,0,0
5262354,2,0.6083333333333333,0.7509999999999999,0,0
5262821,2,2.232222222222222,0.048,1,1
5262877,2,2.3047222222222223,0.283,1,0
5263357,2,0.6275,0.145,1,0
5263906,2,6.329444444444444,0.61,1,0
5263907,2,2.118888888888889,0.264,0,0
5263908,2,0.18333333333333332,0.457,0,0
5263909,2,1.9416666666666667,0.6990000000000001,1,0
5263976,2,1.3533333333333333,0.747,1,0
5263977,2,1.6927777777777777,0.6559999999999999,1,0
5263978,2,1.4116666666666666,0.82,1,0
5263979,2,1.548888888888889,0.6829999999999999,0,0
5264567,2,0.6319444444444444,0.257,1,0
5264624,2,2.3033333333333332,0.023,0,0
5264625,2,1.7580555555555555,0.051,0,1
5264633,2,1.7775,2.439,1,0
5264935,2,4.525833333333333,2.964,1,0
5264936,2,3.222777777777778,2.478,1,0
5264937,2,1.0833333333333333,1.224,0,0
5265019,2,0.9330555555555555,0.802,1,1
5265070,2,0.7,1.57,0,0
5265264,2,1.9780555555555555,0.9,0,0
5265363,2,6.034722222222222,0.6940000000000001,1,0
5265364,2,7.335555555555556,0.436,1,0
5265365,2,5.220277777777778,0.752,1,1
5265366,2,6.78,1.588,1,0
5266058,2,0.43722222222222223,0.802,1,1
5266130,2,2.171388888888889,0.1639999999999999,1,0
5266131,2,2.2005555555555554,0.127,1,0
5266132,2,1.3830555555555555,1.235,1,0
5266879,2,2.8208333333333333,0.5,1,0
5266880,2,13.936388888888889,0.24,0,0
5266978,2,0.4513888888888889,0.414,1,0
5267286,2,8.98,4.119,1,0
5267773,2,3.7169444444444446,0.895,1,0
5268345,2,1.5008333333333332,0.018,1,1
5268404,2,2.0372222222222223,0.189,1,0
5268963,2,0.9630555555555556,0.901,1,0
5269188,2,0.9083333333333333,0.805,0,0
5269720,2,2.3152777777777778,1.227,1,0
5269768,2,0.9597222222222223,1.027,1,0
5274947,2,2.2230555555555553,0.081,1,0
5275200,2,2.2119444444444443,0.017,0,0
5275340,2,2.216666666666667,0.999,0,0
5275341,2,1.7416666666666667,0.703,0,0
5275690,2,1.5886111111111112,0.62,0,0
5276113,2,9.652777777777779,3.542,1,0
5276128,2,0.6333333333333333,0.6890000000000001,1,1
5276129,2,3.250277777777778,0.564,1,1
5277434,2,2.886388888888889,0.175,1,1
5277477,2,0.5708333333333333,0.258,1,0
5277736,2,10.63111111111111,2.07,1,0
5277781,2,2.975,0.888,1,0
5278227,2,4.152777777777778,1.287,1,0
5278262,2,1.59,2.38,1,1
5278263,2,1.3675,2.386,1,1
5278405,2,4.020277777777777,0.324,1,1
5278702,2,2.033888888888889,0.237,1,1
5278793,2,3.9791666666666665,3.105,1,0
5281678,2,0.975,0.461,0,0
5281770,2,2.234722222222222,1.642,1,0
5282041,2,2.0219444444444443,0.583,1,0
5282845,2,169.93777777777777,0.043,0,0
5282892,2,2.3875,0.143,1,0
5283303,2,0.3416666666666667,0.213,1,0
5283347,2,1.8922222222222222,1.358,1,0
5283559,2,0.8733333333333333,0.441,1,0
5283813,2,2.463888888888889,1.6840000000000002,1,0
5284176,2,2.3161111111111112,0.11,1,0
5284303,2,2.091666666666667,0.716,1,0
5284508,2,0.8166666666666667,1.127,0,0
5284509,2,0.35,0.408,0,0
5284521,4,3.9680555555555554,1.364,0,1
5284522,2,1.45,1.189,0,0
5284528,2,1.1,1.021,0,0
5284601,2,2.7083333333333335,2.576,1,0
5285021,2,0.49916666666666665,5.379,1,0
5285334,2,2.2591666666666668,1.07,0,1
5285335,2,2.9630555555555556,1.0490000000000002,1,0
5285491,2,1.6961111111111111,0.925,0,0
5285528,2,2.2683333333333335,0.067,1,1
5286428,2,1.5355555555555556,0.861,1,0
5286502,2,0.3333333333333333,0.463,0,1
5286584,2,1.745,0.639,1,0
5286715,2,0.9697222222222223,0.349,1,1
5286719,2,0.38333333333333336,0.628,1,1
5286740,2,2.167222222222222,0.014,1,1
5287266,2,2.0680555555555555,0.171,1,1
5290233,2,1.6583333333333334,1.558,0,0
5290422,2,4.610555555555556,0.74,1,0
5290933,2,5.116388888888889,1.093,1,0
5291356,2,1.8991666666666667,0.659,1,0
5291714,2,6.238333333333333,0.475,0,0
5291715,2,4.308888888888889,4.728,0,0
5291716,2,0.4747222222222222,0.278,0,0
5291717,2,5.808333333333334,0.741,1,0
5291718,2,3.0,0.16,0,0
5291719,2,4.108333333333333,1.047,0,0
5291907,2,2.1944444444444446,0.012,0,1
5292053,2,3.7416666666666667,3.372,1,1
5292529,2,4.4222222222222225,3.713,1,0
5292701,2,2.6597222222222223,0.17,1,1
5292906,2,2.222777777777778,0.288,1,0
5293168,2,3.1783333333333332,0.194,1,0
5293739,2,1.728611111111111,0.8240000000000001,1,0
5294136,2,4.555833333333333,1.824,1,0
5294319,2,1.4075,0.045,1,0
5294320,2,2.2288888888888887,0.051,1,0
5294321,2,1.9683333333333333,0.057,0,0
5294322,2,2.5588888888888888,0.594,1,0
5294380,2,3943.2252777777776,0.043,1,1
5294900,2,2.0036111111111112,0.108,1,0
5295197,2,2.5019444444444443,1.294,1,0
5295656,2,2.2194444444444446,0.141,1,0
5295739,2,4.875555555555556,0.204,0,0
5295969,2,0.16666666666666666,0.6629999999999999,1,0
5298583,2,3.2605555555555554,0.519,1,0
5298816,2,0.48305555555555557,0.145,1,0
5298893,2,2.2216666666666667,0.218,0,1
5299614,2,1.7041666666666666,0.047,1,1
5299617,2,0.8941666666666667,0.6940000000000001,1,0
5299618,2,0.35,0.436,1,0
5299717,2,7.142777777777778,0.258,1,0
5299718,2,1.6086111111111112,0.085,1,1
5300000,2,0.7761111111111111,0.4320000000000001,1,0
5300682,2,2.4525,2.85,1,0
5301347,2,1.1305555555555555,0.856,1,0
5301506,2,12.880833333333333,4.439,1,0
5302175,2,4.856944444444444,5.06,1,0
5302395,2,2.1527777777777777,0.166,1,0
5302690,2,1.7583333333333333,1.558,0,0
5303576,2,1.8552777777777778,2.485,1,0
5303648,2,1.7027777777777777,0.059,0,0
5303789,2,2.135,0.778,0,0
5303915,2,0.3333333333333333,0.517,1,0
5304085,2,1.3827777777777779,0.617,0,0
5304086,2,5.5311111111111115,5.937,0,0
5304087,2,2.0,0.7090000000000001,1,0
5304088,2,4.948888888888889,2.486,1,0
5304096,2,0.3416666666666667,0.429,1,0
5304144,2,2.0258333333333334,0.027,1,1
5304356,2,3.951388888888889,0.916,1,1
5304446,2,2.075,0.278,0,1
5304499,2,5.8375,1.052,1,0
5304582,2,2.725,3.299,1,0
5307588,2,6.301388888888889,0.862,1,0
5308276,2,1.5416666666666667,1.211,0,1
5308277,2,0.35833333333333334,1.071,0,0
5308354,2,0.4633333333333333,0.444,1,0
5308463,2,1.8763888888888889,0.762,1,1
5308464,2,1.3922222222222222,0.7929999999999999,1,0
5308465,2,2.2088888888888887,1.457,1,0
5308593,2,2.0833333333333335,1.038,0,0
5308613,2,2.4588888888888887,0.143,1,0
5309389,2,0.7083333333333334,1.024,0,0
5309390,2,1.2166666666666666,0.258,0,0
5309602,2,1.3736111111111111,0.188,1,0
5309790,2,0.9083333333333333,1.388,0,0
5309853,2,1.905,0.768,1,1
5309854,2,4.268611111111111,0.799,1,1
5310295,2,3.169722222222222,0.028,0,0
5310430,2,1.7416666666666667,0.361,1,0
5310894,2,5.857777777777778,3.012,1,0
5310990,2,2.796666666666667,0.197,1,0
5311010,2,2.2983333333333333,0.6990000000000001,1,0
5311011,2,1.7838888888888889,0.804,0,0
5311012,2,1.6305555555555555,0.693,0,0
5311045,2,4.585555555555556,0.294,0,0
5311589,2,0.35694444444444445,0.225,1,1
5311592,2,0.8994444444444445,1.275,1,1
5311622,2,1.8252777777777778,0.054,0,1
5311623,2,1.9211111111111112,0.032,1,1
5312125,2,8.000277777777777,2.274,1,0
5312352,2,2.1080555555555556,0.484,1,0
5312353,2,0.5416666666666666,1.068,1,0
5312509,2,2.106388888888889,0.138,1,0
5312797,2,3.2247222222222223,4.137,1,0
5312913,2,4.883333333333334,1.19,1,0
5313099,2,2.5191666666666666,0.05,1,1
5313425,2,0.3333333333333333,0.363,1,1
5313495,2,0.2152777777777778,0.627,1,1
5313496,2,1.5319444444444446,0.873,1,0
5313497,2,4.328888888888889,0.419,1,0
5313498,2,2.6105555555555555,0.101,1,0
5313499,2,0.18333333333333332,0.445,1,1
5316276,2,0.3475,0.288,1,0
5316436,2,0.5308333333333334,0.6409999999999999,1,0
5316746,2,1.775,1.211,0,1
5316747,2,1.1452777777777778,1.395,1,0
5317187,2,2.4008333333333334,0.045,1,1
5317310,2,3.6416666666666666,0.741,0,0
5317365,2,1.9530555555555555,0.8109999999999999,1,0
5318045,2,0.3516666666666667,0.354,0,1
5318393,2,2.725,2.12,0,0
5318433,2,4.310833333333333,0.532,1,0
5318434,2,3.173888888888889,0.468,1,0
5318511,2,2.222777777777778,0.133,1,0
5318512,2,1.6694444444444445,0.5529999999999999,0,0
5318748,2,6.489444444444445,0.133,1,0
5318910,2,2.6333333333333333,0.526,0,0
5319977,2,1.2058333333333333,0.4320000000000001,1,1
5320242,2,1.7480555555555555,0.257,1,0
5322903,2,0.35833333333333334,0.146,1,0
5323058,2,1.5722222222222222,0.7120000000000001,1,0
5323059,2,2.253888888888889,0.81,0,0
5323257,2,1.3416666666666666,1.346,0,0
5323584,2,4.2725,0.139,0,0
5323585,2,1.6383333333333334,0.144,1,1
5323586,2,2.082222222222222,1.139,1,0
5324416,2,1.5663888888888888,0.754,0,0
5324692,2,2.278888888888889,0.288,1,0
5324731,2,2.35,1.4069999999999998,0,0
5324768,2,0.7833333333333333,0.8859999999999999,0,0
5331489,2,2.5930555555555554,0.324,1,0
5331717,2,1.4425,1.7480000000000002,1,0
5331985,2,2.151111111111111,0.121,1,1
5331986,2,2.1033333333333335,0.054,1,0
5331987,2,2.19,0.099,1,0
5331989,2,1.8441666666666667,0.038,1,0
5331990,2,3.0216666666666665,0.204,1,0
5331991,2,2.100277777777778,0.295,1,0
5331992,2,2.433333333333333,0.594,1,0
5332027,2,0.7855555555555556,0.301,1,1
5333039,2,2.231388888888889,1.241,1,0
5333179,2,0.8058333333333333,0.531,1,1
5333266,2,2.414722222222222,0.009,1,1
5333390,2,0.6291666666666667,0.718,1,0
5333633,2,7.634722222222222,2.604,1,1
5333634,2,0.9583333333333334,1.538,0,0
5333686,2,1.2136111111111112,0.8140000000000001,1,0
5333690,2,2.1525,0.152,1,0
5333720,2,1.6216666666666666,0.8270000000000001,1,0
5333779,2,5.345277777777778,0.486,1,0
5333976,2,2.707222222222222,0.197,1,0
5334011,2,1.5783333333333334,0.149,0,0
5334028,2,0.7836111111111111,0.334,1,1
5334265,2,2.723611111111111,0.1369999999999999,1,0
5334447,2,2.2191666666666667,2.003,1,0
5334485,2,2.148888888888889,0.027,1,1
5334601,2,1.4397222222222221,0.276,0,1
5334620,2,1.7294444444444443,0.086,1,1
5334982,2,9.198611111111111,2.321,1,0
5335278,2,1.6305555555555555,0.173,1,0
5335656,2,1.8183333333333334,0.061,1,1
5338043,2,2.4227777777777777,0.526,0,0
5338544,2,2.4166666666666665,1.71,0,1
5339010,2,1.79,0.083,1,0
5339011,2,1.6633333333333333,0.312,1,0
5339545,2,4.210277777777778,1.007,1,0
5340711,2,3.1658333333333335,0.067,0,0
5340712,2,2.202777777777778,0.525,1,0
5340951,2,2.1666666666666665,1.038,0,0
5341046,2,2.0191666666666666,1.07,1,0
5341358,2,1.6783333333333332,0.211,1,0
5341384,2,3.8755555555555556,0.174,0,1
5341900,2,1.5505555555555555,0.089,0,0
5342182,2,2.078888888888889,1.6780000000000002,0,0
5342183,2,2.0644444444444443,1.071,0,0
5342283,2,1.4841666666666666,0.249,1,1
5342840,2,1.4738888888888888,1.241,1,0
5343199,2,1.7833333333333334,1.1909999999999998,1,0
5343200,2,0.6816666666666666,0.1,0,0
5343201,2,0.445,0.873,1,0
5343202,2,4.598888888888889,0.054,1,0
5343203,2,0.35833333333333334,0.782,0,0
5343204,2,2.0966666666666667,0.074,1,0
5343205,2,0.27555555555555555,0.868,1,0
5343614,2,2.1502777777777777,1.241,1,0
5343615,2,1.886388888888889,1.358,1,0
5343617,2,1.5575,0.122,1,0
5343872,2,1.4152777777777779,0.237,0,0
5343873,2,1.5130555555555556,1.483,1,0
5343983,2,2.1258333333333335,0.604,1,0
5343984,2,1.9466666666666668,1.1909999999999998,1,0
5343985,2,2.1366666666666667,0.352,1,0
5343986,2,0.9833333333333333,0.795,1,0
5343987,2,0.21666666666666667,0.802,0,0
5344537,2,3.707222222222222,1.128,1,0
5345153,2,0.3333333333333333,0.291,1,0
5345445,2,0.21666666666666667,0.469,1,0
5345446,2,1.5672222222222223,0.4320000000000001,0,0
5345499,2,1.875,1.278,0,0
5345503,2,5.259444444444444,4.341,1,1
5345946,2,2.3583333333333334,0.043,1,1
5345947,2,1.6872222222222222,0.101,1,0
5345948,2,2.1416666666666666,0.102,1,1
5346708,2,2.2327777777777778,0.08,1,1
5346709,2,0.3463888888888889,0.334,1,0
5346710,2,2.085277777777778,0.036,1,0
5346921,2,1.4316666666666666,0.308,0,1
5347271,2,0.3333333333333333,0.1689999999999999,1,0
5348355,2,1.6733333333333333,0.18,1,0
5348489,2,3.966666666666667,0.53,1,0
5348585,2,1.5905555555555555,0.028,1,0
5348743,2,0.21722222222222223,1.195,1,0
5348744,2,4.7491666666666665,0.873,1,0
5348867,2,1.2583333333333333,1.94,0,1
5349074,2,1.7038888888888888,0.084,1,1
5349091,2,2.2955555555555556,0.032,0,0
5349379,2,3.091666666666667,0.413,1,0
5349575,2,1.1083333333333334,0.387,1,0
5349753,2,1.6302777777777777,0.052,0,1
5349754,2,2.5616666666666665,0.049,1,1
5350609,2,1.8722222222222222,0.042,0,1
5350631,2,2.308333333333333,1.38,1,0
5351849,2,4.304166666666666,0.051,0,0
5351863,2,0.875,1.067,1,0
5351864,2,0.575,0.752,0,0
5351998,2,1.7275,0.058,1,0
5352161,2,3.980277777777778,0.241,1,1
5352172,2,1.6688888888888889,0.614,1,1
5352998,2,1.4430555555555555,0.218,1,0
5353018,2,0.8583333333333333,0.4,0,0
5353019,2,1.5686111111111112,0.015,1,0
5353487,2,2.827777777777778,0.046,1,1
5353557,2,2.861111111111111,0.026,0,0
5353558,2,1.7261111111111112,0.037,1,0
5353559,2,1.8083333333333333,1.296,0,0
5353560,2,2.076111111111111,0.159,1,0
5354561,2,0.4083333333333333,0.7909999999999999,0,0
5355772,2,1.5252777777777777,0.043,1,0
5355774,2,1.4861111111111112,0.074,1,0
5356082,2,2.2408333333333332,0.05,1,1
5356720,4,4.008055555555556,0.189,1,1
5356948,2,1.8533333333333333,0.037,0,1
5356949,2,1.6913888888888888,0.046,0,1
5356950,2,1.7683333333333333,0.063,0,0
5356964,2,1.5855555555555556,0.883,1,0
5356968,2,6.366666666666666,1.5590000000000002,1,0
5357296,2,1.525,2.858,0,0
5357742,2,1.696388888888889,0.049,1,1
5357743,2,1.568888888888889,0.051,1,0
5357906,2,1.506388888888889,0.015,1,0
5357907,2,1.376111111111111,0.098,1,1
5358603,2,1.3833333333333333,0.61,0,0
5359530,2,1.673888888888889,0.037,1,0
5359531,2,1.5825,0.439,1,0
5359532,2,4.451388888888889,0.292,0,0
5359665,2,4.015833333333333,3.954,1,0
5367107,2,0.575,0.379,1,1
5367110,2,2.1619444444444444,0.3229999999999999,0,0
5367130,2,1.1713888888888888,1.078,1,0
5367547,2,2.591388888888889,0.219,0,0
5367673,2,5.582222222222223,0.111,0,0
5367738,2,1.4458333333333333,0.104,1,0
5367943,2,1.6611111111111112,0.196,0,0
5368065,2,10.364444444444445,2.198,1,0
5368066,2,6.121388888888889,2.222,1,0
5368448,2,1.1308333333333334,0.996,1,0
5369397,2,1.6155555555555556,0.05,0,1
5369648,2,1.2333333333333334,1.167,0,0
5369805,2,1.9444444444444444,0.711,0,0
5369806,2,1.3925,0.6970000000000001,1,0
5369980,2,2.0808333333333335,2.529,1,0
5370127,2,2.3633333333333333,1.035,0,0
5370128,2,2.241388888888889,1.15,1,0
5370153,2,7.821944444444444,3.758,1,0
5370421,2,0.6166666666666667,1.045,0,0
5370423,2,2.085277777777778,0.411,0,0
5370601,2,6.810833333333333,0.107,1,1
5370831,2,5.335277777777778,0.205,1,1
5371088,2,1.6169444444444445,1.161,1,1
5371089,2,1.0066666666666666,1.588,1,0
5371238,2,3.1266666666666665,0.7609999999999999,1,0
5371239,2,9.6525,1.575,1,0
5371267,2,1.6852777777777779,0.045,1,1
5371268,2,1.5097222222222222,0.05,1,1
5371409,2,3.086388888888889,0.509,1,0
5371627,2,2.202777777777778,0.05,1,1
5371628,2,1.76,0.052,0,1
5372314,2,5.499722222222222,3.1830000000000003,1,0
5372315,2,5.073611111111111,3.337,1,0
5372316,2,3.835,3.009,1,0
5372959,2,4.226111111111111,0.08,0,0
5373279,2,3.321388888888889,0.015,1,0
5373738,2,2.25,0.144,1,0
5374027,2,2.425,0.755,0,1
5374028,2,2.783333333333333,1.7619999999999998,0,0
5374029,2,1.3,1.139,0,0
5374043,2,1.1130555555555555,1.223,1,0
5374080,2,2.1952777777777777,0.138,0,0
5374482,2,1.8469444444444445,2.492,1,0
5374530,2,2.8,0.7909999999999999,0,0
5374601,2,3.9480555555555554,2.462,1,0
5374841,2,0.49916666666666665,0.227,1,0
5375191,2,0.8622222222222222,0.2,1,1
5380017,2,2.6569444444444446,0.7879999999999999,1,0
5380446,2,13.561388888888889,3.178,1,0
5380834,2,1.5275,0.042,0,1
5381168,2,1.97,0.016,1,1
5381375,2,1.1916666666666667,0.41,0,0
5381932,2,8.0825,1.646,1,0
5381987,2,2.069166666666667,0.072,0,0
5382006,2,2.0808333333333335,0.159,0,0
5382126,2,3.908333333333333,1.372,1,0
5382127,2,1.9230555555555555,0.048,0,0
5382273,2,1.9569444444444444,0.921,0,0
5382547,2,1.8069444444444445,0.049,1,1
5382548,2,1.8419444444444444,0.0069999999999999,0,1
5383238,2,1.4591666666666667,1.243,1,0
5383598,2,1.5702777777777779,0.249,1,0
5383626,2,2.117777777777778,0.283,1,0
5383627,2,3.7644444444444445,0.8109999999999999,1,0
5383740,2,2.2847222222222223,0.049,1,1
5383915,2,0.295,0.581,0,0
5388704,2,0.3416666666666667,0.7040000000000001,0,0
5389288,2,2.285,0.218,0,1
5389289,2,3.83,0.841,1,0
5389290,2,7.141111111111111,0.619,1,0
5389443,2,2.4566666666666666,0.6890000000000001,1,1
5389444,2,0.6288888888888889,0.38,1,0
5389445,2,1.7683333333333333,0.046,1,1
5389714,2,1.075,0.185,0,1
5389972,2,2.0619444444444444,0.201,0,0
5390015,2,1.1375,2.475,1,0
5390016,2,2.1083333333333334,0.482,1,0
5390017,2,2.1438888888888887,0.068,1,0
5390018,2,0.3333333333333333,0.937,1,0
5390255,2,0.3572222222222222,0.405,1,0
5390256,2,0.6994444444444444,0.735,1,0
5390262,2,1.363888888888889,0.82,1,0
5390263,2,2.483888888888889,0.769,1,0
5390363,2,3.8158333333333334,1.213,1,0
5390409,2,1.1452777777777778,1.968,1,1
5395035,2,1.0402777777777779,1.358,1,0
5395159,2,0.8,0.7559999999999999,0,0
5395160,2,0.765,0.91,0,0
5395176,2,0.5166666666666667,1.104,0,0
5395506,2,1.1211111111111112,0.446,1,1
5395531,2,2.7875,0.103,0,0
5395769,2,10.626944444444444,1.146,0,0
5396077,2,3.4386111111111113,0.325,1,1
5396078,2,1.4513888888888888,0.448,1,0
5396617,2,2.3705555555555557,1.726,1,0
5397340,2,6.102222222222222,3.512,1,0
5397559,2,2.602222222222222,0.838,0,0
5397676,2,5.075,5.444,1,0
5399202,2,8.525,1.082,1,0
5399274,2,5.091666666666667,2.392,1,0
5401647,2,1.9047222222222222,1.471,1,1
5401735,2,1.698611111111111,0.207,0,0
5401748,2,1.2416666666666667,0.5589999999999999,0,0
5402223,2,4.296944444444445,2.125,1,0
5402631,2,0.4613888888888889,0.196,1,1
5402662,2,0.3416666666666667,0.212,1,0
5402686,2,6.6975,4.496,1,1
5402717,2,1.6955555555555555,0.17,1,1
5402718,2,1.4777777777777779,1.369,0,0
5402947,2,0.6061111111111112,0.312,1,0
5403397,2,1.563611111111111,1.139,1,0
5403614,2,141.83944444444444,0.027,0,1
5408163,2,0.7394444444444445,0.305,1,0
5408344,2,1.625,1.558,0,0
5408545,2,2.141388888888889,0.1,1,0
5409198,2,2.0975,0.088,1,0
5409199,2,0.8916666666666667,1.229,0,1
5410688,2,0.4583333333333333,0.563,0,1
5410764,2,2.1919444444444443,0.072,0,0
5410969,2,1.7863888888888888,0.048,0,0
5410970,2,1.6647222222222222,0.078,1,0
5410971,2,1.613611111111111,0.1,1,0
5410972,2,1.4766666666666666,0.8859999999999999,1,0
5411016,2,1.6644444444444444,0.124,1,0
5411286,2,1.5997222222222223,0.1369999999999999,1,0
5411329,2,2.148888888888889,0.347,0,0
5411330,2,2.485,0.292,0,0
5411568,2,2.2694444444444444,0.076,1,0
5411813,2,1.1005555555555555,0.458,1,1
5411860,2,5.918333333333333,1.289,1,0
5411862,2,4.141666666666667,0.855,1,0
5419186,2,1.5069444444444444,0.067,1,0
5419187,2,2.2225,0.028,1,0
5419188,2,1.386111111111111,0.043,1,0
5419189,2,1.653888888888889,0.036,1,1
5419190,2,1.3241666666666667,0.026,1,1
5419690,2,3.875,1.57,1,0
5419712,2,2.2,1.268,1,0
5419855,2,1.7675,0.7190000000000001,1,0
5420062,2,2.555833333333333,0.047,1,0
5420424,2,2.936111111111111,3.667,1,0
5420939,2,1.9305555555555556,0.135,0,0
5421078,2,2.175,0.174,0,1
5421419,2,4.210833333333333,3.708,1,0
5421462,2,0.5597222222222222,0.565,1,0
5421846,2,2.0191666666666666,1.075,1,0
5422182,2,2.1166666666666667,2.992,0,0
5422637,2,0.7416666666666667,1.098,0,0
5422965,2,2.544722222222222,0.8009999999999999,0,0
5425691,2,2.1016666666666666,0.174,0,0
5426024,2,2.675,0.882,1,0
5426113,2,0.225,0.7809999999999999,0,0
5426571,2,1.9269444444444443,0.051,1,1
5426661,2,2.408611111111111,0.054,1,1
5426717,2,0.225,0.585,0,0
5426718,2,0.2,0.043,1,0
5426719,2,0.775,1.945,0,0
5427251,2,1.6055555555555556,1.755,1,0
5427294,2,1.9955555555555555,0.46,1,0
5427374,2,1.1394444444444445,3.545,1,0
5427607,2,4.9880555555555555,2.4330000000000003,1,0
5427608,2,3.8783333333333334,1.711,1,1
5427609,2,7.735833333333333,2.1830000000000003,1,0
5430803,2,2.0055555555555555,0.135,0,0
5430814,2,0.6238888888888889,0.723,1,0
5430815,2,0.3655555555555556,0.482,1,1
5430982,2,6.733333333333333,4.284,1,0
5431067,2,0.7333333333333333,0.353,1,0
5431144,2,2.7311111111111113,1.358,1,0
5431222,2,1.8916666666666666,0.585,0,0
5431400,2,2.383611111111111,0.014,0,1
5436722,2,0.18333333333333332,0.258,0,0
5436724,2,2.1469444444444443,0.031,0,0
5436726,2,0.21666666666666667,0.604,1,0
5437408,2,2.1283333333333334,0.133,0,0
5437608,2,2.0875,0.973,1,0
5438413,2,4.413333333333333,0.139,0,0
5438671,2,3.3583333333333334,0.912,1,0
5438836,2,4.8775,1.908,1,0
5438889,2,1.941111111111111,2.576,1,0
5438959,2,2.1666666666666665,0.014,1,1
5438960,2,0.3416666666666667,0.17,0,0
5439907,2,2.097777777777778,0.019,1,1
5440203,2,0.5558333333333333,0.43,1,0
5440238,2,2.5208333333333335,0.038,0,1
5440752,2,1.42,0.802,1,0
5440910,2,2.118333333333333,0.049,1,0
5441190,2,2.8561111111111113,0.508,1,0
5441192,2,0.3333333333333333,0.123,1,0
5441537,2,0.45,0.416,0,0
5442072,2,1.5008333333333332,0.1689999999999999,1,0
5442266,2,3.3047222222222223,0.74,1,0
5442882,2,0.35,0.216,0,1
5443289,2,1.795,0.248,1,1
5443319,2,2.283333333333333,0.141,1,0
5444570,2,0.4,0.461,0,0
5444827,2,1.9583333333333333,0.027,1,0
5444828,2,1.471111111111111,1.558,1,0
5445482,2,2.9466666666666668,0.753,1,1
5445483,2,1.408611111111111,0.65,0,0
5445490,2,2.120277777777778,0.118,0,0
5445492,2,0.3333333333333333,0.212,1,0
5445873,2,1.8777777777777778,0.027,0,0
5445875,2,2.9833333333333334,0.061,0,0
5445959,2,0.20833333333333334,0.101,1,0
5446093,2,1.6741666666666666,0.821,0,0
5446111,2,3.5836111111111113,0.373,1,0
5446238,2,1.4566666666666668,0.764,0,0
5446453,2,3.8866666666666667,1.594,1,1
5446551,2,2.1891666666666665,0.115,1,1
5447054,2,2.1508333333333334,0.248,0,0
5447345,2,2.3072222222222223,0.992,0,1
5447446,2,0.9380555555555555,0.258,1,0
5447548,2,4.530277777777778,1.47,1,0
5448676,2,0.385,0.143,1,1
5449626,2,0.45,1.398,0,0
5449682,2,0.45916666666666667,0.399,1,1
5450080,2,4.695,3.006,1,0
5450098,2,2.1730555555555555,0.094,0,0
5450213,2,1.3083333333333333,1.597,0,1
5451028,2,0.9416666666666667,0.413,0,0
5451294,2,2.013888888888889,0.189,1,0
5452360,2,0.6077777777777778,0.87,1,0
5452361,2,1.9344444444444444,0.1669999999999999,0,0
5452362,2,1.576111111111111,0.426,1,0
5452529,2,2.456111111111111,0.062,0,0
5453029,2,2.0744444444444445,0.053,0,0
5453501,2,0.6469444444444444,1.484,1,0
5456461,2,3.1008333333333336,0.161,1,0
5456952,2,8.438333333333333,4.06,1,0
5456997,2,5.467222222222222,0.094,1,1
5456998,2,2.081111111111111,0.976,1,0
5457603,2,2.0813888888888887,0.102,1,0
5457604,2,2.316388888888889,2.614,1,0
5457605,2,2.069722222222222,1.558,1,0
5457911,2,2.109166666666667,0.042,0,0
5457912,2,1.7044444444444444,0.038,1,0
5457913,2,2.236388888888889,0.07,1,1
5458332,2,0.2536111111111111,0.952,1,0
5458333,2,0.83,1.952,1,1
5458716,2,2.577777777777778,0.049,1,1
5458755,2,4.333888888888889,4.671,1,0
5458857,2,1.5158333333333334,0.055,0,1
5459580,2,0.35,0.27,0,1
5460359,2,1.5461111111111112,0.07,1,0
5460681,2,14.574444444444444,0.727,1,0
5461150,2,1.9727777777777777,0.037,0,0
5461276,2,1.4913888888888889,0.126,0,0
5461833,2,2.450833333333333,0.016,1,1
5461857,2,2.8627777777777776,0.141,1,0
5462211,2,1.9252777777777779,1.595,1,0
5462664,2,2.2794444444444446,0.315,0,1
5465441,2,13.726666666666667,1.661,0,1
5465651,2,0.3333333333333333,0.4320000000000001,1,1
5466449,2,2.254722222222222,0.056,1,0
5466785,2,3.066666666666667,0.7090000000000001,1,0
5469997,2,6.160277777777778,1.301,1,0
5470960,2,0.3416666666666667,0.337,0,0
5474115,2,2.2022222222222223,5.612,1,0
5474381,2,0.6416666666666667,1.765,0,0
5474485,2,0.15833333333333333,0.416,0,0
5474486,2,17.575,0.522,1,0
5474487,2,2.091666666666667,0.133,1,0
5474488,2,1.8855555555555557,0.015,0,0
5475857,2,2.066666666666667,0.087,1,0
5476118,2,2.126388888888889,0.077,1,0
5476184,4,1.3955555555555557,0.078,1,1
5476575,2,2.1325,0.136,1,1
5476604,2,1.3416666666666666,0.445,0,1
5477072,2,6.133333333333334,2.593,0,0
5477986,2,1.7241666666666666,0.171,0,0
5478133,2,0.19805555555555557,0.715,1,0
5478384,2,2.5241666666666664,1.558,1,0
5478963,2,1.3983333333333334,0.181,0,0
5479127,2,2.5480555555555555,3.499,1,0
5480035,2,2.095,0.703,1,0
5480057,2,1.3172222222222223,0.157,0,0
5482833,2,5.075555555555556,0.929,1,0
5482834,2,18.533333333333335,0.913,1,0
5483084,2,6.031944444444444,1.004,1,0
5484990,2,2.263888888888889,0.147,1,0
5485073,2,0.36777777777777776,0.334,1,0
5485347,2,14.109722222222222,0.532,0,0
5490389,4,3.8230555555555554,0.029,1,1
5490406,4,2.145,0.388,1,0
5490928,2,2.279166666666667,0.013,1,1
5491603,2,1.375,0.306,0,1
5492939,2,2.136388888888889,0.053,0,0
5493715,2,8.085555555555555,1.57,0,0
5494104,2,2.9583333333333335,0.44,0,0
5494105,2,2.0833333333333335,0.7609999999999999,0,0
5494201,2,0.35,0.339,0,0
5494731,2,6.916666666666667,2.519,1,0
5495768,2,4.385277777777778,0.1369999999999999,1,1
5496023,2,0.825,0.5589999999999999,0,0
5496639,2,1.25,1.118,0,0
5500801,2,2.9830555555555556,0.258,1,0
5500802,2,2.275,0.514,0,0
5501643,2,1.6572222222222222,0.107,0,1
5501801,2,2.3694444444444445,0.355,1,0
5501920,2,2.173888888888889,0.438,0,0
5504529,2,2.0588888888888888,0.388,1,0
5505371,2,2.2775,0.075,1,1
5505573,2,5.276388888888889,2.074,1,1
5505676,2,1.4083333333333334,0.05,1,0
5506247,2,13.891388888888889,1.524,0,1
5506510,2,1.125,0.8009999999999999,0,0
5506511,2,13.216111111111111,3.398,0,1
5506909,4,1.3822222222222222,0.16,0,0
5507411,2,1.7144444444444444,0.599,1,0
5507422,2,9.575277777777778,0.245,0,0
5507730,2,2.1119444444444446,0.098,1,1
5508514,2,1.6177777777777778,0.377,1,1
5510684,2,0.3416666666666667,0.366,0,0
5510685,2,35.35916666666667,3.006,0,0
5511976,2,13.735277777777778,3.543,0,1
5512543,2,0.7180555555555556,0.703,1,0
5513019,2,15.091666666666667,0.885,0,0
5513026,2,7.805,0.276,1,0
5513611,2,2.38,0.737,1,0
5515174,2,0.8491666666666666,1.025,1,0
5515241,2,0.3333333333333333,0.525,0,0
5517275,2,3.2958333333333334,0.267,1,0
5517763,2,1.0444444444444445,1.32,1,0
5518182,2,5.3069444444444445,3.708,1,0
5518637,2,0.5161111111111111,0.888,1,0
5518785,2,6.825,1.7380000000000002,1,0
5519163,2,9.777222222222223,0.639,0,0
5519164,2,5.533333333333333,0.71,0,0
5519244,2,1.7444444444444445,0.5489999999999999,1,0
5519708,2,1.3386111111111112,0.525,1,0
5520674,2,5.865277777777778,1.266,1,0
5520756,2,1.2538888888888888,0.244,1,0
5520778,2,3.846388888888889,0.129,0,0
5520973,2,5.579722222222222,0.5589999999999999,1,0
5521057,2,2.1255555555555556,1.558,1,0
5521058,2,3.0830555555555557,0.452,1,0
5521354,2,2.1577777777777776,0.051,0,1
5521543,2,1.0583333333333333,0.972,0,0
5521544,2,3.591666666666667,2.599,0,0
5521840,2,2.7416666666666667,1.198,0,0
5524907,2,4.0575,0.054,1,1
5524978,2,0.3461111111111111,0.1369999999999999,1,0
5528871,2,2.019722222222222,0.11,0,1
5529290,2,1.4313888888888888,1.345,1,0
5529291,2,1.3327777777777778,0.942,1,0
5529653,2,1.1333333333333333,0.496,0,0
5531052,2,2.1258333333333335,0.186,1,0
5531135,2,0.3333333333333333,0.341,1,0
5531463,2,0.3416666666666667,0.272,0,0
5531464,2,0.7416666666666667,1.045,0,0
5531646,2,4.5875,3.008,1,1
5532760,2,2.056388888888889,0.109,1,1
5533660,2,2.035277777777778,0.069,1,0
5534022,2,0.43333333333333335,0.37,1,0
5538092,2,0.7916666666666666,1.038,0,0
5539695,2,0.39166666666666666,0.336,1,1
5540752,2,1.6083333333333334,0.624,1,0
5540966,2,2.089722222222222,0.203,1,0
5541027,2,4.5697222222222225,0.149,1,1
5541724,2,1.353611111111111,0.388,0,0
5541763,2,0.35833333333333334,0.433,0,0
5541764,2,6.86,1.695,1,0
5541765,2,9.066666666666666,2.543,1,0
5541795,2,17.633333333333333,1.045,0,0
5541949,2,8.0375,0.259,1,1
5543106,2,3.049722222222222,0.988,1,0
5543429,2,5.335277777777778,0.022,1,0
5543521,2,3.0588888888888888,1.3769999999999998,1,0
5543612,2,0.47555555555555556,1.029,1,0
5543613,2,1.9166666666666667,0.41,0,0
5543733,2,10.164722222222222,3.272,1,0
5544219,2,2.0425,0.161,0,1
5544501,2,0.4166666666666667,1.558,0,0
5544502,2,3.4166666666666665,2.276,0,1
5544607,2,2.1702777777777778,0.11,1,0
5544773,2,3.9655555555555555,2.519,1,0
5544774,2,4.0125,2.486,1,0
5544775,2,12.8875,3.0980000000000003,0,0
5545295,2,14.921944444444444,0.006,1,1
5545581,2,2.1733333333333333,0.1689999999999999,1,1
5545999,2,2.038611111111111,0.148,1,1
5547510,2,2.868888888888889,1.097,1,0
5547951,2,9.969444444444445,1.895,0,0
5548997,2,6.206388888888889,0.867,1,0
5549368,2,10.754722222222222,0.768,0,0
5549581,2,13.133611111111112,0.301,0,0
5549594,2,16.635,0.407,0,1
5549969,2,3.091388888888889,0.4,1,0
5550146,2,1.353888888888889,0.053,0,1
5550801,2,0.35888888888888887,0.329,0,0
5550820,2,1.545,1.139,0,0
5550990,2,1.7583333333333333,2.54,0,0
5551021,2,2.158333333333333,2.152,1,0
5551377,2,1.3469444444444445,0.346,1,1
5551380,2,5.953611111111111,0.76,1,0
5551766,2,1.3708333333333333,0.062,1,0
5552033,2,1.775,1.301,1,0
5553007,2,0.875,1.241,1,0
5553548,2,8.958333333333334,0.341,1,0
5553984,2,0.9822222222222222,0.731,0,0
5554222,2,19.375,1.423,0,0
5554700,2,3.825,0.198,0,0
5554977,2,4.911666666666667,1.483,1,0
5555487,2,0.8416666666666667,1.139,0,0
5555718,2,0.3333333333333333,0.126,1,1
5555832,2,12.109166666666667,5.1110000000000015,1,0
5556311,2,2.298888888888889,0.193,1,1
5556328,2,1.0166666666666666,0.52,0,0
5556377,2,10.164722222222222,2.56,1,0
5556804,2,0.35,0.345,0,0
5559566,2,13.015277777777778,1.045,0,0
5559666,2,2.9544444444444444,0.205,1,1
5559876,2,2.4055555555555554,0.081,0,0
5560430,2,2.5725,0.03,1,0
5560677,2,1.4391666666666667,0.119,1,0
5560861,2,2.063888888888889,0.583,0,0
5560997,2,11.609166666666667,1.359,0,0
5562314,2,1.3491666666666666,1.345,0,0
5562606,2,4.255277777777778,2.834,1,0
5562750,2,0.48333333333333334,0.474,0,1
5563348,2,0.8741666666666666,0.257,1,0
5563448,2,5.862777777777778,0.575,1,0
5563635,2,4.544444444444444,1.765,1,0
5564274,2,2.1405555555555558,1.471,1,1
5564275,2,2.8555555555555556,0.501,0,0
5564301,2,2.2330555555555556,1.33,0,0
5564887,2,0.6666666666666666,0.229,1,0
5566285,2,0.6083333333333333,0.836,1,0
5566286,2,2.1422222222222222,0.301,1,0
5566906,2,2.1486111111111112,0.094,1,0
5567101,2,2.283333333333333,0.148,1,1
5567246,2,2.1605555555555553,0.076,1,0
5567666,2,5.534722222222222,0.353,1,0
5568289,2,0.225,0.468,0,0
5569860,2,2.1241666666666665,0.17,1,1
5569900,2,7.764166666666667,1.33,1,0
5569936,2,0.775,0.468,0,0
5570540,2,7.120277777777778,0.606,1,0
5571448,2,2.5836111111111113,0.541,1,0
5572400,2,0.38333333333333336,0.364,0,0
5573193,2,3.7247222222222223,0.473,1,0
5573296,2,2.1461111111111113,0.09,1,1
5573499,2,3.2294444444444443,1.083,1,0
5574979,2,0.3302777777777778,0.292,1,0
5577192,2,1.0902777777777777,0.366,1,1
5577199,2,2.061111111111111,0.036,1,1
5577480,2,0.3877777777777778,0.355,1,0
5577864,2,1.8055555555555556,1.139,0,0
5578454,2,12.181944444444444,4.22,1,0
5578455,2,15.425,1.391,0,1
5578468,2,1.4866666666666666,0.103,1,0
5578591,2,2.13,0.124,0,0
5579379,2,1.0,0.469,1,0
5579596,2,3.9916666666666667,0.198,0,0
5579999,2,0.35,0.62,0,1
5580594,2,2.4788888888888887,1.865,1,0
5580816,2,12.156944444444445,0.799,1,0
5581151,2,2.058333333333333,1.362,1,1
5581484,2,1.3611111111111112,1.986,1,0
5581825,2,2.4519444444444445,0.6920000000000001,0,0
5581852,2,12.156944444444445,0.597,1,0
5582981,2,2.4230555555555555,1.683,1,0
5582982,2,0.38333333333333336,0.399,1,1
5583071,2,1.3416666666666666,0.7190000000000001,0,0
5583267,2,0.4261111111111111,0.379,1,1
5584690,2,1.7033333333333334,0.02,1,0
5588182,2,12.058333333333334,1.082,1,0
5589108,2,2.1041666666666665,0.176,0,1
5589143,2,2.1108333333333333,0.193,0,1
5589209,2,8.706388888888888,0.616,1,0
5589987,2,0.4166666666666667,1.6780000000000002,0,0
5590325,2,0.44166666666666665,1.236,0,0
5591802,2,2.2291666666666665,0.224,1,0
5592328,2,3.164722222222222,0.042,1,0
5592574,2,1.1002777777777777,1.19,1,0
5592575,2,0.36666666666666664,0.504,0,1
5593830,2,1.725,1.139,0,0
5593831,2,1.3,1.654,0,0
5594269,2,0.3333333333333333,0.287,0,0
5594497,2,2.654166666666667,0.122,0,0
5594929,2,9.285,0.249,1,0
5597575,2,1.7252777777777777,0.139,0,1
5598407,2,1.1430555555555555,0.586,1,0
5598676,2,1.4513888888888888,0.037,1,1
5599921,2,3.3575,2.476,1,0
5600256,2,2.1666666666666665,1.14,0,0
5602303,2,2.1441666666666666,0.293,1,0
5604169,2,3.3183333333333334,0.956,1,1
5604455,2,0.7083333333333334,1.765,0,0
5604964,2,2.160833333333333,0.144,0,0
5604977,2,2.1475,0.077,1,0
5605099,2,9.544166666666667,0.245,0,0
5605454,4,2.6352777777777776,0.049,1,1
5605551,2,1.7333333333333334,0.01,1,0
5606676,2,13.538611111111111,3.399,0,0
5606957,2,0.3416666666666667,0.898,0,0
5607626,2,2.1305555555555555,0.044,0,0
5609233,2,2.0211111111111113,0.064,1,0
5609283,2,2.1261111111111113,0.076,1,0
5609793,2,3.039722222222222,0.888,1,0
5611309,2,4.269444444444445,3.006,1,0
5611963,2,2.082777777777778,0.16,1,0
5612595,2,0.4711111111111111,0.309,1,1
5612809,2,2.0766666666666667,0.018,0,0
5613249,2,6.719166666666666,1.91,1,0
5613386,2,5.754722222222222,0.128,0,1
5614396,2,5.397777777777778,0.802,0,0
5615228,2,5.3566666666666665,1.105,1,0
5617284,2,0.9594444444444444,1.811,1,0
5617760,2,16.233333333333334,0.5589999999999999,1,0
5620649,2,9.21888888888889,0.294,1,1
5621494,2,0.6841666666666667,1.042,1,0
5621530,2,1.3425,0.838,0,0
5621587,2,1.4666666666666666,1.273,0,0
5622718,2,1.05,0.305,0,0
5622719,2,1.3566666666666667,0.068,0,0
5622817,2,2.127222222222222,0.063,0,1
5623426,2,4.803888888888889,0.441,1,0
5623773,2,2.129166666666667,0.191,1,0
5624687,2,2.0933333333333333,0.03,0,0
5624688,4,73.60833333333333,0.555,0,0
5625037,2,1.8627777777777779,0.13,1,1
5625161,2,13.294722222222223,0.19,0,1
5625525,2,2.0372222222222223,0.363,0,0
5627467,2,1.3747222222222222,0.138,1,1
5628216,2,0.36666666666666664,0.534,0,0
5628358,2,0.4261111111111111,0.619,1,1
5628370,2,16.258333333333333,0.353,0,0
5629263,2,0.48583333333333334,0.588,1,0
5630244,2,11.609166666666667,1.258,0,0
5631212,2,1.3297222222222222,0.051,1,1
5631242,2,7.110555555555556,1.492,1,1
5631998,2,0.8666666666666667,1.765,0,0
5632614,2,66.20166666666667,0.19,0,1
5633094,2,0.46,0.632,1,0
5633367,2,0.6,0.241,0,1
5633694,2,0.475,0.247,0,0
5634303,2,2.46,0.049,1,1
5634880,2,3.665277777777778,0.034,1,1
5634918,2,2.196111111111111,0.795,0,1
5637800,2,2.563888888888889,0.045,0,0
5638426,2,1.8602777777777777,1.168,0,0
5638485,2,0.4583333333333333,0.319,1,1
5638665,2,0.37694444444444447,0.5,1,0
5638756,2,4.142222222222222,0.065,1,1
5639363,2,1.5416666666666667,0.76,0,0
5639777,2,1.4713888888888889,2.188,1,0
5640478,2,2.222777777777778,0.176,1,1
5641356,2,0.3416666666666667,0.293,0,0
5642738,2,2.0655555555555556,0.1689999999999999,1,1
5643142,2,1.7472222222222222,0.325,1,0
5643480,2,1.4833333333333334,1.265,0,0
5645886,2,2.145277777777778,0.316,1,0
5647100,2,1.375,0.8140000000000001,0,0
5647524,2,1.368611111111111,0.05,1,0
5647784,2,5.034166666666667,0.056,0,1
5648472,2,0.9333333333333333,0.317,1,1
5648819,2,1.7916666666666667,0.88,0,0
5649374,2,1.1666666666666667,0.47,0,0
5649613,2,1.025,0.377,1,1
5650700,2,16.456944444444446,0.19,0,1
5651274,2,0.8666666666666667,0.356,0,0
5651275,2,0.9083333333333333,0.41,0,1
5651542,2,0.41305555555555556,1.071,1,0
5652045,2,1.35,2.254,0,0
5652397,2,0.6666666666666666,0.846,1,0
5652517,2,2.7825,0.195,1,0
5652967,2,7.208333333333333,1.083,0,0
5655291,2,5.546111111111111,0.865,1,0
5655607,2,2.25,0.74,0,0
5655765,2,0.6905555555555556,0.369,1,0
5655828,2,2.1572222222222224,0.024,0,0
5657029,2,2.421666666666667,0.276,1,1
5657707,2,1.8386111111111112,2.093,1,0
5658053,2,2.3066666666666666,0.204,0,0
5658235,2,2.0791666666666666,0.094,0,0
5658324,2,1.375,1.632,0,0
5658499,2,15.025,1.597,0,0
5658811,2,2.0972222222222223,0.121,1,1
5659665,2,0.5152777777777777,0.954,1,1
5659942,2,0.35,0.295,0,0
5660031,2,1.725,0.687,0,0
5660399,2,2.1502777777777777,0.193,0,1
5660643,2,0.35,0.517,1,0
5660644,2,0.55,1.091,1,0
5660959,2,8.087777777777777,2.761,1,0
5661687,2,7.5,0.78,0,0
5661723,2,0.5333333333333333,0.473,1,0
5663953,2,2.1230555555555557,2.807,1,0
5664302,2,0.9458333333333333,0.351,1,0
5664643,2,0.43166666666666664,0.472,1,0
5665752,2,2.9869444444444446,1.044,1,0
5666164,2,1.4519444444444445,0.024,1,0
5666998,2,1.3422222222222222,1.497,1,1
5667410,2,1.0547222222222221,1.506,1,1
5667678,2,6.426666666666667,0.134,1,1
5667967,2,2.133888888888889,0.193,1,1
5668002,2,2.207777777777778,0.101,1,0
5668197,2,2.346111111111111,1.756,1,0
5668199,2,1.3352777777777778,0.203,1,0
5668900,2,5.216388888888889,1.5619999999999998,1,0
5669068,2,14.283333333333333,1.2990000000000002,0,0
5669590,2,2.0430555555555556,0.383,0,0
5669748,2,1.8502777777777777,0.8490000000000001,0,1
5670649,2,2.1572222222222224,0.024,0,0
5670873,2,5.593333333333334,1.418,1,0
5670982,2,2.2202777777777776,0.317,1,0
5671310,2,5.167777777777777,1.349,1,0
5671311,2,1.3719444444444444,1.093,1,0
5671340,2,42.85,0.531,0,0
5671790,2,4.6530555555555555,2.184,1,1
5671827,2,1.413888888888889,0.01,0,1
5672188,2,3.8033333333333332,0.053,0,1
5673335,2,2.6166666666666667,1.315,0,0
5673701,2,2.598611111111111,0.132,0,0
5673702,2,2.6616666666666666,0.202,1,0
5675063,2,2.243611111111111,1.369,1,0
5675102,2,1.371388888888889,1.139,0,0
5676633,2,20.191666666666666,0.589,0,0
5677030,2,4.8436111111111115,1.479,1,0
5678283,2,1.1869444444444444,0.975,1,0
5678505,2,6.471666666666667,1.19,1,0
5678706,2,0.3333333333333333,0.398,1,0
5679027,2,5.639722222222222,0.341,1,0
5679028,2,4.299166666666666,0.496,1,0
5680464,2,1.3847222222222222,0.267,1,0
5680846,2,19.325,0.4320000000000001,0,0
5681484,2,2.3333333333333335,0.463,0,0
5681736,2,2.0341666666666667,0.121,1,1
5681823,2,2.153611111111111,1.928,1,1
5681844,2,2.5625,0.052,0,1
5682261,2,0.5544444444444444,1.483,1,1
5682373,2,2.1055555555555556,0.024,1,1
5682652,2,2.9252777777777776,3.503,1,0
5683171,2,2.0902777777777777,0.012,0,0
5684138,2,1.4119444444444444,0.095,1,0
5686337,2,1.5141666666666667,0.076,1,1
5687074,2,2.201111111111111,0.147,1,0
5687401,2,9.153888888888888,0.294,1,1
5687563,2,0.35833333333333334,0.288,0,0
5689692,2,0.5,0.189,1,1
5689805,2,2.1275,1.3969999999999998,0,0
5690044,2,0.5758333333333333,0.441,1,0
5690774,2,2.2544444444444443,0.075,1,1
5691641,2,1.3702777777777777,0.691,1,1
5691873,2,0.8333333333333334,0.257,1,0
5692809,2,9.8125,0.225,1,0
5694595,2,2.1575,0.038,0,0
5694596,2,2.115,0.006,1,0
5694597,2,2.141388888888889,0.043,1,0
5694726,2,9.641666666666667,0.245,0,0
5694764,2,2.1155555555555554,0.115,1,0
5695002,2,2.7263888888888888,0.058,1,0
5695278,2,15.0675,3.682,0,0
5695314,2,2.089722222222222,0.757,1,0
5698059,2,1.3083333333333333,2.166,1,0
5698353,2,12.810277777777777,0.333,0,0
5700030,2,2.048611111111111,0.102,1,0
5700434,2,5.028888888888889,0.028,1,0
5700435,2,1.6322222222222222,0.175,1,0
5700582,2,3.1,0.81,1,0
5701431,2,0.46416666666666667,0.154,1,1
5701868,2,1.1916666666666667,0.498,0,1
5701899,2,2.1075,1.112,1,0
5702042,2,9.02111111111111,0.249,1,0
5703069,2,2.7283333333333335,0.143,1,0
5703474,2,0.5502777777777778,0.483,0,0
5703506,2,2.1036111111111113,0.023,0,1
5703666,2,28.475,1.151,0,0
5704713,2,1.3583333333333334,0.417,0,0
5708193,4,2.7508333333333335,0.168,1,1
5709001,2,2.7605555555555554,1.497,1,1
5709243,2,17.325,0.403,0,1
5709876,2,3.973888888888889,0.096,1,0
5709934,2,4.275,0.588,0,0
5711007,2,2.105,0.153,1,1
5711212,2,1.45,1.103,0,0
5711213,2,0.7666666666666667,1.257,0,0
5711469,2,2.078333333333333,0.06,1,0
5711475,2,1.3558333333333332,0.721,0,0
5711950,2,0.1,0.117,0,0
5712279,2,2.1825,0.479,1,0
5712431,2,2.1530555555555555,0.102,0,0
5712432,2,1.8416666666666666,1.732,0,0
5712577,2,2.0858333333333334,0.225,1,0
5713019,2,3.1461111111111113,0.633,1,0
5713042,2,5.465,0.473,1,0
5713264,2,9.185833333333333,0.294,1,1
5713822,2,2.2472222222222222,0.479,0,0
5717106,2,2.2333333333333334,0.102,1,0
5718040,2,2.1077777777777778,0.37,1,0
5718834,2,2.037777777777778,0.383,0,0
5719065,2,2.1783333333333332,0.25,0,0
5719140,2,2.805277777777778,0.075,0,1
5719394,2,1.3527777777777779,0.083,0,0
5720367,2,4.777777777777778,3.12,1,0
5720493,2,1.3683333333333334,0.01,1,0
5720505,2,0.4583333333333333,0.336,1,0
5720559,2,0.9908333333333333,0.386,1,0
5721055,2,2.7952777777777778,1.139,0,0
5721089,2,0.4141666666666667,0.104,1,1
5721541,2,2.1083333333333334,0.257,1,1
5721813,2,1.3383333333333334,0.17,1,1
5722236,2,14.300277777777778,0.168,1,1
5723926,2,5.673611111111111,2.021,1,0
5724752,2,0.3861111111111111,0.276,1,1
5727709,2,6.8036111111111115,0.606,1,0
5727974,2,2.2866666666666666,0.077,0,0
5728355,2,1.1333333333333333,1.071,0,0
5728356,2,2.1619444444444444,0.025,0,0
5729952,2,3.035,0.035,1,1
5730493,2,1.471111111111111,0.181,0,0
5730974,2,6.426666666666667,0.134,1,1
5730975,2,7.581944444444445,0.135,1,1
5731262,2,1.3955555555555557,0.078,1,1
5735074,2,2.1194444444444445,0.33,1,0
5735443,2,0.35833333333333334,0.296,1,1
5735684,2,14.921944444444444,0.006,1,1
5736095,2,9.057222222222222,0.487,1,1
5736185,2,0.45055555555555554,0.473,0,0
5736473,2,5.5505555555555555,1.146,1,0
5737953,2,0.44,0.715,1,0
5737954,2,0.4666666666666667,0.441,0,0
5737955,2,1.6888888888888889,1.396,1,0
5741235,2,2.346388888888889,0.053,1,1
5741552,2,0.3333333333333333,0.21,0,0
5741796,2,0.36666666666666664,0.838,0,0
5741925,2,1.875,0.526,0,0
5742292,2,3.3,0.7240000000000001,0,0
5744290,2,2.7516666666666665,1.501,1,0
5744559,2,1.368611111111111,0.945,1,0
5745156,2,2.5922222222222224,0.058,0,0
5745188,2,2.4269444444444446,0.117,1,1
5746705,2,2.149722222222222,0.087,1,0
5747676,2,1.8975,0.733,1,0
5747977,2,2.0341666666666667,0.197,1,1
5747988,2,2.0508333333333333,0.13,1,0
5749322,2,14.189722222222223,0.11,0,1
5750522,2,0.5416666666666666,0.37,1,0
5750525,2,2.149722222222222,0.121,1,1
5750703,2,8.099166666666667,2.844,1,0
5751848,2,1.0833333333333333,0.354,1,0
5752230,2,0.3630555555555556,0.101,1,1
5753562,2,10.786944444444444,0.11,1,0
5754703,2,0.20833333333333334,0.043,0,0
5754835,2,0.43333333333333335,0.334,0,1
5755072,2,11.9025,2.95,0,0
5755495,2,0.35833333333333334,1.042,1,0
5758645,2,1.3697222222222223,0.077,1,0
5759338,4,3.2994444444444446,0.17,1,1
5759683,2,3.7569444444444446,0.58,1,0
5760136,2,2.1069444444444443,0.02,1,0
5760280,2,0.4,1.765,0,0
5761775,2,0.34305555555555556,0.27,1,0
5761797,2,3.1597222222222223,2.463,1,0
5762433,2,10.754722222222222,0.745,0,0
5762974,2,4.767777777777778,0.422,1,0
5763402,2,1.8569444444444445,0.093,0,0
5764079,2,1.1916666666666667,1.85,0,0
5765044,2,2.38,0.742,1,0
5765349,2,2.0661111111111112,0.092,1,1
5765499,2,4.020833333333333,1.218,0,0
5767675,2,0.9583333333333334,0.5589999999999999,0,0
5768906,2,0.21666666666666667,0.182,0,0
5769406,2,2.1255555555555556,1.558,1,0
5769407,2,3.0830555555555557,0.452,1,0
5769951,2,1.9916666666666667,0.527,0,0
5770585,2,4.329722222222222,1.88,1,0
5771132,2,1.4916666666666667,0.732,0,0
5771223,2,0.6166666666666667,0.584,1,0
5771470,2,0.3333333333333333,1.139,0,0
5772272,2,0.65,0.858,1,0
5772373,2,5.487222222222222,0.779,1,0
5772560,2,9.873333333333333,2.082,1,0
5776489,2,1.375,0.134,1,0
5777161,2,1.381388888888889,0.113,0,0
5777339,2,2.098888888888889,0.685,1,0
5779895,2,5.2683333333333335,2.677,1,0
5779995,2,2.086388888888889,0.057,1,0
5780292,2,2.4580555555555557,1.2990000000000002,1,0
5781200,2,2.1919444444444443,0.186,1,0
5781879,2,2.743888888888889,1.91,1,0
5783258,2,0.3416666666666667,0.264,0,0
5783446,2,9.516944444444444,0.294,1,1
5784092,2,2.187777777777778,0.148,1,1
5784239,2,2.8536111111111113,0.102,0,0
5784280,2,0.9083333333333333,1.078,0,1
5784659,2,9.438333333333333,3.006,1,0
5784992,2,0.8169444444444445,0.5720000000000001,1,0
5785419,2,2.036111111111111,0.215,1,0
5785669,2,2.1355555555555554,0.027,1,0
5785958,2,0.7916666666666666,1.045,0,0
5786325,2,2.1019444444444444,0.838,1,0
5786566,2,0.37777777777777777,0.204,1,0
5786567,2,2.0277777777777777,0.144,0,0
5787389,2,1.4402777777777778,0.194,1,1
5787707,2,1.2769444444444444,2.221,1,0
5787708,2,12.549444444444445,2.112,0,1
5787810,2,37.36055555555556,0.249,0,1
5787929,2,0.6352777777777778,1.149,1,0
5788255,2,2.315,0.095,0,1
5789362,2,0.43333333333333335,0.411,1,0
5789693,2,3.796388888888889,0.469,1,0
5790426,2,11.808055555555555,0.7170000000000001,1,0
5790565,2,2.183333333333333,0.865,0,0
5790874,2,1.3566666666666667,0.068,0,0
5791164,2,2.0625,0.102,1,0
5791535,2,4.166666666666667,0.334,1,0
5791536,2,3.767777777777778,1.105,1,0
5792222,4,185.32055555555556,0.064,1,1
5794449,2,2.2391666666666667,0.422,0,0
5795606,2,2.2955555555555556,0.087,1,0
5795778,2,2.1461111111111113,0.11,1,0
5795840,2,2.8297222222222222,0.05,1,1
5796154,2,0.35,0.1689999999999999,1,1
5796194,2,2.0516666666666667,0.212,1,1
5796246,2,13.922777777777778,1.4269999999999998,0,0
5797115,2,2.258888888888889,0.104,1,1
5800036,2,2.1216666666666666,0.11,1,0
5800037,2,1.416111111111111,0.087,1,1
5800097,2,1.4577777777777778,0.231,0,0
5800983,2,2.933333333333333,0.94,1,0
5801057,2,0.8916666666666667,0.184,0,1
5805661,2,1.433888888888889,1.369,1,0
5807660,2,2.118611111111111,0.116,1,0
5807698,2,1.666388888888889,1.295,0,0
5807745,4,170.8563888888889,0.033,0,1
5808257,2,4.6561111111111115,2.077,1,1
5808463,2,13.329444444444444,2.476,0,0
5809350,2,3.818611111111111,1.404,1,1
5809752,2,9.589166666666667,0.696,0,0
5810871,2,2.154166666666667,0.066,0,0
5811278,2,53.0,0.8190000000000001,1,0
5812101,2,0.3433333333333333,0.311,0,0
5812238,2,2.063888888888889,0.742,0,0
5812801,2,4.255277777777778,2.905,1,0
5813119,2,0.39361111111111113,0.355,1,0
5813461,2,2.0480555555555555,1.345,0,0
5813817,2,2.087222222222222,0.253,0,0
5813818,2,2.120277777777778,1.286,1,0
5813819,2,2.196388888888889,0.004,1,0
5814819,2,2.433611111111111,1.471,1,1
5816137,2,7.149166666666667,0.259,1,1
5817074,2,0.225,0.179,0,0
5817429,2,5.258333333333334,2.925,1,1
5817456,2,10.69361111111111,1.122,1,0
5817469,2,0.6166666666666667,0.5760000000000001,0,0
5817796,2,9.5825,0.286,1,1
5817829,2,6.121111111111111,0.575,1,0
5817911,2,2.1930555555555555,0.17,1,1
5818715,2,1.7458333333333333,0.328,1,0
5818879,2,13.490277777777777,1.258,0,0
5819372,2,1.3333333333333333,0.511,0,0
5819464,2,18.308333333333334,1.477,0,0
5819901,2,2.5755555555555554,1.7009999999999998,0,0
5819967,2,2.2980555555555555,0.033,1,0
5820568,2,1.5252777777777777,0.089,0,0
5821005,2,1.5433333333333332,1.332,1,0
5821178,2,2.624722222222222,0.552,1,0
5821737,2,13.147777777777778,0.441,1,0
5822931,2,12.647777777777778,0.59,0,1
5825983,2,2.108888888888889,0.11,1,0
5827663,2,2.5327777777777776,0.036,1,1
5827820,2,0.5166666666666667,0.728,0,0
5827895,2,2.65,1.515,0,0
5828527,2,5.088611111111111,0.953,1,0
5828906,2,8.955,0.621,1,0
5828907,2,11.960277777777778,0.441,0,0
5828972,2,13.238611111111112,0.301,0,1
5829011,2,12.04861111111111,0.885,1,0
5829638,2,1.2394444444444443,0.148,1,1
5830549,2,0.3333333333333333,0.251,1,1
5830616,2,0.3333333333333333,0.186,1,1
5830767,2,8.40638888888889,0.019,1,0
5831479,2,1.7072222222222222,1.477,0,0
5832261,2,2.0969444444444445,0.019,1,1
5832728,2,2.115,0.057,0,1
5833336,2,11.28,1.5590000000000002,1,0
5834346,2,1.356111111111111,0.05,0,1
5835999,2,1.8125,0.966,0,0
5836100,2,2.1622222222222223,0.027,1,0
5836242,2,2.241111111111111,0.05,0,0
5836380,2,3.6283333333333334,2.247,1,0
5836381,2,4.218333333333334,4.63,1,0
5836593,2,0.4336111111111111,0.189,1,0
5837015,2,14.547222222222222,3.151,0,0
5837181,2,1.5269444444444444,1.629,1,0
5838348,2,0.4666666666666667,0.3670000000000001,0,0
5838476,2,3.1041666666666665,2.4730000000000003,1,0
5838622,2,2.1847222222222222,0.058,1,0
5839186,2,1.3869444444444445,0.058,1,0
5839188,2,2.2130555555555556,0.295,1,0
5839189,2,2.274722222222222,0.042,1,0
5839190,2,2.430833333333333,0.05,1,0
5839682,2,2.078333333333333,0.294,1,0
5840528,2,14.002222222222223,0.11,0,1
5840664,2,3.55,0.265,0,0
5840665,2,3.3,1.045,0,0
5840666,2,14.35138888888889,2.906,1,1
5841105,2,4.9,1.432,1,0
5841106,2,19.35,2.151,0,0
5841470,2,2.2941666666666665,0.042,1,0
5842012,2,2.0766666666666667,0.074,0,0
5842840,2,2.1655555555555557,0.197,1,1
5843191,2,1.1002777777777777,1.19,1,0
5843192,2,0.36666666666666664,0.469,0,0
5847154,2,3.565,3.56,1,0
5849929,2,2.16,0.211,1,0
5849972,2,2.328611111111111,0.285,1,0
5850725,2,0.3333333333333333,0.245,0,0
5850870,2,1.1666666666666667,1.406,0,0
5851176,2,1.388611111111111,0.7559999999999999,0,1
5851631,2,4.683333333333334,0.525,0,0
5851632,2,3.05,0.478,0,0
5851896,2,2.1825,0.077,1,0
5852091,2,2.126388888888889,0.293,1,0
5852801,2,2.0355555555555553,0.121,1,1
5852867,2,0.3416666666666667,0.136,1,1
5852940,2,1.4513888888888888,0.037,1,1
5853065,2,2.1125,0.248,1,0
5853269,2,10.733333333333333,0.7659999999999999,0,0
5853580,2,2.198888888888889,0.293,1,0
5854205,2,0.21055555555555555,0.742,1,0
5854690,2,4.094722222222222,2.399,1,0
5854915,2,2.0880555555555556,0.089,1,1
5855288,2,5.409722222222222,0.275,0,0
5855842,2,0.3416666666666667,0.3229999999999999,1,0
5856562,2,4.707222222222223,0.05,1,1
5857748,2,2.7672222222222222,0.596,1,0
5857943,2,2.2030555555555558,0.16,1,0
5861435,2,0.43333333333333335,1.765,0,0
5862203,2,0.3630555555555556,0.34,1,1
5863111,2,0.35,0.293,0,0
5864198,2,1.0594444444444444,0.186,1,1
5864205,2,0.5563888888888889,0.722,1,0
5865385,2,0.8416666666666667,1.102,1,0
5865454,2,2.1983333333333333,0.6459999999999999,0,0
5866053,2,2.0838888888888887,0.121,1,1
5866438,2,2.105,0.018,0,0
5866708,2,1.5747222222222221,0.545,0,0
5867259,2,2.3194444444444446,0.096,1,0
5867586,2,2.2333333333333334,0.193,1,1
5867959,2,0.3597222222222222,0.342,0,1
5868501,2,2.07,0.193,1,1
5868719,2,0.3516666666666667,0.385,1,0
5870486,2,0.35888888888888887,0.336,1,1
5870687,2,0.3333333333333333,1.139,0,0
5872085,2,2.086388888888889,0.147,1,0
5872735,2,0.5733333333333334,1.632,1,0
5873522,2,2.0325,0.171,1,1
5873523,2,16.223333333333333,0.107,0,1
5873704,2,2.03,0.161,0,1
5875156,2,5.415277777777778,0.253,1,0
5875440,2,2.1444444444444444,0.03,0,0
5876769,2,0.43166666666666664,0.182,1,1
5877344,2,2.2258333333333336,0.075,1,1
5877724,2,2.5633333333333335,0.5489999999999999,0,0
5878172,2,1.3352777777777778,0.444,1,0
5879342,2,2.0588888888888888,0.388,1,0
5879860,2,0.3655555555555556,0.5760000000000001,1,0
5879885,2,18.0275,0.303,0,0
5880202,2,5.438055555555556,2.924,1,1
5882360,2,5.051111111111111,0.237,0,0
5882417,2,5.487222222222222,1.109,1,0
5882518,2,25.058333333333334,0.971,0,0
5883616,2,0.3411111111111111,0.409,1,0
5883941,2,5.935555555555555,0.034,1,1
5884655,2,5.830277777777778,0.489,1,0
5887230,2,0.1986111111111111,0.934,1,0
5887395,2,4.215277777777778,0.467,1,0
5887734,2,3.6280555555555556,3.3480000000000003,1,0
5888478,2,8.674166666666666,1.85,1,0
5888489,2,2.0655555555555556,0.212,1,1
5889306,2,2.0425,0.106,1,1
5889480,2,0.48333333333333334,0.291,0,0
5890005,2,0.715,0.195,1,0
5890501,2,2.7333333333333334,1.493,0,1
5891059,2,0.8225,0.479,0,1
5891080,2,11.114722222222222,3.479,0,0
5892207,2,0.21666666666666667,0.253,1,1
5892760,2,1.0830555555555557,0.638,1,0
5893949,2,1.9205555555555556,0.024,1,1
5894133,2,0.4,0.381,1,1
5894222,2,5.579722222222222,0.561,1,0
5894273,2,1.3597222222222223,0.325,1,0
5894657,2,0.35,0.636,0,0
5895518,2,2.0591666666666666,2.296,1,0
5896663,2,0.6644444444444444,0.305,1,1
5897171,2,1.4236111111111112,0.053,0,0
5898756,2,1.7666666666666666,0.97,0,0
5899034,2,0.39166666666666666,0.496,0,0
5900070,2,2.173888888888889,0.051,0,0
5900392,2,0.3641666666666667,0.189,1,0
5901854,2,1.7341666666666666,0.149,1,0
5902107,2,14.1075,1.024,0,0
5902365,2,8.242222222222223,1.485,1,0
5902366,2,2.1144444444444446,0.186,1,0
5902936,2,0.4525,0.1369999999999999,1,0
5903063,2,0.6666666666666666,0.949,1,0
5903267,2,16.80611111111111,0.08,0,0
5903837,2,2.023888888888889,0.057,1,0
5904333,2,5.725833333333333,2.82,1,0
5906632,2,1.3133333333333332,1.765,0,0
5907397,2,7.323055555555555,0.514,1,1
5907627,2,1.0333333333333334,0.334,0,0
5908683,2,0.3902777777777778,0.154,1,1
5910010,2,3.5530555555555554,0.176,1,1
5910190,2,13.908333333333333,2.364,0,0
5910500,2,6.423055555555556,0.664,1,0
5911177,2,4.115,2.125,1,0
5911564,2,5.1786111111111115,1.4369999999999998,1,0
5912855,2,8.108888888888888,1.844,0,1
5913579,2,1.383888888888889,0.035,1,0
5914184,2,1.8108333333333333,0.068,0,0
5914462,2,2.256388888888889,0.621,1,0
5915154,2,9.185833333333333,0.225,1,0
5915257,2,5.070555555555556,1.7280000000000002,1,0
5915267,2,1.523611111111111,0.122,1,0
5917008,2,12.533888888888889,0.357,0,0
5917413,2,0.175,0.258,1,0
5917492,2,5.588888888888889,1.564,1,0
5917569,2,0.3422222222222222,0.463,1,0
5917777,2,5.777777777777778,0.134,1,1
5917919,2,10.75,0.588,1,0
5917945,2,2.441666666666667,1.714,0,1
5919168,2,3.665,0.568,1,0
5919291,2,7.015555555555555,0.052,1,1
5919592,2,2.022777777777778,0.069,1,0
5919691,2,1.4577777777777778,1.756,1,0
5919692,2,1.3352777777777778,0.203,1,0
5921102,2,6.779722222222222,2.166,1,0
5921159,2,0.35,0.307,1,0
5921283,2,12.439722222222223,0.621,1,0
5921345,2,2.0533333333333332,0.139,1,0
5921584,2,2.8919444444444444,0.976,1,0
5922184,2,10.754722222222222,0.71,0,0
5922352,2,16.27611111111111,0.452,0,1
5922465,2,0.35,1.126,1,0
5922865,2,17.216666666666665,0.383,0,0
5923211,2,2.0866666666666664,0.269,0,0
5923302,2,2.1197222222222223,0.062,1,0
5923303,2,2.1238888888888887,1.558,1,0
5923778,2,0.55,1.758,0,1
5924313,2,2.167777777777778,0.132,0,0
5925918,2,1.4194444444444445,0.115,0,1
5925919,2,2.4380555555555556,0.838,1,0
5928510,2,4.735277777777778,1.765,1,0
5929052,2,0.3333333333333333,0.142,1,1
5929518,2,2.2416666666666667,0.204,0,0
5929537,2,0.7416666666666667,0.411,1,0
5929548,2,2.2830555555555554,0.099,1,0
5929733,2,1.768888888888889,0.009,1,0
5929844,2,2.1577777777777776,0.118,0,0
5931033,2,3.825,1.88,0,0
5931108,2,2.1566666666666667,0.024,1,1
5931516,2,39.54361111111111,2.8,0,0
5931623,2,13.3275,0.19,0,1
5931648,2,16.05527777777778,0.104,0,1
5933480,2,1.65,0.387,0,0
5934642,2,3.065,0.398,1,0
5934834,2,1.075,0.735,0,0
5935051,2,1.1583333333333334,0.693,0,0
5935186,2,2.026111111111111,0.294,1,0
5935354,2,0.45,0.336,1,0
5935514,2,1.396111111111111,0.052,0,1
5936344,2,10.063611111111111,1.419,1,0
5938092,2,2.663611111111111,3.175,1,0
5938169,2,0.21666666666666667,0.117,0,0
5938637,2,7.911388888888889,0.259,1,1
5938917,2,2.808333333333333,0.308,1,0
5940918,2,14.275,1.386,1,0
5942214,2,0.3333333333333333,1.071,1,0
5942946,2,2.3280555555555558,0.181,1,0
5942947,2,4.491388888888889,0.737,1,0
5944536,2,2.0269444444444447,0.147,1,0
5945828,2,0.7,1.045,0,0
5946368,2,2.4947222222222223,0.115,0,1
5946549,2,0.3522222222222222,0.388,1,0
5947953,2,1.5,1.273,1,1
5947966,2,4.114444444444445,3.923,1,0
5947967,2,14.718333333333334,2.187,0,0
5949518,2,2.9658333333333333,0.115,1,0
5950410,2,4.996944444444445,0.028,1,0
5950598,2,3.165,2.199,1,0
5950599,2,0.3333333333333333,1.139,0,0
5950954,2,2.232222222222222,0.147,1,0
5951452,2,1.3630555555555555,1.483,1,0
5951811,2,2.1233333333333335,0.121,1,1
5952183,2,2.328611111111111,0.09,1,0
5952197,2,2.3975,0.014,1,0
5952552,2,1.4513888888888888,0.017,1,0
5952837,2,1.125,0.624,1,0
5952878,2,2.111666666666667,0.197,1,1
5952956,2,12.39611111111111,0.851,1,0
5952974,2,2.25,1.86,0,0
5953436,2,13.240555555555556,0.438,0,1
5954622,2,3.4269444444444446,3.614,1,1
5957030,2,4.258333333333334,0.727,0,0
5957691,2,5.6786111111111115,0.606,1,0
5957966,2,2.1994444444444445,0.118,1,0
5958049,2,3.839166666666667,0.096,1,0
5958751,4,175.98694444444445,0.168,1,1
5959076,2,2.105,0.126,1,0
5959156,2,0.6,0.271,1,0
5959846,2,2.1502777777777777,0.307,1,0
5959951,2,2.1955555555555555,0.027,1,0
5960039,2,1.0144444444444445,1.851,1,0
5960675,2,3.191666666666667,1.976,0,0
5963680,2,2.1369444444444445,0.225,1,0
5963866,2,0.5,0.433,0,0
5964222,2,0.3586111111111111,0.293,1,0
5966894,2,3.908333333333333,0.556,0,0
5967076,2,1.7583333333333333,2.185,0,0
5967181,2,2.196111111111111,0.09,1,0
5967182,2,39.081944444444446,0.132,0,0
5967507,2,4.21,0.838,1,0
5968937,2,1.353611111111111,0.017,1,0
5968938,2,1.708888888888889,0.029,1,0
5969124,2,2.1375,0.362,1,0
5969490,2,3.1855555555555557,0.7020000000000001,0,0
5969617,2,9.11888888888889,0.294,1,1
5972242,2,7.085555555555556,1.406,1,0
5972773,2,2.2152777777777777,0.388,1,0
5973498,2,1.4525,2.862,1,0
5973749,2,2.0744444444444445,0.324,1,0
5973966,2,28.591666666666665,0.875,0,0
5975142,2,0.45,1.064,1,0
5975143,2,5.9158333333333335,1.106,1,0
5976126,2,0.8883333333333333,0.234,1,0
5976197,2,0.3416666666666667,0.341,0,0
5976641,2,0.42694444444444446,0.52,1,0
5976790,2,3.7511111111111113,1.579,0,0
5977198,2,1.7105555555555556,0.133,1,0
5977199,2,1.8855555555555557,0.015,0,0
5977548,2,0.475,0.343,0,0
5978301,2,0.4083333333333333,1.225,0,0
5980409,2,4.64,0.0819999999999999,1,1
5980528,2,2.980277777777778,0.035,1,1
5980781,2,1.425,0.772,0,0
5981367,2,0.34444444444444444,0.3720000000000001,1,0
5981886,2,8.988888888888889,0.249,1,0
5982082,2,6.3625,0.134,1,1
5983100,2,0.5,0.249,0,0
5987183,2,0.5977777777777777,0.532,1,0
5988039,2,0.8491666666666666,1.776,1,0
5988169,2,3.7308333333333334,0.096,1,0
5988849,2,4.214166666666666,0.127,0,0
5989278,2,4.519722222222223,0.7709999999999999,1,0
5989873,2,1.5158333333333334,0.238,1,0
5989905,2,1.3716666666666666,0.33,1,0
5990597,2,1.3263888888888888,0.092,0,0
5990820,2,16.391666666666666,0.738,1,0
5990935,2,4.047777777777778,0.17,1,1
5990995,2,3.5405555555555557,1.23,1,1
5991012,2,18.75,1.477,0,0
5991935,2,2.5661111111111112,0.051,1,1
5991994,2,2.0411111111111113,0.197,1,1
5993179,2,1.3719444444444444,0.05,1,1
5993537,2,2.123611111111111,0.102,1,0
5996350,2,2.286111111111111,0.058,0,0
5996466,2,2.2091666666666665,0.107,1,0
5996720,2,3.3666666666666667,0.949,0,0
5997498,2,2.3894444444444445,0.232,1,1
5999147,2,2.0808333333333335,0.737,0,0
6000192,2,2.035277777777778,0.148,1,1
6001155,2,19.35,2.015,0,0
6004238,2,1.9858333333333333,0.051,1,1
6004632,2,10.0375,0.11,1,0
6004862,2,0.3491666666666667,0.389,1,0
6004944,2,0.4666666666666667,1.765,0,0
6005416,2,0.6833333333333333,2.166,1,0
6005907,2,1.6275,1.765,1,0
6006485,2,0.3416666666666667,0.531,0,1
6007168,2,5.554444444444444,2.14,1,0
6007169,2,1.7119444444444445,0.6829999999999999,1,0
6008689,2,5.009722222222222,0.988,1,0
6008969,2,11.0875,2.094,0,0
6009046,2,0.35833333333333334,1.139,0,0
6011637,2,2.145,0.147,1,0
6011699,2,3.1416666666666666,1.515,1,0
6011983,2,1.9,0.349,0,1
6013070,2,0.4166666666666667,0.392,1,0
6013973,2,1.5058333333333334,0.657,0,0
6015093,2,2.5705555555555555,0.092,1,1
6016404,2,1.2872222222222223,1.6869999999999998,1,0
6016798,2,3.2916666666666665,1.113,0,1
6016799,2,2.775,1.07,1,0
6017550,2,1.3622222222222222,0.171,0,0
6018786,2,2.0836111111111113,0.05,1,0
6019284,2,8.177777777777777,0.019,1,0
6019361,2,2.576388888888889,0.236,1,1
6019996,2,0.5166666666666667,0.5329999999999999,0,1
6020362,2,6.825,1.91,1,0
6020959,2,6.511388888888889,2.039,0,1
6021448,2,7.032222222222222,1.272,1,0
6021733,2,9.777222222222223,0.809,0,0
6021734,2,5.533333333333333,1.19,0,0
6022202,2,5.650555555555556,0.525,0,0
6022239,2,1.6930555555555555,0.023,1,1
6022374,2,3.5902777777777777,0.6779999999999999,1,0
6022375,2,6.408611111111111,1.126,1,0
6022700,2,0.8833333333333333,0.5920000000000001,0,0
6023449,2,0.65,0.784,1,0
6023881,2,1.7091666666666667,1.558,1,0
6024651,2,2.0216666666666665,0.966,1,0
6024839,2,0.18333333333333332,0.376,0,0
6024854,2,2.0213888888888887,0.187,1,0
6025907,2,1.1175,0.203,1,0
6026026,2,2.1141666666666667,0.087,1,0
6026867,2,4.047777777777778,1.508,1,0
6026966,2,0.9419444444444445,0.1369999999999999,1,0
6027180,2,2.7416666666666667,1.006,0,0
6028076,4,2.098611111111111,0.024,0,0
6028556,2,16.145555555555557,5.546,0,0
6028566,2,3.5841666666666665,0.657,0,0
6028787,2,4.558055555555556,1.793,0,0
6032557,2,0.48333333333333334,0.188,1,0
6032560,2,1.15,0.74,0,0
6033434,2,0.8083333333333333,1.2819999999999998,1,0
6034176,2,0.35,0.264,0,0
6034832,2,1.225,0.525,1,0
6034842,2,5.259444444444444,2.911,1,1
6035053,2,0.6833333333333333,0.473,0,0
6035288,2,4.155277777777778,0.077,1,0
6036424,2,0.7666666666666667,0.873,0,0
6036461,2,2.0705555555555555,0.3229999999999999,0,0
6036716,2,0.4075,0.351,1,0
6036788,2,2.2330555555555556,0.027,1,0
6037180,2,16.838333333333335,0.08,0,0
6037779,2,0.3333333333333333,0.33,0,0
6040231,2,4.720277777777778,0.711,1,0
6040477,2,2.183333333333333,0.193,0,1
6040554,2,3.931111111111111,0.056,1,1
6042113,2,2.175,1.109,0,0
6042573,2,1.4397222222222221,0.37,1,0
6043485,2,7.506388888888889,0.396,1,0
6043984,2,2.033888888888889,0.1639999999999999,1,0
6044200,2,19.325,2.221,1,0
6045646,2,0.3416666666666667,0.525,0,0
6047793,2,0.7333333333333333,0.469,1,0
6048290,2,2.2591666666666668,0.117,1,1
6048632,2,4.056666666666667,2.185,1,0
6048974,2,0.35,0.496,0,1
6049133,2,2.0905555555555555,0.613,0,0
6049134,2,1.3758333333333332,1.295,1,0
6049388,2,1.1869444444444444,1.163,1,0
6049859,2,1.7266666666666666,0.066,1,0
6050029,2,15.775277777777777,0.161,0,1
6050059,2,0.3663888888888889,0.288,1,0
6050136,2,7.106388888888889,0.721,1,0
6050878,2,4.251388888888889,2.177,1,1
6051010,2,2.0775,0.193,0,1
6051859,2,2.623611111111111,0.184,0,1
6052128,2,2.0572222222222223,0.111,1,0
6053053,2,1.4577777777777778,1.756,1,0
6053669,2,2.1166666666666667,0.65,1,0
6053740,2,2.1844444444444444,0.144,1,0
6054287,2,2.1572222222222224,0.354,0,1
6054288,2,2.983611111111111,0.11,1,0
6054578,2,16.258333333333333,0.363,0,0
6054846,2,4.463055555555556,0.92,1,0
6055891,2,1.3627777777777779,0.76,1,0
6056036,2,0.45944444444444443,0.433,1,0
6056252,2,1.4211111111111112,0.033,1,1
6056370,2,1.478611111111111,1.6869999999999998,1,0
6057430,2,2.176111111111111,1.139,0,0
6057839,2,4.8775,1.548,1,0
6058909,2,0.4,0.7020000000000001,0,0
6058910,2,9.239444444444445,0.466,1,0
6058913,2,2.098333333333333,0.426,1,0
6059273,2,22.593888888888888,2.911,1,0
6059644,2,0.35,0.277,0,0
6059686,2,2.908333333333333,0.46,0,0
6059981,2,2.316666666666667,2.634,0,0
6061270,2,1.8519444444444444,1.087,1,0
6061556,2,2.0277777777777777,0.057,1,0
6061557,2,16.1575,0.107,0,1
6063486,2,1.656111111111111,0.25,1,0
6063772,2,2.2519444444444443,0.004,1,0
6066974,2,0.49777777777777776,0.401,1,0
6067007,2,0.4166666666666667,0.225,1,0
6068647,2,0.9916666666666667,0.292,0,0
6068954,4,2.7263888888888888,0.058,1,0
6069074,2,2.220833333333333,3.024,1,0
6072112,2,1.7158333333333333,0.495,1,1
6072153,2,1.7166666666666666,0.997,1,0
6072201,2,4.234444444444445,3.305,1,0
6072538,2,2.783888888888889,0.439,0,0
6072540,2,2.048611111111111,0.107,1,1
6072795,2,2.140277777777778,0.066,1,0
6073328,2,1.425,1.139,0,0
6073558,2,0.7416666666666667,0.441,0,0
6073787,2,0.3486111111111111,0.347,0,1
6075170,2,0.5916666666666667,0.595,1,0
6077576,2,1.4525,0.046,0,1
6078407,2,0.39166666666666666,0.243,0,0
6078659,2,1.0333333333333334,1.139,0,0
6082470,2,1.2625,0.413,1,1
6083177,2,0.5869444444444445,1.151,1,0
6083473,2,2.2,0.499,0,0
6083617,2,6.04,1.301,1,0
6083618,2,9.32638888888889,2.438,1,0
6083850,2,2.4305555555555554,0.116,0,0
6084325,2,11.28,1.4269999999999998,1,0
6084555,2,3.2408333333333332,0.019,1,0
6085669,4,1.4213888888888888,0.244,0,0
6086938,2,3.7575,0.096,1,0
6087852,2,0.3333333333333333,0.458,0,0
6087859,2,6.698333333333333,0.679,1,0
6088257,2,0.3333333333333333,1.6780000000000002,0,0
6089081,2,0.3333333333333333,0.316,1,0
6089186,2,13.891388888888889,1.6,0,1
6089435,2,0.6583333333333333,0.496,0,0
6090586,2,13.883333333333333,4.772,0,0
6090614,2,1.5566666666666666,0.04,1,0
6091084,2,0.5347222222222222,0.302,1,1
6091840,2,6.104166666666667,0.61,1,0
6093365,2,0.4666666666666667,1.765,0,0
6094467,2,2.106388888888889,0.146,0,0
6094943,2,0.55,0.652,0,0
6094944,2,0.6666666666666666,1.045,1,0
6095997,2,0.7166666666666667,0.785,0,0
6095998,2,1.0416666666666667,0.67,0,0
6096108,2,14.6525,0.168,1,1
6096820,2,2.07,0.215,1,0
6097050,2,2.5869444444444443,1.345,1,0
6097728,2,2.328888888888889,0.282,1,0
6100170,2,0.6477777777777778,0.873,1,0
6100547,2,2.108611111111111,0.136,1,1
6103703,2,2.115,0.11,1,0
6103771,2,3.2930555555555556,2.8760000000000003,1,0
6104149,2,1.8333333333333333,0.399,0,0
6104521,2,2.0391666666666666,0.057,1,0
6104847,2,2.65,0.248,1,0
6105462,2,2.193888888888889,1.139,1,0
6105470,2,4.75,6.1110000000000015,1,1
6106008,2,2.0341666666666667,0.107,1,1
6106190,2,1.175,1.104,0,0
6106201,2,2.269722222222222,0.242,1,0
6107446,2,2.578333333333333,0.05,1,1
6110282,2,14.291666666666666,1.449,0,0
6110960,2,2.2377777777777776,0.013,1,1
6111647,2,0.65,0.459,0,1
6114564,2,2.5216666666666665,1.694,1,0
6114580,2,1.375,0.298,0,1
6114982,2,1.5083333333333333,1.245,0,0
6114999,2,9.063055555555556,1.406,1,0
6115000,2,17.308333333333334,1.023,1,0
6115056,2,0.7683333333333333,0.089,1,1
6115277,2,3.5075,0.897,1,0
6115409,2,0.1,0.117,0,0
6116200,2,3.5922222222222224,0.017,1,1
6117065,2,4.338333333333333,0.054,1,1
6117437,2,2.0533333333333332,0.11,1,0
6117578,2,2.136111111111111,1.883,1,0
6117625,2,2.167222222222222,1.048,0,0
6117626,2,3.4316666666666666,2.9410000000000003,1,0
6118382,2,2.0894444444444447,0.118,0,0
6118838,2,2.499722222222222,1.94,1,0
6119565,2,2.0533333333333332,0.151,1,0
6125684,2,5.706388888888889,0.11,1,0
6126350,2,4.676111111111111,0.03,0,0
6127690,2,2.0588888888888888,0.388,1,0
6127983,2,0.6655555555555556,0.166,1,0
6128519,2,7.083611111111111,0.664,1,0
6128621,2,2.1766666666666667,0.838,0,0
6129159,2,0.2,0.649,1,0
6129238,2,0.4166666666666667,0.468,1,0
6129309,2,2.066388888888889,0.118,0,0
6130213,2,1.2166666666666666,0.246,0,0
6130848,2,3.5436111111111113,1.082,1,0
6131322,2,5.135,0.281,1,1
6131768,2,5.296944444444445,0.245,0,0
6132525,2,2.07,0.257,1,0
6133474,2,2.1902777777777778,0.197,1,1
6133536,2,4.835,0.185,1,1
6134217,2,1.4402777777777778,0.495,1,1
6135409,2,1.2916666666666667,0.271,0,0
6136227,2,0.3436111111111111,0.06,1,0
6137229,2,1.4666666666666666,0.445,0,1
6137542,2,6.971111111111111,1.002,1,0
6140516,2,2.1794444444444445,0.034,1,0
6140967,2,0.3416666666666667,0.37,1,0
6141253,2,2.1255555555555556,1.558,1,0
6141254,2,3.0830555555555557,0.452,1,0
6141700,2,0.21666666666666667,0.117,1,0
6142062,2,0.36666666666666664,0.92,1,0
6142205,2,5.684166666666667,0.194,0,0
6142304,2,0.6452777777777777,1.196,1,1
6142473,2,1.8158333333333334,2.283,1,0
6142489,2,17.866666666666667,1.371,0,0
6142550,2,1.25,0.593,0,0
6144306,2,8.734444444444444,0.469,1,0
6144646,2,4.980833333333333,0.606,1,0
6144659,2,7.258333333333334,0.965,1,0
6144706,2,5.318333333333333,0.797,1,0
6145016,2,1.7033333333333334,0.016,1,1
6145022,2,1.3869444444444445,0.186,1,0
6147520,2,0.7044444444444444,0.722,1,0
6147608,2,1.4419444444444445,0.244,1,0
6147657,2,5.723055555555556,0.67,1,0
6148006,2,2.225277777777778,0.02,0,0
6148073,2,2.0613888888888887,0.197,1,1
6149914,2,0.8166666666666667,0.286,1,0
6150135,2,2.8744444444444444,0.051,0,0
6151256,2,2.1008333333333336,0.118,0,0
6152210,2,3.9166666666666665,0.269,1,1
6152512,2,17.575,0.682,1,0
6153150,2,2.158611111111111,0.139,1,0
6153418,2,2.178611111111111,0.186,1,0
6154144,2,2.7355555555555555,1.122,1,0
6155302,2,2.1641666666666666,0.148,1,1
6156519,2,10.105277777777777,1.419,1,0
6156617,2,31.980555555555554,0.1,1,0
6156638,2,1.7641666666666667,0.0819999999999999,1,1
6156639,2,1.2969444444444445,0.5329999999999999,1,0
6156640,2,2.6166666666666667,1.403,0,0
6156641,2,2.252222222222222,0.146,1,0
6156642,2,2.1269444444444443,0.083,1,0
6156661,2,0.7,0.376,0,0
6157256,2,18.525,1.477,0,0
6157261,2,2.283888888888889,0.024,1,0
6157298,2,9.08611111111111,0.249,1,0
6157699,2,1.4583333333333333,3.303,0,0
6158497,2,12.649444444444445,0.163,0,0
6158914,2,4.131666666666667,2.017,1,0
6159488,2,1.5405555555555555,0.982,0,0
6160627,2,9.675555555555556,0.245,0,0
6161444,2,1.3427777777777778,0.117,1,0
6161790,2,7.787222222222222,0.249,1,1
6162344,2,2.4430555555555555,0.179,0,0
6162359,2,0.525,1.139,1,0
6162507,2,10.608333333333333,2.3,0,0
6162590,2,1.335,2.219,1,0
6162905,2,3.049722222222222,1.008,1,0
6163033,2,4.441388888888889,1.403,1,1
6163545,2,2.1355555555555554,0.11,1,0
6163885,2,4.62,3.224,1,0
6164341,2,1.4297222222222221,1.027,0,0
6166804,2,3.453888888888889,0.388,0,0
6167069,2,2.691666666666667,1.33,1,1
6167685,2,1.0030555555555556,0.494,1,1
6168334,2,2.3844444444444446,1.558,1,0
6168404,2,5.749444444444444,0.134,1,1
6168670,2,5.708333333333333,0.45,1,0
6168918,2,3.6394444444444445,0.496,1,0
6169890,2,7.241666666666666,0.965,1,0
6170103,2,0.3333333333333333,0.499,1,0
6170143,2,10.754722222222222,0.797,0,0
6170492,2,2.2516666666666665,2.452,1,0
6170960,2,13.490277777777777,1.359,0,0
6172057,2,3.4833333333333334,2.419,1,0
6173228,2,3.0105555555555554,0.6459999999999999,1,0
6173260,2,2.1147222222222224,0.269,0,0
6173754,2,2.15,0.4,0,0
6173952,2,3.4908333333333332,0.939,1,1
6174035,2,3.4544444444444444,0.053,0,1
6174581,2,5.115555555555556,3.2910000000000004,1,0
6175197,2,1.35,0.937,0,0
6175198,2,3.002222222222222,1.929,1,0
6175199,2,2.55,0.415,0,0
6175479,2,5.088611111111111,0.959,1,0
6177219,2,7.308333333333334,1.122,0,0
6178033,2,19.308333333333334,1.382,0,0
6178527,2,2.171388888888889,0.062,1,0
6179224,2,1.2527777777777778,0.402,1,0
6180193,2,0.44166666666666665,0.496,0,0
6180289,4,3.519722222222222,0.05,1,1
6180749,2,3.3738888888888887,0.068,0,0
6180750,2,51.958333333333336,0.872,0,0
6181454,2,2.3819444444444446,0.074,0,1
6181659,2,0.4083333333333333,0.241,1,0
6181794,2,2.149722222222222,0.525,0,0
6181795,2,1.3327777777777778,0.068,0,0
6183032,2,20.033333333333335,0.604,0,0
6183449,2,7.144166666666667,0.778,1,0
6183450,2,0.8833333333333333,1.1909999999999998,0,0
6183539,2,2.66,0.532,1,0
6183863,2,2.046111111111111,0.249,1,0
6183870,2,0.4,1.045,0,0
6184035,2,3.1033333333333335,0.081,0,0
6186428,2,0.34805555555555556,0.203,0,1
6186598,2,1.28,1.24,1,1
6187175,2,2.0844444444444443,0.094,1,0
6187920,2,2.0808333333333335,0.03,1,0
6188485,2,1.5230555555555556,0.051,1,1
6190956,2,2.3047222222222223,0.075,1,1
6191703,2,0.6833333333333333,0.716,0,0
6192208,2,2.1,0.52,1,0
6192209,2,5.198333333333333,2.778,1,0
6193779,2,1.7025,0.104,1,1
6193921,2,2.281388888888889,0.0819999999999999,0,1
6195563,2,2.5025,0.575,1,0
6196292,2,133.99166666666667,0.385,0,0
6200645,2,0.3416666666666667,0.772,0,0
6202102,2,5.717777777777778,3.109,0,0
6202799,2,0.6238888888888889,0.148,0,1
6202829,2,0.45361111111111113,0.212,1,1
6203030,2,0.3333333333333333,0.401,1,0
6205242,2,2.0094444444444446,0.203,1,0
6205815,2,1.6566666666666667,2.8710000000000004,1,0
6205901,2,5.377222222222223,0.7759999999999999,1,0
6206039,2,4.735833333333333,1.3,1,0
6207040,2,1.5202777777777778,0.257,0,0
6207507,2,16.558055555555555,0.08,0,0
6207592,2,0.48333333333333334,0.416,0,0
6208389,2,0.6897222222222222,0.9,1,0
6209816,2,2.1375,0.136,1,0
6210483,2,0.35,0.316,1,0
6210571,2,1.2225,0.328,1,0
6210711,2,1.3833333333333333,1.139,0,0
6210767,2,2.0658333333333334,1.742,1,0
6211553,2,4.275,0.615,0,0
6212808,2,0.975,0.617,1,0
6212954,2,3.812777777777778,0.096,1,0
6213832,2,0.39166666666666666,0.148,1,1
6214034,2,1.3711111111111112,0.99,0,0
6214213,2,0.7713888888888889,0.1369999999999999,1,0
6214683,2,0.5916666666666667,0.417,0,0
6215737,2,2.0441666666666665,0.315,1,0
6216618,2,8.016666666666667,1.122,1,0
6216659,2,6.713611111111111,0.334,1,0
6216704,2,16.004444444444445,0.33,0,1
6219377,2,8.547222222222222,0.8,1,0
6221223,2,4.557777777777778,0.845,1,0
6221871,2,1.508888888888889,1.045,1,0
6222065,2,8.05,3.325,1,0
6222066,2,0.6833333333333333,1.045,0,0
6222682,2,6.5872222222222225,2.486,0,0
6222786,2,2.0355555555555553,0.161,0,1
6223249,2,1.7708333333333333,0.8759999999999999,1,1
6223287,2,2.0330555555555554,0.696,0,0
6223329,2,2.055277777777778,0.388,1,0
6223814,2,2.0944444444444446,0.144,0,0
6223932,2,0.35638888888888887,0.056,1,1
6224574,2,9.175,4.011,0,0
6225055,2,2.4980555555555557,0.977,1,0
6225683,2,2.5219444444444443,0.46,0,0
6226048,2,1.6755555555555555,0.575,1,0
6226448,2,4.2,0.458,0,0
6226557,2,0.4666666666666667,1.011,1,0
6226558,2,13.540277777777778,1.406,0,0
6227105,2,2.168888888888889,0.102,1,0
6227895,2,0.44166666666666665,1.765,0,0
6227919,2,4.520555555555555,0.149,1,1
6228173,2,1.4636111111111112,0.015,0,0
6228580,2,2.075,0.388,0,0
6228628,2,1.4855555555555555,1.765,1,0
6229400,2,1.368611111111111,0.945,1,0
6229545,2,2.6219444444444444,0.242,1,0
6230394,2,2.1794444444444445,0.304,1,0
6230636,2,2.1030555555555557,0.044,0,0
6230710,2,11.078888888888889,1.406,0,0
6231367,2,1.3647222222222222,0.37,0,0
6231384,2,2.087222222222222,0.197,1,1
6231504,2,2.7416666666666667,1.807,0,1
6231637,2,1.833888888888889,0.258,1,0
6231834,2,1.0644444444444445,1.235,1,0
6231835,2,36.00944444444445,0.76,0,0
6231943,2,0.3411111111111111,0.293,0,0
6233260,2,2.14,0.043,1,1
6233819,2,0.1947222222222222,0.117,1,0
6233862,2,1.1177777777777778,0.353,1,0
6234171,2,3.039722222222222,0.867,1,0
6234456,2,8.692777777777778,0.249,1,0
6235317,2,3.543888888888889,0.4,1,0
6235318,2,5.3005555555555555,0.441,1,0
6235762,2,0.35,0.308,0,0
6236792,2,1.0583333333333333,0.696,0,1
6237417,2,16.233333333333334,0.5920000000000001,1,0
6238080,2,2.1169444444444445,0.0819999999999999,0,0
6240667,2,0.6511111111111111,0.286,1,0
6241111,2,7.726388888888889,0.259,1,1
6241237,2,2.6133333333333333,0.1,1,0
6241432,2,2.3916666666666666,0.737,0,0
6241721,2,1.3425,0.813,0,0
6242189,2,1.33,0.222,1,0
6242455,2,2.1855555555555557,0.193,0,1
6244199,2,2.555277777777778,0.674,1,0
6248125,2,2.2941666666666665,0.108,1,0
6249767,2,3.294722222222222,0.504,1,0
6250778,2,2.019722222222222,0.238,1,0
6250888,4,1.3747222222222222,0.138,1,1
6250894,2,3.870833333333333,0.211,1,1
6251680,2,0.9455555555555556,0.368,1,0
6252846,2,0.3333333333333333,0.453,1,0
6252943,2,2.0294444444444446,0.186,0,0
6255406,2,0.12833333333333333,0.24,1,0
6255824,2,2.4344444444444444,0.049,1,1
6255994,2,0.5666666666666667,0.618,0,1
6256564,2,14.341666666666667,1.25,0,0
6257564,2,9.885833333333334,1.8,1,0
6257638,2,0.3416666666666667,0.972,0,1
6258729,2,3.6294444444444443,0.034,1,1
6259042,2,1.7983333333333333,0.525,0,0
6259851,2,2.144722222222222,0.147,1,0
6259970,2,1.275,0.5379999999999999,0,0
6260503,2,1.7580555555555555,1.369,0,0
6260638,2,0.43333333333333335,0.275,1,0
6260711,2,1.4577777777777778,0.097,1,0
6261017,2,0.9041666666666667,0.232,1,1
6261088,2,2.285277777777778,0.5589999999999999,0,0
6261607,2,2.4894444444444446,0.045,0,0
6261640,2,2.3469444444444445,0.978,1,0
6261998,2,1.8602777777777777,1.619,0,0
6262545,2,0.9363888888888889,0.525,1,0
6264584,2,18.591666666666665,0.677,1,0
6264585,2,18.491666666666667,0.722,1,0
6266060,2,10.76,2.237,1,0
6266409,2,15.030833333333334,0.148,0,1
6267387,2,3.5330555555555554,0.076,1,0
6267978,2,1.1166666666666667,0.514,0,0
6268075,2,6.455277777777778,0.297,1,0
6270439,2,1.5152777777777777,0.292,1,0
6270806,2,2.576388888888889,0.236,1,1
6271708,2,5.092222222222222,0.019,1,0
6272847,2,3.15,0.897,0,0
6273180,2,1.0983333333333334,0.413,1,1
6273489,2,10.75,0.557,1,0
6274232,2,0.1,0.117,0,0
6274291,2,2.127222222222222,0.05,1,0
6275215,2,15.413611111111111,2.519,0,0
6283356,2,12.886111111111111,1.345,0,0
6283804,2,2.2197222222222224,0.197,1,1
6284612,2,2.2330555555555556,0.147,1,0
6285242,2,3.806111111111111,0.077,1,0
6285567,2,6.301111111111111,0.019,1,0
6285609,2,4.079444444444444,0.705,1,1
6286958,2,5.200833333333334,1.557,1,1
6287284,2,2.117777777777778,0.044,1,0
6287445,2,0.3333333333333333,0.599,1,0
6287926,2,8.858055555555556,0.621,1,0
6289212,2,6.1925,1.465,1,0
6289623,2,9.705277777777777,0.245,0,0
6289737,2,3.5444444444444443,1.359,1,0
6289888,2,1.448888888888889,0.134,1,1
6290573,2,0.21666666666666667,1.711,0,0
6290923,2,1.4025,0.227,0,0
6291081,2,0.45,0.369,1,0
6291202,2,1.7338888888888888,1.6130000000000002,1,0
6291754,2,14.091666666666667,2.782,0,0
6293092,2,4.953055555555555,0.308,1,0
6293230,2,2.0405555555555557,0.171,1,1
6293350,2,14.858333333333333,1.039,0,0
6293605,2,2.140833333333333,0.317,1,0
6294133,2,4.510277777777778,1.806,1,0
6294156,2,3.595,0.056,1,1
6294556,2,6.266666666666667,2.707,0,0
6295074,2,0.6577777777777778,0.128,1,1
6295689,2,5.105,3.5810000000000004,1,0
6295911,2,2.376388888888889,0.295,1,0
6296303,2,2.118611111111111,0.0069999999999999,1,1
6296458,2,1.1258333333333332,0.172,1,0
6297031,2,1.3680555555555556,0.11,1,0
6298209,2,0.36666666666666664,0.139,1,0
6299119,2,0.44166666666666665,0.117,1,0
6299348,2,15.956666666666667,1.641,0,0
6299349,2,6.55,2.527,0,0
6299967,2,17.875,0.937,0,0
6303306,2,0.3333333333333333,0.4320000000000001,1,1
6303917,2,5.423333333333333,1.8,1,0
6304131,2,2.0383333333333336,0.012,0,0
6304586,2,1.1869444444444444,1.24,1,0
6304685,2,12.41,0.301,0,0
6304771,2,12.936111111111112,2.4530000000000003,0,0
6304880,2,3.667222222222222,1.891,0,1
6304884,2,0.8594444444444445,0.662,1,0
6304885,2,5.176666666666667,0.6,1,0
6304888,2,16.341666666666665,0.802,1,0
6305257,2,16.283333333333335,0.356,0,0
6305336,2,1.783611111111111,2.33,0,0
6305386,2,4.490277777777778,0.988,1,0
6305388,2,1.5333333333333334,1.139,0,0
6307501,2,0.625,0.624,1,0
6307700,2,2.0391666666666666,1.471,1,1
6307874,2,9.252777777777778,0.294,1,1
6308099,2,0.5044444444444445,0.1369999999999999,1,0
6308100,2,1.3880555555555556,0.144,1,0
6308591,2,3.8944444444444444,0.3670000000000001,1,0
6309161,2,1.323888888888889,1.32,0,0
6309792,2,2.1519444444444447,0.426,1,0
6310409,2,0.535,0.102,1,0
6310777,2,3.015833333333333,1.442,1,0
6310787,2,1.5041666666666667,0.063,1,0
6310788,4,1.6172222222222221,0.041,0,0
6310789,2,1.3977777777777778,0.937,0,0
6310790,2,2.0925,0.097,0,0
6310791,2,1.7483333333333333,0.092,1,0
6310792,2,2.1591666666666667,0.083,1,0
6310793,2,4.897222222222222,3.399,1,0
6310907,2,2.13,0.076,1,1
6311493,2,4.233611111111111,3.027,1,0
6312072,2,4.385277777777778,3.714,1,0
6312876,2,1.4558333333333333,0.0819999999999999,0,0
6315104,2,0.5666666666666667,0.838,0,0
6315845,4,2.700833333333333,0.084,0,0
6315846,2,13.356388888888889,0.8009999999999999,1,0
6315847,2,2.5205555555555557,0.324,0,0
6316171,2,2.798888888888889,0.058,1,0
6316189,2,1.7291666666666667,0.723,1,0
6316311,2,0.5244444444444445,0.508,1,0
6316802,2,0.4083333333333333,0.37,1,0
6318695,2,2.1355555555555554,0.18,0,1
6318746,2,5.558333333333334,1.62,0,0
6318747,2,6.28,0.381,1,0
6318849,2,1.4725,0.004,1,0
6319119,2,2.056111111111111,0.118,0,0
6320311,2,11.2,1.082,0,0
6321547,2,6.480277777777777,0.257,1,0
6322204,2,9.449722222222222,0.294,1,1
6322262,2,1.6244444444444444,0.795,0,0
6322572,2,0.4166666666666667,0.459,1,0
6323057,2,2.0308333333333333,0.087,1,0
6323226,2,1.7158333333333333,0.495,1,1
6323507,2,1.3725,0.017,1,0
6323695,2,3.7675,3.389,1,0
6324199,2,1.3219444444444444,0.066,1,0
6325145,2,5.141666666666667,0.836,1,0
6325637,2,1.3869444444444445,0.111,1,0
6326131,2,2.2075,0.02,0,1
6326473,2,0.8938888888888888,0.501,0,0
6327212,2,2.9530555555555558,0.0819999999999999,1,1
6327261,2,2.1591666666666667,0.1689999999999999,1,1
6327802,2,4.603611111111111,4.413,1,0
6329463,2,2.5091666666666668,1.558,1,0
6331975,2,2.14,0.865,1,1
6332383,2,1.8125,0.966,0,0
6332550,2,2.4719444444444445,1.497,1,1
6332732,2,4.809444444444445,0.231,0,1
6333281,2,11.28,1.423,1,0
6334558,2,9.306111111111111,0.621,0,0
6334873,2,2.2416666666666667,0.485,0,0
6334967,2,8.263055555555555,0.275,1,0
6335382,2,0.3411111111111111,0.334,1,0
6335458,2,3.999722222222222,0.096,1,0
6336460,2,2.138333333333333,0.197,1,1
6337111,2,3.9,0.982,1,0
6337122,2,0.35833333333333334,0.215,0,0
6337221,2,1.5,0.675,1,0
6337402,2,2.492777777777778,0.479,0,0
6338088,2,3.69,3.56,1,0
6339187,2,6.581388888888889,0.647,1,0
6339239,2,2.11,0.479,1,0
6339653,2,2.3494444444444444,0.08,0,1
6339748,2,2.4122222222222223,0.7390000000000001,1,1
6340251,2,2.6305555555555555,0.212,0,0
6342088,2,2.3794444444444443,0.97,0,0
6342408,2,12.841666666666667,1.776,1,0
6343951,2,5.333333333333333,0.937,0,0
6344556,2,1.7022222222222223,0.531,0,0
6344898,2,14.033333333333333,1.602,1,0
6345604,2,8.75,0.243,1,0
6345762,2,1.2847222222222223,0.049,0,0
6345908,2,1.345,0.248,1,0
6346932,2,2.1758333333333333,0.025,1,0
6346993,4,1.3202777777777779,0.142,0,0
6348309,2,2.4091666666666667,0.885,0,0
6349600,2,3.4522222222222223,0.966,1,0
6350929,2,1.7583333333333333,1.483,0,0
6351587,2,13.175,0.7829999999999999,1,0
6351613,2,21.9,1.719,1,1
6351879,2,13.9175,2.7510000000000003,1,0
6351881,2,9.408333333333333,0.4,0,0
6351882,2,9.808333333333334,0.441,0,0
6352077,2,5.608333333333333,3.053,1,0
6352772,2,1.655,0.11,1,0
6353242,2,3.1355555555555554,0.094,0,0
6353825,2,3.866111111111111,0.05,0,1
6354210,2,6.1,2.8960000000000004,1,0
6355860,2,2.1216666666666666,0.084,1,1
6358479,2,1.4058333333333333,0.087,0,0
6358496,2,1.6816666666666666,0.051,0,1
6358685,2,3.3466666666666667,0.248,1,0
6359096,2,9.883333333333333,1.021,1,0
6359126,2,1.3463888888888889,0.01,1,0
6359127,2,1.3577777777777778,0.197,0,0
6359128,2,2.1641666666666666,0.024,1,0
6360234,2,1.7219444444444445,0.257,0,0
6360579,2,2.147777777777778,0.388,1,0
6361486,2,3.6902777777777778,0.475,1,0
6361487,2,1.3266666666666667,0.373,1,0
6363919,2,1.3502777777777777,0.144,1,0
6364087,2,9.15,1.7919999999999998,1,0
6364940,2,3.2583333333333333,0.363,0,1
6365133,2,1.3180555555555555,0.017,0,0
6367841,2,5.925,0.5710000000000001,1,0
6368902,2,3.5719444444444446,0.341,1,0
6369364,2,9.991666666666667,0.1639999999999999,1,0
6369663,2,2.908333333333333,0.484,1,0
6369664,2,14.716666666666667,0.802,1,0
6369936,2,11.248333333333333,1.8,1,0
6370612,2,6.113611111111111,0.61,1,0
6370630,2,2.7416666666666667,0.168,1,0
6370732,2,11.42388888888889,2.95,0,0
6371307,2,1.3155555555555556,0.114,0,0
6371308,2,1.3227777777777778,0.37,0,0
6371539,2,1.3230555555555557,0.062,0,0
6371758,2,4.1658333333333335,0.253,1,1
6374754,2,12.03138888888889,1.121,1,0
6375008,2,3.8419444444444446,0.11,0,0
6376561,2,3.2977777777777777,2.199,1,0
6379038,2,2.1841666666666666,0.084,0,1
6379674,2,1.3222222222222222,1.457,0,0
6382740,2,3.3666666666666667,4.332,1,0
6384608,2,2.2583333333333333,0.92,0,0
6386712,2,1.8133333333333332,0.126,1,0
6387468,2,2.388611111111111,0.215,0,0
6387469,2,2.5025,0.475,1,0
6388726,2,1.6702777777777778,0.399,0,0
6388963,2,2.363611111111111,0.531,0,0
6389041,2,1.475,0.539,0,0
6393227,2,1.9933333333333334,0.117,1,0
6393546,2,1.2083333333333333,0.588,1,0
6394766,2,1.7869444444444444,0.212,0,0
6395128,2,6.115833333333334,1.558,0,0
6396261,2,1.3058333333333334,0.701,1,1
6396649,2,1.6575,0.657,0,0
6396831,2,1.6841666666666666,0.128,0,0
6397217,2,9.542777777777777,1.766,1,0
6397816,2,8.717777777777778,0.161,1,0
6398544,2,1.705,1.139,0,0
6398770,2,1.8869444444444445,0.4320000000000001,0,0
6399613,2,1.6969444444444444,0.086,1,0
6399929,2,2.036111111111111,0.09,0,0
6399930,2,2.042222222222222,0.937,0,0
6400851,2,1.6358333333333333,1.139,0,0
6401006,2,1.8,0.5589999999999999,1,0
6401242,2,10.611944444444445,0.168,1,0
6403168,2,11.689444444444444,0.784,0,0
6403367,2,14.475,0.425,1,0
6403581,2,10.85388888888889,0.8540000000000001,1,0
6403951,2,1.3155555555555556,0.051,1,1
6405352,2,10.841666666666667,1.381,1,0
6405509,2,1.6927777777777777,1.558,0,0
6405976,2,1.7033333333333334,0.146,1,0
6407872,2,14.4,1.1909999999999998,1,0
6408233,2,1.075,0.409,1,0
6408824,2,2.2311111111111113,0.157,0,1
6408825,2,2.316666666666667,0.08,0,1
6411684,2,4.119166666666667,0.495,1,1
6412029,2,11.050833333333333,0.168,1,0
6413002,2,24.289722222222224,1.105,0,0
6413223,2,2.0769444444444445,0.148,0,0
6413409,2,1.3208333333333333,0.727,1,1
6413459,2,3.765,0.37,1,0
6414809,2,3.516111111111111,0.05,0,1
6417730,2,1.85,1.4280000000000002,0,0
6417839,2,2.3377777777777777,1.4280000000000002,0,0
6418357,2,2.1825,0.146,0,0
6418576,2,21.9,1.761,1,0
6418790,2,2.352222222222222,0.11,1,0
6419153,2,9.073333333333334,2.573,0,0
6419342,2,2.0166666666666666,0.051,1,1
6419343,2,1.4077777777777778,0.051,0,1
6420805,2,1.3511111111111112,0.051,0,0
6421367,2,2.024722222222222,0.479,1,0
6422347,2,1.423888888888889,0.017,0,0
6422508,2,5.144166666666667,1.491,0,0
6423445,2,2.542777777777778,0.127,1,0
6423587,2,2.551111111111111,1.558,0,0
6423863,2,6.608333333333333,1.492,1,0
6424589,2,11.93138888888889,1.617,1,0
6424609,2,36.79222222222222,0.1639999999999999,0,0
6424711,2,1.3302777777777777,0.388,1,0
6426575,2,14.866666666666667,1.95,1,0
6426907,2,2.138888888888889,0.028,0,0
6426908,2,1.5,1.165,0,0
6428035,2,1.3269444444444445,0.291,0,0
6428472,2,9.218333333333334,2.042,0,0
6432269,2,3.6508333333333334,0.475,1,0
6432688,2,1.33,0.084,1,1
6433268,2,6.0280555555555555,0.248,0,0
6433269,2,1.345,0.127,1,1
6434778,2,2.1444444444444444,1.139,0,0
6434998,2,11.075,1.294,1,0
6436946,2,12.581666666666667,1.611,1,0
6440326,2,11.025,0.258,1,0
6440488,4,1.8688888888888888,0.324,1,0
6440489,2,1.7397222222222222,0.6629999999999999,0,0
6441313,2,11.342222222222222,1.289,1,0
6441507,2,8.14861111111111,2.403,0,0
6441665,2,6.056111111111111,1.105,0,0
6441840,2,5.008333333333334,0.7829999999999999,1,0
6442572,2,2.0366666666666666,0.084,0,1
6442664,2,6.866666666666666,0.4920000000000001,1,0
6443961,2,2.95,0.616,1,0
6444966,2,2.1280555555555556,0.727,1,1
6445594,2,1.8688888888888888,0.928,1,0
6446251,2,0.9,0.433,0,0
6446421,4,3.516111111111111,0.05,0,1
6446603,2,1.3311111111111111,0.134,0,0
6446650,2,2.200833333333333,0.11,0,1
6447667,2,2.7291666666666665,0.118,0,0
6451410,2,1.3202777777777779,0.015,0,0
6452877,2,2.408333333333333,0.183,0,1
6453743,2,4.146111111111111,0.257,0,0
6453973,2,14.118333333333334,4.015,1,0
6454641,2,1.0,0.225,0,0
6455478,2,0.8666666666666667,0.11,0,1
6456659,2,1.3511111111111112,0.04,0,0
6457841,2,2.4166666666666665,1.935,1,0
6458564,2,1.313611111111111,0.037,0,0
6458860,2,1.4,0.413,0,0
6459669,2,3.2080555555555557,1.057,0,0
6459941,2,15.558333333333334,0.534,1,0
6460960,2,2.137777777777778,0.059,1,0
6461995,2,2.0194444444444444,1.139,1,0
6462990,2,2.120833333333333,0.183,0,0
6463196,2,1.2083333333333333,0.624,1,0
6464538,2,2.109166666666667,0.069,0,0
6464764,2,1.9933333333333334,0.117,1,0
6465017,2,1.3427777777777778,0.772,1,0
6465194,2,1.4366666666666668,0.212,0,0
6465730,2,3.1166666666666667,0.5329999999999999,1,1
6467105,2,1.4169444444444443,0.05,0,1
6469745,2,2.158888888888889,1.4,0,1
6470469,2,1.6358333333333333,1.139,0,0
6470548,2,2.993611111111111,0.251,1,0
6470900,2,4.15,0.475,1,0
6471302,2,1.3233333333333333,1.139,1,0
6471790,2,9.2625,1.818,1,0
6472125,2,4.891666666666667,1.931,0,0
6472433,2,2.8833333333333333,1.582,1,0
6472654,2,2.108888888888889,0.12,0,0
6472779,2,2.3894444444444445,0.08,1,0
6473284,2,1.77,0.051,0,1
6473654,2,2.1347222222222224,0.038,1,0
6473714,2,2.0241666666666664,1.751,0,0
6475125,2,11.041666666666666,1.126,1,0
6475171,2,5.544722222222222,0.1639999999999999,0,0
6475499,2,3.1908333333333334,0.017,0,0
6476509,2,1.6333333333333333,0.742,0,0
6479653,2,3.5,0.248,0,0
6480332,2,1.7333333333333334,1.483,0,0
6480379,2,8.933333333333334,0.441,0,0
6480413,2,4.588333333333333,0.763,0,0
6480435,2,2.6391666666666667,1.042,0,0
6480478,2,15.75,2.016,1,0
6480479,2,2.001388888888889,0.11,1,0
6480992,2,6.083333333333333,2.997,1,0
6481257,2,1.5,0.324,0,0
6481463,2,2.158333333333333,0.722,1,0
6481526,2,2.1294444444444443,0.479,1,0
6481943,2,2.0369444444444444,0.879,1,0
6482033,2,2.2244444444444444,0.074,1,0
6482034,2,1.353888888888889,0.157,0,1
6482588,2,1.7591666666666668,0.051,1,1
6482595,2,1.6897222222222221,1.483,1,0
6483281,2,2.027222222222222,1.483,0,0
6483444,2,1.3311111111111111,0.138,0,0
6483818,2,1.7752777777777777,0.292,0,0
6483862,2,21.9,1.7619999999999998,1,0
6484126,2,1.2083333333333333,0.374,1,0
6484250,2,5.453055555555555,0.1639999999999999,0,0
6485129,2,1.6702777777777778,0.399,0,0
6485333,2,7.258333333333334,0.412,0,0
6485988,2,1.6902777777777778,1.558,0,0
6486231,2,2.1394444444444445,0.22,1,0
6486472,2,1.7083333333333333,1.045,0,0
6486531,2,12.841666666666667,1.774,1,0
6486665,2,2.037777777777778,0.028,0,0
6488283,2,1.3586111111111112,0.325,1,0
6489077,2,0.8719444444444444,0.7929999999999999,0,0
6490011,2,1.675,0.049,0,0
6490795,2,2.5661111111111112,0.037,0,1
6491302,2,1.3397222222222223,0.146,0,0
6492174,2,2.0369444444444444,0.8009999999999999,1,0
6492835,2,1.3275,0.045,1,0
6492836,2,2.346388888888889,0.089,0,0
6492837,2,2.203333333333333,0.025,0,1
6493060,2,1.7261111111111112,0.148,0,0
6493064,2,14.140277777777778,2.246,1,0
6493249,2,8.90638888888889,2.221,0,0
6493630,2,1.7080555555555557,0.142,0,0
6493989,2,1.6244444444444444,1.125,1,0
6494314,2,23.075,0.219,0,0
6494895,2,1.3627777777777779,0.054,1,1
6494896,2,2.1372222222222224,0.099,0,1
6494971,2,2.411111111111111,0.142,1,0
6495163,2,1.3544444444444443,0.223,1,1
6496710,2,2.356388888888889,0.644,1,0
6497050,2,1.7644444444444445,0.657,0,0
6498062,2,2.798611111111111,0.7440000000000001,0,0
6498221,2,2.0069444444444446,1.139,1,0
6498849,2,1.355,0.07,1,0
6500228,2,1.3497222222222223,0.068,0,1
6500229,2,16.483333333333334,0.6729999999999999,1,0
6500240,2,1.3486111111111112,0.01,0,0
6500626,2,4.696944444444444,0.818,0,0
6500982,2,1.225,0.626,1,0
6501323,2,2.388611111111111,0.955,0,0
6501451,2,2.7327777777777778,0.373,1,0
6507014,2,2.1233333333333335,0.248,0,0
6507144,2,3.1294444444444443,1.471,0,1
6507923,2,1.5544444444444445,0.017,1,0
6508699,2,2.151388888888889,0.531,0,0
6509661,2,12.939166666666667,3.093,1,0
6511185,2,1.2847222222222223,0.049,0,0
6511567,2,1.8102777777777779,0.665,1,0
6512398,2,2.743888888888889,1.164,0,1
6512504,2,1.6997222222222221,0.025,1,0
6513396,2,9.883333333333333,0.243,1,0
6514285,2,4.503888888888889,0.11,0,1
6514295,2,11.84388888888889,2.063,0,0
6514864,2,2.3544444444444443,2.138,0,0
6516259,2,2.1530555555555555,0.966,1,0
6516422,2,4.146111111111111,0.257,0,0
6516593,2,1.3927777777777777,0.768,0,0
6519761,2,1.275,0.16,1,0
6523551,2,3.096111111111111,0.008,0,1
6523653,2,2.3691666666666666,0.059,1,0
6524164,2,1.3805555555555555,0.143,0,0
6525964,2,1.3702777777777777,0.044,0,0
6526038,2,1.25,1.071,0,0
6526353,2,37.91833333333334,1.224,0,0
6528124,2,1.2927777777777778,1.766,1,0
6528250,2,11.54861111111111,1.689,0,1
6528726,2,6.3,0.412,1,0
6530701,2,1.6741666666666666,1.751,0,0
6530871,2,3.825,1.699,1,1
6531629,2,5.205555555555556,1.457,0,0
6532299,2,3.7,0.855,0,0
6532876,2,0.8166666666666667,0.649,0,1
6532992,2,1.3269444444444445,0.17,0,1
6533253,2,3.0905555555555555,0.453,0,0
6534486,2,2.0244444444444443,0.183,0,0
6534574,2,1.3155555555555556,0.114,0,0
6534575,2,1.3072222222222223,0.37,0,0
6534883,2,1.3727777777777779,0.482,0,0
6535163,2,1.3166666666666667,0.069,0,0
6535164,2,1.6930555555555555,0.085,0,1
6535237,2,5.478055555555556,0.199,0,0
6536583,2,13.652222222222223,0.7,1,0
6536894,2,1.731111111111111,0.746,0,0
6537038,2,3.056388888888889,0.453,0,0
6537715,2,10.641666666666667,3.379,0,0
6537926,2,10.319166666666666,1.251,0,0
6538028,2,9.8,0.199,1,0
6538587,2,1.3066666666666666,0.253,1,0
6539945,2,3.064722222222222,0.341,1,0
6540048,2,2.7391666666666667,0.525,0,0
6540184,2,1.3530555555555555,0.017,1,0
6540218,2,3.5966666666666667,1.457,1,0
6540506,2,1.3311111111111111,0.211,1,0
6540507,2,1.3211111111111111,0.254,1,0
6540591,2,3.5719444444444446,0.251,1,0
6540870,2,2.132222222222222,0.09,1,0
6541630,2,1.3233333333333333,1.139,1,0
6541862,2,2.746111111111111,0.052,0,1
6541935,2,5.941666666666666,0.519,1,0
6546299,4,2.388611111111111,0.215,0,0
6546300,2,1.6897222222222221,1.483,1,0
6546815,2,1.2927777777777778,0.271,1,0
6547199,2,1.3694444444444445,0.426,1,0
6547219,2,1.8688888888888888,0.812,1,0
6547654,2,13.604722222222222,4.831,1,0
6547815,2,2.4805555555555556,0.578,1,0
6547873,2,6.291666666666667,0.307,0,0
6547958,2,33.83611111111111,0.141,1,1
6548232,2,3.0083333333333333,0.624,0,0
6548814,2,2.465,0.157,1,1
6550257,2,2.2,0.272,0,0
6550331,2,0.775,0.262,1,0
6552910,2,13.025,0.259,0,1
6553409,2,1.6736111111111112,0.865,0,0
6553468,2,1.3311111111111111,1.4280000000000002,0,0
6554477,2,24.438333333333333,0.134,0,1
6555479,2,2.116388888888889,0.128,0,0
6555526,2,3.4755555555555557,0.248,0,0
6555944,2,1.3419444444444444,0.226,1,0
6556222,2,2.2602777777777776,0.126,0,0
6556912,2,13.76,2.548,1,0
6557178,2,2.7847222222222223,0.092,0,0
6557219,2,1.6777777777777778,0.33,0,0
6557241,2,2.363611111111111,0.531,0,0
6559066,2,36.931666666666665,1.258,0,0
6559669,2,2.363611111111111,0.152,1,1
6560438,2,2.138611111111111,0.257,0,0
6561472,2,7.908333333333333,0.6759999999999999,1,0
6562004,2,16.241666666666667,1.354,0,0
6562017,2,5.796944444444445,0.588,0,0
6563102,2,12.841666666666667,0.737,1,0
6564857,2,4.208055555555555,0.038,0,0
6564915,2,13.355833333333333,5.943,1,0
6565133,2,2.036111111111111,0.09,0,0
6565134,2,3.1133333333333333,0.077,0,0
6565232,4,1.3275,1.483,0,0
6567275,2,1.3680555555555556,0.197,0,0
6568314,2,12.601111111111111,1.4,0,0
6569188,2,6.608333333333333,0.629,1,0
6570240,2,2.2533333333333334,0.281,0,0
6570612,2,1.7055555555555555,0.013,0,1
6570690,2,1.6927777777777777,1.558,0,0
6570964,2,1.3627777777777779,0.099,1,1
6571372,2,1.5916666666666666,0.879,1,0
6571492,2,1.8,0.605,1,0
6571516,2,2.1213888888888888,0.738,0,1
6574037,2,7.883333333333334,0.58,1,1
6574615,2,1.3541666666666667,1.139,0,0
6574672,2,19.130277777777778,0.737,0,0
6575163,2,2.27,0.084,1,0
6575511,2,7.45,0.163,0,0
6575636,2,7.241666666666666,0.171,1,1
6575692,2,0.8416666666666667,0.495,0,1
6576530,2,2.5341666666666667,0.037,0,0
6576531,2,2.405,0.604,0,0
6576532,2,2.1491666666666664,1.345,1,0
6576702,2,3.608611111111111,0.328,1,0
6579127,2,12.981111111111112,2.729,1,1
6579394,2,2.5833333333333335,0.257,1,0
6581903,2,2.356388888888889,0.37,0,0
6581975,2,4.5872222222222225,1.358,1,0
6582210,2,9.594444444444445,0.01,0,0
6582331,2,15.833333333333334,0.574,1,0
6583145,2,3.2916666666666665,0.907,0,0
6583369,2,2.569166666666667,0.5720000000000001,0,0
6584015,2,11.221944444444444,1.43,1,0
6584363,2,3.0844444444444443,0.047,0,0
6584419,2,22.461388888888887,1.025,1,0
6584652,2,17.67388888888889,0.071,1,1
6585409,2,3.216666666666667,2.166,0,0
6585943,2,2.446388888888889,0.014,0,0
6586348,2,2.669722222222222,0.295,0,0
6587169,2,8.266666666666667,1.463,1,0
6588135,2,20.825,0.742,1,0
6588786,2,2.8419444444444446,1.862,0,0
6589198,2,3.104722222222222,0.328,1,0
6589950,2,4.866944444444444,0.003,0,1
6590244,2,4.858333333333333,3.014,0,0
6590310,2,1.3152777777777778,0.028,0,0
6590419,2,15.791944444444445,3.388,1,0
6590600,2,19.641666666666666,0.454,1,0
6590719,2,1.3083333333333333,1.071,0,0
6590726,2,2.055277777777778,0.041,0,0
6590768,2,3.2,0.457,1,1
6591654,2,18.324444444444445,3.3480000000000003,1,0
6595775,2,5.133333333333334,0.7509999999999999,1,0
6596135,2,6.965,0.547,1,0
6596488,2,5.299444444444444,0.313,0,0
6596894,2,11.878055555555555,0.611,1,0
6597239,2,12.592222222222222,0.928,0,0
6597277,2,0.5166666666666667,0.5379999999999999,1,0
6597538,2,1.3880555555555556,0.4320000000000001,0,0
6597539,2,2.386388888888889,1.345,0,0
6597688,2,13.125,0.762,1,0
6598007,2,8.215833333333334,0.519,1,0
6598127,2,1.8972222222222221,0.12,1,0
6598564,2,11.1,0.55,0,0
6598598,2,14.024166666666666,2.002,1,0
6598777,2,5.775,0.434,0,0
6598778,2,5.533333333333333,0.7509999999999999,1,0
6598895,2,1.2166666666666666,1.4,0,1
6599300,2,8.856111111111112,0.056,0,0
6600165,2,9.404722222222222,0.352,1,0
6601166,2,1.3641666666666667,0.531,0,1
6602039,2,10.731388888888889,0.493,1,0
6602219,2,1.705,0.0069999999999999,0,0
6602233,2,8.462222222222222,0.139,1,0
6603613,2,3.078333333333333,0.18,0,0
6604377,2,2.1486111111111112,0.388,0,0
6605015,2,3.8025,0.013,0,0
6605410,2,5.074166666666667,0.034,0,1
6605778,2,14.358333333333333,0.531,1,1
6606069,2,2.0844444444444443,0.604,0,0
6606070,2,12.639444444444445,1.195,1,0
6606071,2,5.729722222222223,0.664,1,0
6606195,2,4.641666666666667,0.3670000000000001,1,0
6607257,2,105.21055555555556,0.362,1,0
6607512,2,8.797777777777778,1.758,0,0
6607563,2,2.495833333333333,0.084,0,0
6607941,2,1.6611111111111112,1.558,0,0
6608067,2,2.7666666666666666,0.604,0,0
6608068,2,2.5077777777777777,1.345,0,0
6608348,2,3.1141666666666667,0.084,0,0
6608361,2,2.158333333333333,0.117,1,0
6608805,2,2.917222222222222,0.908,1,0
6609166,2,6.2,0.434,0,0
6609167,2,10.1425,0.7709999999999999,1,0
6609361,2,1.7180555555555554,1.497,0,1
6610364,2,2.9522222222222223,0.019,0,1
6612162,2,4.308333333333334,0.474,1,0
6612434,2,5.7363888888888885,0.153,0,0
6612781,2,4.583333333333333,0.171,1,1
6612928,2,2.405,0.604,0,0
6612929,4,1.3827777777777779,1.345,1,0
6613004,2,7.641666666666667,1.271,1,0
6613023,2,15.008333333333333,0.706,1,1
6613134,2,2.058611111111111,1.471,0,1
6613451,2,2.1508333333333334,0.084,0,0
6613967,2,1.6930555555555555,0.291,0,0
6614369,2,4.258333333333334,1.558,1,0
6614668,2,18.2675,1.38,0,0
6614865,2,5.975,0.863,1,0
6614920,2,2.3425,0.075,1,0
6614921,2,2.234166666666667,0.015,0,0
6614984,2,4.541666666666667,0.237,1,0
6615330,2,1.4147222222222222,0.01,0,0
6615384,2,15.9,0.429,1,0
6615385,2,23.933333333333334,0.513,0,0
6616657,2,2.925,0.37,1,0
6616871,2,1.3530555555555555,0.049,0,0
6617340,2,11.251944444444444,0.37,1,0
6617518,2,4.844166666666666,0.052,1,1
6617898,2,11.741666666666667,0.742,1,0
6618204,2,19.130277777777778,1.025,0,0
6619099,2,15.741666666666667,0.768,1,0
6619110,2,1.8030555555555556,0.056,0,1
6619316,2,4.853888888888889,1.4,0,1
6619826,2,12.498888888888889,0.15,1,1
6619986,2,2.710277777777778,0.097,1,0
6620066,2,1.3083333333333333,1.048,0,0
6620406,2,1.3358333333333334,0.885,1,0
6621384,2,4.049444444444444,0.073,1,0
6621545,2,1.7916666666666667,0.392,0,0
6622415,2,2.85,0.399,1,0
6622862,2,1.6794444444444445,0.194,1,1
6623550,2,0.9083333333333333,0.966,1,0
6624843,2,4.0311111111111115,0.042,0,0
6625251,2,38.541666666666664,0.281,1,1
6625451,2,2.9766666666666666,0.197,0,0
6625982,2,7.841666666666667,0.722,1,0
6626227,2,11.201944444444445,0.37,1,0
6626568,2,1.3272222222222223,0.041,0,0
6626633,2,6.886666666666667,1.679,1,0
6626665,2,2.0441666666666665,0.072,0,0
6626666,2,2.1461111111111113,0.096,0,1
6626667,2,2.2913888888888887,0.014,0,1
6627523,2,8.869166666666667,1.796,0,0
6628144,2,8.08611111111111,0.565,1,0
6628437,2,10.516944444444444,0.452,1,0
6629741,2,8.5625,0.519,1,0
6630211,2,2.4275,1.497,0,1
6630520,2,6.075,1.806,1,0
6631474,2,1.3555555555555556,0.072,1,0
6631904,2,3.3844444444444446,0.546,0,0
6632078,2,7.233333333333333,1.7619999999999998,1,0
6632164,2,4.224722222222222,3.47,0,0
6632861,2,2.6094444444444442,0.202,0,0
6632884,2,1.75,0.924,1,1
6633686,2,1.361388888888889,0.4320000000000001,0,0
6633688,2,1.3272222222222223,0.942,0,0
6634288,2,1.3591666666666666,0.11,1,0
6634723,2,8.766666666666667,0.4320000000000001,0,0
6634724,2,4.795277777777778,0.4920000000000001,0,0
6635756,2,7.444166666666667,0.565,1,0
6635817,2,3.6005555555555557,0.604,0,0
6636182,2,2.7583333333333333,0.782,1,0
6636523,2,6.984166666666667,0.547,1,0
6636820,2,4.453333333333333,0.537,0,0
6637742,2,1.2083333333333333,0.258,1,0
6637756,2,11.878055555555555,0.607,1,0
6638249,2,9.01,0.519,1,0
6638804,2,1.1916666666666667,0.966,1,0
6638847,2,8.25,4.863,1,0
6639065,2,1.336111111111111,1.497,0,1
6639277,2,11.1,0.505,0,1
6639614,2,6.075,0.151,0,0
6639975,2,1.355,0.014,0,1
6640550,2,13.733333333333333,1.406,1,0
6640837,2,0.9083333333333333,0.37,1,0
6641323,2,2.3541666666666665,0.038,0,0
6641565,2,12.595277777777778,1.051,0,0
6642058,2,17.72833333333333,0.071,1,1
6642588,2,40.43,0.176,1,1
6642690,2,13.141666666666667,0.467,1,0
6642691,2,8.423055555555555,0.522,1,0
6642793,2,66.60944444444445,0.179,1,0
6643131,2,13.671944444444444,2.787,1,0
6643326,2,3.876388888888889,0.356,1,0
6643344,2,2.808333333333333,0.341,0,0
6643581,2,4.291666666666667,1.14,1,0
6643622,2,3.832222222222222,0.356,1,0
6644816,2,2.1172222222222223,1.558,0,0
6644883,2,9.353333333333333,0.623,1,1
6645479,2,2.933333333333333,0.838,1,0
6645599,2,89.27944444444445,0.225,1,0
6647553,2,1.3569444444444445,0.084,0,0
6647554,2,1.7766666666666666,0.604,0,0
6648068,2,2.405,0.594,1,0
6648069,2,2.6838888888888888,0.084,0,0
6648477,2,2.7066666666666666,0.095,0,1
6648478,2,2.966666666666667,0.78,1,1
6648631,2,14.52361111111111,0.764,1,0
6648911,2,2.0122222222222224,0.205,1,1
6649021,2,2.77,0.802,0,0
6649383,2,2.039722222222222,0.525,0,0
6649465,2,7.443888888888889,1.314,0,0
6649734,2,1.6216666666666666,1.517,0,0
6650508,2,2.0975,0.254,1,0
6650621,2,1.3258333333333334,0.162,0,0
6651043,2,1.2916666666666667,0.444,1,0
6651050,2,18.2675,1.02,0,0
6651301,2,3.0091666666666668,0.019,0,1
6651502,2,16.45,0.758,1,0
6651648,2,6.158333333333333,0.826,1,0
6652340,2,7.133333333333334,1.103,1,1
6652655,2,1.6916666666666667,0.383,1,0
6652725,2,2.3741666666666665,1.575,0,0
6653654,2,4.183333333333334,1.382,1,0
6654048,2,8.5,1.485,1,0
6655141,2,4.15,0.514,1,0
6655406,2,1.4316666666666666,1.497,0,1
6656174,2,1.721111111111111,1.4,0,1
6656327,2,14.233333333333333,0.317,1,0
6657209,2,2.408333333333333,0.37,1,0
6657413,2,1.0833333333333333,0.8340000000000001,1,0
6657573,2,11.251944444444444,0.37,1,0
6657939,2,20.391666666666666,0.942,1,0
6658213,2,1.5575,0.573,1,0
6658393,2,2.2408333333333332,0.084,0,0
6659043,2,20.625,1.139,1,1
6659044,2,2.19,0.028,1,0
6659045,2,2.053611111111111,0.604,0,0
6659046,2,1.3827777777777779,1.345,1,0
6659614,2,1.8030555555555556,0.056,0,1
6659729,2,2.7577777777777777,0.256,0,0
6659882,2,1.3047222222222221,0.189,1,1
6659898,2,1.9594444444444445,0.33,1,0
6660130,2,2.9280555555555554,0.728,1,0
6660176,2,15.825,0.669,1,0
6661594,2,11.266666666666667,2.834,1,0
6662218,2,2.7275,1.048,0,0
6662790,2,4.844166666666666,0.052,1,1
6663157,2,2.4319444444444445,0.15,1,0
6663915,2,2.386111111111111,0.142,0,0
6663934,2,4.752777777777778,0.102,0,0
6664537,2,7.783888888888889,1.973,0,0
6664577,2,65.72833333333334,0.179,1,0
6665441,2,2.2125,0.381,0,0
6665442,2,2.1430555555555557,0.484,1,0
6665443,2,2.1844444444444444,1.345,0,0
6666243,2,3.9877777777777776,0.171,0,1
6666789,2,4.4075,0.01,0,1
6666935,2,13.345833333333333,1.171,1,1
6666956,2,9.46861111111111,0.37,1,0
6667077,2,3.4155555555555557,0.0819999999999999,0,0
6667371,2,10.408333333333333,1.115,1,0
6667507,2,3.1194444444444445,0.014,0,1
6667991,2,1.951111111111111,0.5660000000000001,0,1
6672796,2,1.9666666666666666,1.32,1,0
6672823,2,1.5575,0.5710000000000001,1,0
6673093,2,1.3702777777777777,0.657,1,0
6673554,2,3.4972222222222222,0.345,0,1
6673942,2,1.69,1.045,0,0
6674053,2,11.1,0.579,0,0
6674840,2,1.3591666666666666,0.11,1,0
6676034,2,4.125555555555556,0.025,0,0
6676063,2,1.698611111111111,0.129,0,1
6676185,2,5.417222222222223,0.722,1,0
6676186,2,8.55,0.909,1,0
6678543,2,1.3880555555555556,0.4320000000000001,0,0
6678544,2,1.3272222222222223,0.942,0,0
6679319,2,2.0880555555555556,0.225,0,0
6679392,2,9.01,0.522,1,0
6679811,2,1.3469444444444445,0.077,1,1
6679963,2,11.1,0.471,0,1
6680098,2,13.35,0.98,1,0
6680546,2,16.483333333333334,1.289,1,0
6680803,2,2.147222222222222,0.352,0,0
6680804,2,1.3652777777777778,0.604,0,0
6680893,2,1.5,0.5770000000000001,1,0
6682696,2,40.608333333333334,0.233,1,0
6683230,2,9.44138888888889,0.352,1,0
6685009,2,2.21,0.033,0,0
6685267,2,14.165555555555555,0.15,1,1
6686355,2,11.99611111111111,0.234,1,1
6686621,2,4.583055555555555,0.248,0,0
6687269,2,42.37694444444445,0.176,1,1
6687350,2,1.7147222222222223,1.558,0,0
6687602,2,2.1505555555555556,1.544,1,0
6687614,2,1.3597222222222223,0.036,0,0
6687615,2,1.7975,0.604,0,0
6687616,2,2.168888888888889,0.037,0,0
6687794,2,2.283333333333333,0.084,0,0
6687795,2,2.428611111111111,0.594,1,0
6687796,2,2.158333333333333,0.331,1,0
6688173,2,1.6730555555555555,0.123,0,0
6688211,2,14.52361111111111,1.092,1,0
6688252,2,4.5375,0.103,0,1
6688712,2,17.12388888888889,0.875,1,0
6689107,2,1.3766666666666667,0.604,0,0
6689129,2,1.3477777777777777,0.774,0,0
6689364,2,5.708333333333333,0.353,1,0
6689457,2,2.875,0.966,1,0
6689980,2,6.926111111111111,1.477,0,0
6689981,2,3.140833333333333,1.483,0,0
6690580,2,3.6502777777777777,0.924,0,0
6690736,2,13.258611111111112,0.6779999999999999,1,0
6690737,2,16.958333333333332,0.52,1,0
6691332,2,1.8269444444444445,0.573,0,1
6692175,2,1.725,0.18,0,0
6693174,2,2.265833333333333,0.084,0,0
6693175,2,11.878055555555555,0.8,1,0
6693570,2,2.196111111111111,1.457,0,0
6694269,2,15.645833333333334,2.575,1,0
6694279,2,1.6666666666666667,1.483,0,0
6695079,2,1.5833333333333333,1.139,0,0
6696126,2,2.488611111111111,0.075,1,0
6696205,2,2.4411111111111112,0.058,1,0
6696827,2,17.49138888888889,0.742,0,0
6696831,2,4.7,2.422,1,1
6697122,2,11.958333333333334,0.544,1,1
6697823,2,1.3486111111111112,0.145,1,0
6698235,2,5.966666666666667,0.261,1,0
6698307,2,1.2583333333333333,1.071,1,0
6698357,2,0.85,0.258,1,0
6698358,2,9.033333333333333,0.8009999999999999,1,0
6699063,2,2.2083333333333335,0.604,0,0
6699219,2,4.145833333333333,0.052,1,1
6700344,2,2.7577777777777777,0.256,0,0
6700527,2,2.8088888888888888,0.942,1,0
6701268,2,5.883333333333334,0.171,1,1
6701384,2,89.2175,0.225,1,0
6701432,2,2.1455555555555557,0.095,0,1
6701515,2,2.7758333333333334,0.452,0,0
6701651,2,1.4166666666666667,0.518,1,0
6702024,2,11.201944444444445,0.37,1,0
6702132,2,13.458333333333334,0.675,1,0
6702441,2,1.396111111111111,0.444,0,0
6702523,2,1.676388888888889,0.129,1,0
6703774,2,5.475,0.251,1,0
6703891,2,2.4319444444444445,0.15,1,0
6703988,2,5.416666666666667,0.433,1,0
6704228,2,3.9877777777777776,0.171,0,1
6704617,2,0.7333333333333333,0.95,1,0
6704632,2,2.318888888888889,0.05,0,0
6704934,2,2.164722222222222,0.37,0,0
6705092,2,1.5272222222222223,2.097,0,0
6705937,2,11.433333333333334,0.742,1,0
6706017,2,2.850277777777778,1.048,0,0
6706239,2,1.0416666666666667,0.531,1,0
6706668,2,1.3555555555555556,0.466,1,1
6706911,2,1.1997222222222221,1.917,0,0
6707975,2,4.158333333333333,0.8029999999999999,1,0
6708571,2,7.043333333333333,0.565,1,0
6708998,2,2.4205555555555556,0.102,0,0
6709224,2,1.3372222222222223,0.736,0,0
6709322,2,2.45,1.071,0,0
6709525,2,2.4519444444444445,0.439,0,0
6710279,2,65.59166666666667,0.2,1,0
6710483,2,42.41416666666667,0.176,1,1
6710968,2,4.272222222222222,3.32,0,0
6711804,2,3.4047222222222224,0.053,0,0
6711914,2,1.7852777777777777,0.065,0,0
6712098,2,4.266111111111111,2.905,0,0
6712230,2,67.35138888888889,0.179,1,0
6712370,2,6.125,0.841,1,0
6712733,2,1.6944444444444444,0.78,1,0
6713654,2,1.6875,1.048,0,0
6714115,2,1.7694444444444444,0.902,0,0
6714443,2,1.3705555555555555,0.248,1,0
6714721,2,3.4972222222222222,0.345,0,1
6716007,2,1.35,0.194,1,1
6716282,2,12.592222222222222,1.289,0,0
6716343,2,6.4225,1.19,0,0
6716410,2,6.0777777777777775,0.006,0,1
6716594,4,3.232222222222222,0.049,1,1
6716814,2,11.901944444444444,0.7490000000000001,1,0
6716833,2,1.6572222222222222,0.077,0,1
6716834,2,1.7069444444444444,0.33,0,0
6717655,2,22.358888888888888,0.5710000000000001,1,0
6717836,2,17.61611111111111,0.071,1,1
6718949,2,18.563055555555554,5.119,1,0
6719014,2,2.5716666666666668,0.11,0,0
6719236,2,1.7138888888888888,0.4320000000000001,0,0
6719237,2,1.7555555555555555,0.469,0,0
6719483,2,3.2819444444444446,0.084,0,0
6719522,2,10.65,0.452,1,0
6720162,2,2.138333333333333,0.028,1,0
6720163,2,3.3152777777777778,1.345,1,0
6720267,2,39.425,0.176,1,1
6720491,2,3.205,0.084,1,0
6721302,2,13.142777777777777,3.324,1,0
6721303,2,1.376111111111111,0.133,0,0
6723256,2,2.2258333333333336,0.575,0,0
6723701,2,6.191666666666666,0.248,0,0
6724583,2,66.40194444444444,0.179,1,0
6725422,2,1.9697222222222222,2.989,0,0
6726009,2,2.1219444444444444,0.005,0,0
6726010,2,13.791666666666666,1.95,1,0
6726791,2,5.925,0.826,1,0
6727152,2,2.182777777777778,0.084,0,0
6727415,2,14.891666666666667,1.774,1,0
6727588,2,1.346111111111111,0.604,1,0
6727589,2,4.65,1.048,0,0
6727605,2,2.1891666666666665,1.558,0,0
6727783,2,0.9,0.324,1,0
6728030,2,8.7,0.604,1,0
6728031,2,20.608333333333334,1.945,1,0
6728744,2,4.666666666666667,1.045,1,0
6729026,2,7.266666666666667,0.248,0,0
6729184,2,14.52361111111111,1.051,1,0
6729431,2,6.4575,2.227,0,0
6730810,2,4.743888888888889,0.248,0,0
6730894,2,4.808333333333334,1.162,1,0
6730933,2,1.4008333333333334,0.033,0,0
6731427,2,3.9825,1.471,0,1
6732406,2,2.450277777777778,0.075,1,0
6732594,2,1.2083333333333333,1.3130000000000002,0,0
6732761,2,1.3677777777777778,0.101,1,1
6733633,2,5.791666666666667,0.171,1,1
6733925,2,6.253055555555555,0.117,0,0
6734097,2,9.741944444444444,2.366,1,1
6734176,2,11.741666666666667,0.742,1,0
6734478,2,1.355,1.345,1,0
6734553,2,13.408333333333333,0.561,1,0
6735819,2,0.9911111111111112,0.5710000000000001,1,0
6735947,2,11.903888888888888,0.452,1,0
6735988,2,23.908333333333335,0.758,0,0
6736175,2,2.9833333333333334,0.966,1,0
6736906,2,3.5319444444444446,0.48,0,0
6737691,2,1.7947222222222223,0.095,0,1
6737976,2,15.533333333333333,1.289,1,0
6738188,2,3.1416666666666666,0.966,1,0
6738283,2,10.044722222222223,0.7709999999999999,1,0
6738319,2,1.3488888888888888,0.01,0,0
6738403,2,0.9666666666666667,0.192,0,1
6738730,2,5.586388888888889,0.117,0,0
6741832,2,4.889444444444444,0.273,0,1
6742064,2,3.0122222222222224,0.104,0,1
6742906,2,2.495833333333333,1.048,0,0
6743083,2,1.676388888888889,0.129,1,0
6743178,2,17.825,0.495,1,1
6743186,2,2.308333333333333,1.071,0,0
6744298,2,3.8516666666666666,0.114,0,0
6744544,2,1.333611111111111,1.558,0,0
6744545,2,2.233611111111111,0.019,0,0
6744803,2,6.925,0.467,1,0
6745093,2,4.458333333333333,4.334,0,0
6745457,2,3.0283333333333333,0.439,0,0
6745550,2,2.0613888888888887,0.244,0,0
6745677,2,1.4694444444444446,1.345,0,0
6745678,2,1.3602777777777777,0.942,0,0
6746911,2,17.675,2.248,1,0
6747300,2,1.7333333333333334,1.457,0,0
6747455,2,2.0480555555555555,0.197,0,0
6747908,2,5.766666666666667,2.705,1,0
6749173,2,2.3225,0.056,0,0
6749396,2,3.506111111111111,0.029,0,1
6749712,2,1.6875,1.048,0,0
6750703,2,1.668611111111111,0.126,1,1
6751464,2,11.228055555555555,0.294,1,0
6752252,2,2.9833333333333334,0.013,0,0
6752253,2,7.225,0.266,1,1
6753396,2,2.0527777777777776,0.2,0,0
6753650,2,1.5416666666666667,1.186,0,0
6753698,2,1.5833333333333333,0.938,0,0
6754054,2,2.182777777777778,0.286,0,0
6754316,2,1.4833333333333334,0.146,1,0
6754562,2,17.699166666666667,0.071,1,1
6755152,2,2.2416666666666667,1.751,0,0
6755153,2,2.8697222222222223,0.021,0,0
6756396,2,11.766666666666667,1.624,1,0
6756397,2,0.6,1.054,0,0
6756822,2,1.6975,1.457,0,0
6757084,2,11.991666666666667,0.61,1,0
6757337,2,4.494166666666667,0.525,1,0
6757414,2,1.4358333333333333,0.065,0,0
6757465,2,0.8891666666666667,1.3630000000000002,0,1
6758020,2,2.7455555555555557,0.077,0,0
6758435,2,9.65,0.467,1,0
6758541,2,8.5,1.22,0,0
6758586,2,2.665277777777778,0.175,1,0
6758587,2,3.4455555555555555,0.441,0,0
6758705,2,4.333333333333333,0.604,1,0
6758888,2,4.677777777777778,0.006,0,1
6759655,2,9.125,3.013,1,0
6760224,2,6.333888888888889,0.561,1,0
6761414,2,3.9877777777777776,0.171,0,1
6761750,2,12.23,0.98,1,0
6761969,2,2.2675,0.33,0,0
6762266,2,1.3311111111111111,1.893,0,0
6762589,2,2.0858333333333334,0.377,0,0
6762744,2,1.986388888888889,0.04,0,0
6762745,2,1.3597222222222223,0.076,0,1
6762746,2,1.3569444444444445,0.102,0,0
6762747,2,1.3169444444444445,0.604,0,0
6762748,2,2.1666666666666665,1.017,1,0
6762953,2,12.65,1.711,1,0
6762987,2,1.3569444444444445,0.051,0,1
6763545,2,1.7727777777777778,0.102,0,1
6763634,2,1.7444444444444445,0.479,0,0
6764669,2,1.7583333333333333,0.6709999999999999,0,0
6765275,2,1.8416666666666666,2.285,0,0
6765623,2,2.049722222222222,0.295,0,0
6765701,2,0.7833333333333333,0.33,1,0
6766221,2,11.59361111111111,1.544,1,0
6766758,2,4.945,1.554,0,0
6767339,2,17.12388888888889,0.732,1,0
6767397,4,4.200555555555556,0.301,1,1
6767557,2,10.673333333333334,0.628,1,0
6767911,2,1.1916666666666667,0.248,1,0
6768097,2,1.6883333333333332,0.087,0,0
6768195,2,1.3416666666666666,0.8220000000000001,1,0
6768196,2,1.3502777777777777,0.042,0,0
6768197,2,3.102222222222222,0.604,0,0
6768405,2,2.237222222222222,0.084,0,0
6768460,2,2.308333333333333,1.418,1,0
6769980,2,6.910833333333334,0.522,0,0
6770030,2,8.05,0.784,0,0
6770081,2,1.7336111111111112,0.525,1,0
6770082,2,11.583333333333334,0.9,1,0
6770083,2,1.4013888888888888,1.345,0,0
6770084,2,1.3855555555555557,0.942,0,0
6770194,2,11.243611111111111,0.37,1,0
6770432,2,1.3802777777777777,0.3229999999999999,0,0
6770540,2,6.989722222222222,0.248,0,0
6770833,2,2.2258333333333336,0.899,0,1
6771371,2,3.7416666666666667,0.778,1,0
6771940,2,3.6,0.7509999999999999,1,0
6772403,2,2.443888888888889,0.621,0,0
6772437,2,3.0833333333333335,0.966,1,0
6772938,2,2.4697222222222224,0.075,0,0
6772939,2,3.1466666666666665,0.015,1,0
6772950,2,9.29138888888889,0.5920000000000001,1,1
6772951,2,9.122777777777777,0.763,1,0
6774190,2,1.3641666666666667,0.117,0,0
6774674,2,14.166666666666666,0.907,1,0
6775313,2,0.6666666666666666,0.33,1,0
6775362,2,2.1605555555555553,1.477,0,0
6776228,2,22.461388888888887,0.8540000000000001,1,0
6777860,2,11.52111111111111,2.616,1,0
6777973,2,2.693888888888889,0.076,0,0
6778851,2,0.8583333333333333,0.606,1,0
6779112,2,2.1594444444444445,0.184,1,0
6779378,2,3.3844444444444446,0.476,0,0
6779773,2,1.7727777777777778,0.794,0,0
6780952,2,2.6166666666666667,0.925,0,1
6781546,2,17.800555555555555,1.218,0,0
6782139,2,2.1397222222222223,0.942,0,0
6782301,2,1.406111111111111,0.019,0,0
6783181,2,13.691666666666666,1.57,1,0
6783465,2,11.3425,0.452,1,0
6783877,2,3.7666666666666666,0.579,0,0
6784925,2,17.99416666666667,1.269,0,0
6785108,2,3.506111111111111,0.029,0,1
6787565,2,2.3447222222222224,0.036,1,0
6787908,2,2.9097222222222223,0.118,0,0
6788416,2,11.983333333333333,0.41,0,1
6788417,2,15.25,0.6990000000000001,1,0
6788840,2,0.975,0.133,1,1
6788848,2,15.975,1.95,1,0
6788849,2,13.03138888888889,1.195,1,0
6788850,2,8.859166666666667,1.022,1,1
6788851,2,12.49,0.358,1,0
6789308,2,5.816666666666666,1.008,1,0
6789565,2,67.4825,0.179,1,0
6790023,2,2.6719444444444442,0.439,0,0
6790058,2,36.09166666666667,0.968,0,1
6790533,2,6.775277777777778,0.565,1,0
6791399,2,2.025,1.295,1,0
6791977,2,8.262777777777778,0.519,1,0
6791995,2,8.932777777777778,0.373,1,1
6792518,2,2.0527777777777776,0.2,0,0
6792854,2,7.276666666666666,0.483,1,0
6792992,2,1.4316666666666666,1.497,0,1
6793107,2,3.4072222222222224,0.081,0,1
6793679,2,1.7069444444444444,0.194,0,1
6793680,2,1.6794444444444445,0.33,1,0
6793798,2,6.936944444444444,1.406,0,0
6793852,2,4.018611111111111,1.689,0,1
6794521,2,1.3891666666666667,1.139,0,0
6795124,2,2.4005555555555556,1.457,0,0
6796853,2,1.6975,1.457,0,0
6798033,2,1.9333333333333333,0.305,0,0
6799197,2,3.2416666666666667,0.287,1,1
6799211,2,2.1708333333333334,1.444,0,0
6799217,2,22.358888888888888,0.742,1,0
6800346,2,2.8697222222222223,0.021,0,0
6800441,2,1.4044444444444444,1.679,0,0
6800481,2,87.525,0.275,1,0
6800717,2,1.3666666666666667,0.438,0,0
6800845,2,6.875,0.4920000000000001,1,1
6800846,2,2.3608333333333333,1.345,0,0
6800856,2,4.091666666666667,2.0,1,0
6801024,2,2.9741666666666666,1.328,0,0
6801070,2,2.1883333333333335,0.084,0,0
6801811,2,2.145277777777778,0.074,1,1
6801812,2,2.196111111111111,0.121,0,1
6802913,2,4.966666666666667,0.117,0,0
6803508,2,4.284722222222222,0.175,0,0
6803517,2,1.3486111111111112,0.278,1,0
6803733,2,7.575277777777778,0.068,1,1
6805062,2,3.3802777777777777,0.077,0,0
6805400,2,4.788611111111111,0.248,0,0
6805466,2,1.3502777777777777,0.042,0,0
6805691,2,1.318888888888889,0.003,0,0
6805698,2,2.4519444444444445,0.056,0,0
6806112,2,7.841666666666667,0.237,0,0
6806324,2,2.100277777777778,0.024,0,0
6806437,2,2.658333333333333,0.531,0,0
6807162,2,1.7297222222222222,0.377,0,0
6808144,2,67.05416666666666,0.204,1,1
6808166,2,1.7444444444444445,0.479,0,0
6808257,2,2.741388888888889,0.084,0,0
6808682,2,4.340277777777778,0.075,0,0
6808683,2,4.111944444444444,0.015,0,0
6808704,2,1.343611111111111,0.291,0,0
6809063,2,1.363888888888889,0.076,0,1
6809064,2,1.3533333333333333,0.604,0,0
6809374,2,5.258333333333334,0.7509999999999999,1,0
6809375,2,15.0,1.1909999999999998,0,0
6809376,2,5.508333333333334,0.4920000000000001,1,0
6809581,4,4.200555555555556,0.246,1,0
6810342,2,6.613333333333333,1.983,1,0
6810431,2,4.628611111111111,0.248,0,0
6810916,2,3.7416666666666667,0.8009999999999999,1,0
6811012,2,1.7027777777777777,1.4,0,1
6811013,2,1.3641666666666667,0.117,0,0
6811645,2,4.975,0.335,1,0
6811646,2,6.566111111111111,0.763,1,0
6811663,2,13.808333333333334,0.248,1,0
6811673,2,12.76388888888889,1.02,0,0
6811920,2,19.130277777777778,0.8540000000000001,0,0
6812089,2,1.0083333333333333,0.217,1,1
6812654,2,11.566666666666666,0.742,1,0
6812823,2,15.816666666666666,0.727,1,0
6812962,2,14.165555555555555,0.133,1,1
6813098,4,1.34,0.087,0,0
6813680,2,6.041666666666667,1.2819999999999998,1,1
6815222,2,8.539444444444445,0.244,0,0
6815490,2,13.833333333333334,0.855,1,0
6815574,2,2.6094444444444442,0.014,0,0
6815654,2,3.5652777777777778,0.02,0,1
6815936,2,13.408333333333333,0.5720000000000001,1,0
6816819,2,22.461388888888887,1.02,1,0
6817434,2,2.0166666666666666,0.117,1,0
6817950,2,3.2916666666666665,0.7170000000000001,0,0
6818380,4,1.3658333333333332,0.197,0,0
6818381,2,2.3669444444444445,0.109,1,0
6818805,2,4.866944444444444,0.003,0,1
6819678,2,2.7258333333333336,1.477,0,0
6819741,2,1.3055555555555556,0.114,0,0
6819972,4,4.851111111111111,0.475,0,0
6819973,2,6.380277777777778,0.565,1,0
6820430,2,89.18916666666667,0.225,1,0
6820517,2,9.316666666666666,0.391,1,0
6820730,2,2.4425,0.3229999999999999,1,0
6820852,2,8.925,3.75,1,0
6821017,2,1.3577777777777778,0.37,0,0
6821122,2,12.568888888888889,1.082,1,0
6821517,2,2.3202777777777777,0.014,0,1
6821954,2,14.766666666666667,1.011,1,0
6822815,2,15.575,0.344,1,0
6822816,2,13.041666666666666,0.514,1,0
6823328,2,15.87111111111111,3.093,1,0
6823887,2,7.841666666666667,0.705,1,0
6824733,2,8.108333333333333,1.588,1,0
6825615,2,2.7577777777777777,0.202,0,0
6825945,2,3.3916666666666666,2.315,0,0
6826386,2,1.7305555555555556,0.4320000000000001,0,0
6826387,2,1.3272222222222223,0.942,0,0
6826792,2,1.9333333333333333,0.239,0,0
6826793,2,7.144166666666667,0.565,1,0
6826956,2,13.35,0.841,1,0
6826998,2,41.181666666666665,0.176,1,1
6827384,2,1.5416666666666667,1.558,0,0
6827939,2,3.7416666666666667,1.558,1,0
6828017,2,15.3,0.8009999999999999,1,0
6828101,2,20.691666666666666,1.95,1,0
6828204,2,1.708888888888889,0.125,0,0
6828734,2,4.154444444444445,0.196,0,0
6832194,2,1.3272222222222223,0.6629999999999999,0,0
6832195,2,2.107222222222222,0.812,1,0
6832985,2,7.136111111111111,1.3119999999999998,0,0
6833310,2,11.683333333333334,0.652,0,0
6833312,2,12.108888888888888,0.44,1,1
6833486,2,1.6916666666666667,1.139,1,0
6833599,2,14.289444444444445,0.795,1,0
6833798,2,13.671388888888888,2.9730000000000003,1,0
6834497,2,4.483333333333333,3.668,1,0
6834751,2,14.233333333333333,0.217,1,0
6835003,2,1.4044444444444444,1.679,0,0
6835244,2,1.7138888888888888,0.316,0,0
6835389,2,3.622777777777778,0.546,1,0
6836437,2,2.72,0.308,1,0
6838639,2,10.15,1.226,0,0
6838705,2,2.1286111111111112,0.33,0,0
6838706,2,2.125277777777778,0.194,1,1
6838888,2,1.0916666666666666,0.321,0,0
6839145,2,2.8594444444444442,0.315,0,0
6839449,2,4.628333333333333,0.049,1,1
6840765,2,2.4922222222222223,0.084,1,0
6841153,2,40.341944444444444,0.176,1,1
6841190,2,37.425,0.728,1,0
6841460,2,4.2,0.075,0,0
6842194,2,10.15,1.126,0,0
6842733,2,5.028611111111111,0.094,0,0
6842927,2,1.3705555555555555,0.117,1,0
6843040,2,3.4455555555555555,0.441,0,0
6843135,2,5.908333333333333,0.677,1,0
6843266,2,2.242777777777778,0.034,0,1
6843316,2,7.926944444444445,1.6230000000000002,0,0
6843517,2,13.991666666666667,1.57,1,0
6843844,2,1.325,0.124,0,0
6843940,2,1.2997222222222222,1.139,1,0
6843941,2,15.841666666666667,3.076,1,0
6843959,2,8.833333333333334,2.293,1,0
6844022,2,10.964166666666667,1.766,1,0
6844139,2,1.3222222222222222,0.04,0,0
6844399,2,13.875,0.194,1,1
6845362,2,2.192222222222222,0.049,0,0
6845437,2,6.1113888888888885,0.117,0,0
6845727,2,13.10361111111111,2.807,1,0
6846397,2,3.9,1.962,1,0
6847620,2,7.684166666666667,0.8109999999999999,1,0
6847621,2,12.308333333333334,0.589,1,1
6847756,2,16.975,0.628,1,0
6847963,2,19.130277777777778,0.737,0,0
6848140,2,2.27,0.084,1,0
6848321,2,7.241666666666666,0.171,1,1
6849262,2,1.3511111111111112,0.197,1,0
6850549,2,2.356388888888889,0.37,0,0
6851057,2,2.569166666666667,0.5720000000000001,0,0
6851387,2,3.0844444444444443,0.047,0,0
6851643,2,12.639444444444445,1.195,1,0
6851771,2,1.3486111111111112,0.071,1,0
6851991,2,1.3527777777777779,0.4320000000000001,1,0
6852062,2,1.3494444444444444,0.388,0,0
6852088,2,2.669722222222222,0.295,0,0
6852327,2,2.055277777777778,0.041,0,0
6853174,2,1.3469444444444445,0.077,1,1
6853649,2,2.236666666666667,0.484,0,0
6853980,2,8.118333333333334,0.985,0,0
6854263,2,7.883333333333334,0.58,1,1
6854791,2,21.1,1.1909999999999998,0,0
6855028,2,1.746388888888889,0.052,0,0
6855376,2,12.108888888888888,0.44,1,1
6855921,2,12.592222222222222,0.928,0,0
6856606,2,8.856111111111112,0.056,0,0
6857295,2,1.7138888888888888,0.316,0,0
6857593,2,10.731388888888889,0.493,1,0
6858439,2,2.131111111111111,0.162,0,0
6858988,2,2.0844444444444443,0.604,0,0
6859764,2,3.1141666666666667,0.084,0,0
6859775,2,2.0255555555555556,1.139,0,0
6859919,2,2.917222222222222,0.908,1,0
6860137,2,11.958333333333334,0.544,1,1
6860436,2,2.9522222222222223,0.019,0,1
6861318,2,2.405,0.604,0,0
6861688,2,1.6930555555555555,0.291,0,0
6862037,2,4.541666666666667,0.237,1,0
6862189,2,15.9,0.429,1,0
6862622,2,2.089166666666667,0.175,0,0
6863460,2,1.8030555555555556,0.056,0,1
6863535,2,2.8697222222222223,0.021,0,0
6863536,2,4.853888888888889,1.4,0,1
6863717,2,12.498888888888889,0.15,1,1
6863779,2,1.6827777777777777,0.27,0,0
6863814,2,4.795277777777778,0.4920000000000001,0,0
6863929,2,1.3358333333333334,0.885,1,0
6864271,2,4.049444444444444,0.073,1,0
6864708,2,16.958333333333332,0.52,1,0
6865973,2,1.3272222222222223,0.041,0,0
6866016,2,2.0441666666666665,0.072,0,0
6866017,2,2.1461111111111113,0.096,0,1
6866282,4,1.3658333333333332,0.197,0,0
6866479,2,6.018055555555556,0.475,0,0
6866992,2,8.5625,0.519,1,0
6867572,2,2.386388888888889,1.345,0,0
6867750,2,7.233333333333333,1.7619999999999998,1,0
6868020,2,2.6094444444444442,0.202,0,0
6868272,2,1.361388888888889,0.4320000000000001,0,0
6868432,2,2.966666666666667,0.78,1,1
6868475,2,1.3591666666666666,0.11,1,0
6869105,2,2.091111111111111,0.6629999999999999,0,0
6869583,2,1.2083333333333333,0.258,1,0
6869732,2,9.01,0.519,1,0
6870217,2,6.075,0.151,0,0
6870807,2,2.3541666666666665,0.038,0,0
6871555,2,4.291666666666667,1.14,1,0
6871725,2,1.3652777777777778,0.197,0,0
6871952,2,2.1172222222222223,1.558,0,0
6872165,2,2.933333333333333,0.838,1,0
6873032,2,2.405,0.594,1,0
6873138,2,2.4425,0.175,1,0
6873350,2,1.4044444444444444,1.679,0,0
6873532,2,7.443888888888889,1.314,0,0
6873643,2,2.6838888888888888,0.084,0,0
6874214,2,16.45,0.758,1,0
6874219,2,2.285833333333333,0.175,0,0
6874263,2,6.158333333333333,0.826,1,0
6874765,2,5.35,0.248,0,0
6874874,2,11.683333333333334,0.574,0,0
6875013,2,8.5,1.485,1,0
6875051,2,2.386111111111111,0.142,0,0
6875280,2,1.3569444444444445,0.102,0,0
6875440,2,1.4316666666666666,1.497,0,1
6875452,2,2.49,0.102,1,0
6875609,2,8.483333333333333,0.929,1,0
6875990,2,2.254722222222222,0.879,0,0
6876114,2,2.7488888888888887,0.051,0,1
6876322,2,1.5575,0.573,1,0
6876385,2,2.2408333333333332,0.084,0,0
6876860,2,1.9594444444444445,0.33,1,0
6876886,2,3.3152777777777778,1.345,1,0
6877516,2,1.6630555555555555,0.049,0,0
6877649,2,2.7275,1.048,0,0
6877705,2,1.4758333333333333,0.197,0,0
6877857,2,4.844166666666666,0.052,1,1
6877962,2,2.4319444444444445,0.15,1,0
6878048,2,1.7236111111111112,0.024,1,0
6878693,2,2.2125,0.381,0,0
6883426,2,2.0025,0.33,0,0
6883468,2,11.1,0.471,0,1
6884314,2,40.608333333333334,0.233,1,0
6884444,2,1.3158333333333334,0.197,0,0
6885579,2,4.583055555555555,0.248,0,0
6885789,2,1.7147222222222223,1.558,0,0
6885868,2,1.3597222222222223,0.036,0,0
6885960,2,13.05,0.248,1,0
6886590,2,6.926111111111111,1.477,0,0
6886950,2,1.6705555555555556,0.254,1,0
6887015,2,2.437777777777778,0.04,0,0
6887028,2,1.8269444444444445,0.573,0,1
6887292,2,1.725,0.18,0,0
6887581,2,2.265833333333333,0.084,0,0
6887742,2,8.7,0.604,1,0
6887908,2,1.6666666666666667,1.483,0,0
6888034,2,2.3669444444444445,0.109,1,0
6888162,2,1.393888888888889,0.322,0,0
6888540,2,1.7975,0.604,0,0
6888709,2,2.028888888888889,0.6629999999999999,0,0
6888760,2,2.710277777777778,0.097,1,0
6888899,2,2.07,0.077,1,1
6888965,2,5.729722222222223,0.664,1,0
6890080,2,2.1455555555555557,0.095,0,1
6890961,2,4.111944444444444,0.015,0,0
6891549,2,2.051388888888889,0.604,1,0
6891586,2,1.3880555555555556,0.4320000000000001,0,0
6891792,2,13.316666666666666,0.627,1,0
6892349,2,7.043333333333333,0.565,1,0
6892424,2,1.7030555555555555,0.013,0,1
6892492,2,1.3591666666666666,0.039,0,1
6892645,2,2.4519444444444445,0.439,0,0
6892945,2,42.41416666666667,0.176,1,1
6893066,2,13.375,1.195,1,0
6893310,2,2.1083333333333334,0.484,0,0
6893408,2,1.7852777777777777,0.065,0,0
6893647,2,3.140833333333333,1.483,0,0
6893807,2,2.147222222222222,0.352,0,0
6895274,2,17.61611111111111,0.071,1,1
6895705,2,1.7138888888888888,0.4320000000000001,0,0
6895992,2,2.138333333333333,0.028,1,0
6896025,2,39.425,0.176,1,1
6896334,2,1.376111111111111,0.133,0,0
6896566,2,1.3569444444444445,0.051,0,1
6896605,2,2.566666666666667,1.068,0,0
6896803,2,1.355,0.604,0,0
6897121,2,5.124444444444444,0.094,1,0
6897714,2,2.3269444444444445,0.604,0,0
6897929,2,0.9911111111111112,0.521,1,0
6898066,2,2.182777777777778,0.084,0,0
6898149,2,14.891666666666667,1.774,1,0
6898197,2,2.1891666666666665,1.558,0,0
6898414,2,7.225,0.266,1,1
6899598,2,2.450277777777778,0.075,1,0
6899697,2,1.3677777777777778,0.101,1,1
6900207,2,2.160277777777778,1.457,0,0
6900230,2,1.355,1.345,1,0
6900327,2,1.3069444444444445,0.197,0,0
6900484,2,1.3730555555555555,0.197,0,0
6900691,2,23.908333333333335,0.758,0,0
6900926,2,14.566666666666666,0.424,1,1
6901401,2,10.044722222222223,0.7709999999999999,1,0
6901486,2,1.383888888888889,0.126,0,0
6901555,2,1.7305555555555556,0.4320000000000001,0,0
6901933,2,8.55,0.909,1,0
6902555,2,3.0122222222222224,0.104,0,1
6902818,2,2.495833333333333,1.048,0,0
6903284,2,1.3705555555555555,0.117,1,0
6903306,2,1.333611111111111,1.558,0,0
6904090,2,2.0480555555555555,0.197,0,0
6904359,2,6.141666666666667,0.826,1,0
6904863,2,10.1425,0.7709999999999999,1,0
6905972,2,1.3658333333333332,0.197,0,0
6906089,2,8.08611111111111,0.565,1,0
6906382,2,2.2416666666666667,1.751,0,0
6907409,2,2.0375,0.051,0,0
6907724,2,9.125,3.013,1,0
6908210,2,3.9877777777777776,0.171,0,1
6908392,2,2.2675,0.33,0,0
6908681,2,5.533333333333333,0.7509999999999999,1,0
6909188,2,1.7583333333333333,0.6709999999999999,0,0
6909482,2,2.370277777777778,0.205,0,1
6909638,2,2.116388888888889,1.345,0,0
6909845,2,2.4875,1.139,1,0
6909999,2,17.12388888888889,0.732,1,0
6910266,2,1.3416666666666666,0.8220000000000001,1,0
6910457,2,2.1844444444444444,1.345,0,0
6910839,2,1.6694444444444445,0.324,0,0
6911162,2,2.328333333333333,0.084,1,0
6911514,2,2.443888888888889,0.621,0,0
6911595,2,12.308333333333334,0.589,1,1
6911741,2,2.3575,1.345,0,0
6912038,2,2.1480555555555556,1.4,0,1
6912818,2,1.4044444444444444,1.679,0,0
6912879,2,2.125277777777778,0.194,1,1
6912996,2,1.7013888888888888,0.063,0,1
6913231,2,2.19,0.028,1,0
6913400,2,2.339166666666667,0.484,0,0
6915233,2,2.174722222222222,0.484,0,0
6915477,2,4.177777777777778,0.181,0,0
6915523,2,9.033333333333333,0.8009999999999999,1,0
6915589,2,2.1666666666666665,1.017,1,0
6915729,2,2.0516666666666667,1.139,1,0
6915840,2,3.0580555555555557,0.042,0,0
6915928,2,13.302222222222222,0.434,1,0
6916001,2,11.983333333333333,0.41,0,1
6916142,2,0.975,0.133,1,1
6916271,2,5.816666666666666,1.008,1,0
6916464,2,2.6719444444444442,0.439,0,0
6916609,2,6.775277777777778,0.565,1,0
6916950,2,11.45,0.617,1,0
6917310,2,1.6794444444444445,0.33,1,0
6917338,2,9.0825,0.522,1,0
6917349,2,3.4072222222222224,0.081,0,1
6917354,2,2.03,0.11,0,0
6917553,2,4.018611111111111,1.689,0,1
6917615,2,2.6991666666666667,0.083,1,0
6918116,2,1.4008333333333334,0.197,0,0
6918125,2,3.069722222222222,0.308,1,0
6918657,2,1.7361111111111112,0.325,0,0
6918725,2,1.9333333333333333,0.305,0,0
6919000,2,1.4055555555555554,0.525,0,0
6919553,2,6.875,0.4920000000000001,1,1
6919562,2,8.859166666666667,1.022,1,1
6920023,2,12.566944444444445,0.248,1,0
6920627,2,2.1816666666666666,0.117,0,0
6920912,2,2.4519444444444445,0.056,0,0
6921229,2,1.325,0.124,0,0
6921321,2,1.7297222222222222,0.377,0,0
6921373,2,1.346111111111111,0.604,1,0
6921604,2,2.741388888888889,0.084,0,0
6921674,2,1.368611111111111,0.262,0,0
6921719,2,4.340277777777778,0.075,0,0
6921721,2,1.343611111111111,0.291,0,0
6921813,2,1.6375,0.04,0,0
6921906,2,5.258333333333334,0.7509999999999999,1,0
6921968,4,4.200555555555556,0.246,1,0
6922420,2,1.3597222222222223,0.076,0,1
6922538,2,4.975,0.335,1,0
6922613,2,19.130277777777778,0.8540000000000001,0,0
6922816,2,11.566666666666666,0.742,1,0
6923487,2,8.539444444444445,0.244,0,0
6923619,2,3.5652777777777778,0.02,0,1
6923863,2,1.4694444444444446,1.345,0,0
6924043,2,4.483333333333333,0.248,0,0
6924107,2,2.0166666666666666,0.117,1,0
6924542,2,1.3541666666666667,0.109,1,0
6925034,2,2.1397222222222223,0.942,0,0
6925113,2,2.8088888888888888,0.942,1,0
6925228,2,14.52361111111111,1.092,1,0
6925548,2,3.622777777777778,0.546,1,0
6925828,2,1.3502777777777777,0.042,0,0
6925943,2,2.233611111111111,0.019,0,0
6925954,2,1.3611111111111112,0.37,0,0
6925968,2,2.665277777777778,0.175,1,0
6926760,2,1.7069444444444444,0.33,0,0
6927167,2,1.3275,0.094,0,0
6927188,2,11.878055555555555,0.8,1,0
6927319,2,9.029166666666667,0.522,1,0
6927352,2,14.841666666666667,1.82,1,0
6927467,2,1.7655555555555555,0.051,0,1
6927629,2,1.4033333333333333,1.017,1,0
6927975,2,10.446111111111112,0.878,1,0
6928198,2,15.25,0.6990000000000001,1,0
6928489,2,3.1466666666666665,0.015,1,0
6928570,2,4.483333333333333,3.668,1,0
6928761,2,1.7138888888888888,0.316,0,0
6929850,2,4.628333333333333,0.049,1,1
6930100,2,13.03138888888889,1.195,1,0
6930209,2,2.515833333333333,1.345,0,0
6930313,2,37.425,0.728,1,0
6930813,2,3.4455555555555555,0.441,0,0
6930996,2,3.4455555555555555,0.441,0,0
6931047,2,1.2997222222222222,1.139,1,0
6931052,2,8.833333333333334,2.293,1,0
6931090,2,1.3222222222222222,0.04,0,0
6931251,2,2.1622222222222223,0.202,0,0
6931415,2,2.192222222222222,0.049,0,0
6931497,2,2.1486111111111112,0.388,0,0
6931800,2,2.2558333333333334,0.08,0,1
6932258,2,1.3994444444444445,0.604,1,0
6932396,2,7.45,0.163,0,0
6932669,2,2.5341666666666667,0.037,0,0
6933301,2,2.035,0.6629999999999999,0,0
6933467,2,9.122777777777777,0.763,1,0
6933841,2,6.566111111111111,0.763,1,0
6934067,2,1.7116666666666667,0.117,0,0
6934114,2,9.594444444444445,0.01,0,0
6934528,2,11.221944444444444,1.43,1,0
6935251,2,2.376388888888889,0.475,0,0
6935700,2,2.234166666666667,0.015,0,0
6936130,2,1.3152777777777778,0.028,0,0
6936195,2,2.408888888888889,0.028,0,0
6936366,2,2.415,0.107,1,0
6936990,2,1.3716666666666666,1.345,0,0
6937415,2,6.0925,0.669,0,1
6937783,2,2.3227777777777776,0.197,0,0
6938024,2,1.8972222222222221,0.12,1,0
6938196,2,5.775,0.434,0,0
6938971,2,15.0,1.1909999999999998,0,0
6939860,2,1.3602777777777777,0.942,0,0
6940347,2,2.495833333333333,0.084,0,0
6940449,2,2.7666666666666666,0.604,0,0
6940527,2,2.158333333333333,0.117,1,0
6940684,2,11.683333333333334,0.476,0,0
6940722,2,6.2,0.434,0,0
6941233,2,1.3855555555555557,0.942,0,0
6941625,2,15.008333333333333,0.706,1,1
6941626,2,2.4005555555555556,0.205,0,1
6941732,2,2.1508333333333334,0.084,0,0
6941831,2,8.4,0.7709999999999999,1,0
6942087,2,2.3425,0.075,1,0
6942182,2,1.4147222222222222,0.01,0,0
6942533,2,1.3530555555555555,0.049,0,0
6942675,2,4.844166666666666,0.052,1,1
6942852,2,19.130277777777778,1.025,0,0
6943413,4,2.7488888888888887,0.051,0,1
6943674,2,1.7916666666666667,0.392,0,0
6944187,2,2.168888888888889,0.037,0,0
6944301,2,1.7336111111111112,0.525,1,0
6944539,2,38.541666666666664,0.281,1,1
6944604,2,2.9766666666666666,0.197,0,0
6944737,2,11.583333333333334,0.9,1,0
6944868,2,1.9958333333333333,0.083,1,0
6945682,2,2.4275,1.497,0,1
6946776,2,15.275,0.7170000000000001,1,0
6946925,2,3.6005555555555557,0.604,0,0
6947172,2,1.3652777777777778,0.604,0,0
6947654,2,1.336111111111111,1.497,0,1
6947846,2,13.041666666666666,0.514,1,0
6948008,2,1.398611111111111,0.197,0,0
6948337,2,17.72833333333333,0.071,1,1
6948434,2,40.43,0.176,1,1
6948459,2,13.141666666666667,0.467,1,0
6948932,2,9.353333333333333,0.623,1,1
6949024,2,1.3705555555555555,0.248,1,0
6949455,2,1.686388888888889,0.117,0,0
6949482,2,1.7038888888888888,0.8340000000000001,0,0
6949511,2,1.3569444444444445,0.084,0,0
6950641,2,1.6916666666666667,0.383,1,0
6950655,2,2.3741666666666665,1.575,0,0
6951180,2,4.15,0.514,1,0
6951272,2,1.3272222222222223,0.942,0,0
6951414,2,1.721111111111111,1.4,0,1
6951801,2,1.6666666666666667,1.483,0,0
6951867,2,1.3736111111111111,0.292,0,0
6952047,2,20.625,1.139,1,1
6952135,2,23.933333333333334,0.513,0,0
6952745,2,1.6827777777777777,0.27,0,0
6953226,2,1.7108333333333334,0.218,1,1
6953555,2,2.757222222222222,0.6629999999999999,0,0
6953781,2,3.1194444444444445,0.014,0,1
6954242,2,1.3266666666666667,0.197,1,0
6954521,2,4.151111111111111,0.114,0,1
6954579,2,5.108333333333333,0.604,1,0
6954859,2,1.5575,0.5710000000000001,1,0
6954903,2,4.5872222222222225,1.358,1,0
6955002,2,14.52361111111111,1.051,1,0
6955690,2,1.4013888888888888,1.345,0,0
6955922,2,11.878055555555555,0.6459999999999999,1,0
6955923,2,5.658333333333333,0.375,1,0
6956257,2,2.0880555555555556,0.225,0,0
6956575,2,2.8208333333333333,0.005,0,0
6957423,2,2.21,0.033,0,0
6957658,2,2.745277777777778,0.056,0,0
6957836,2,42.37694444444445,0.176,1,1
6957940,2,2.283333333333333,0.084,0,0
6957999,2,1.6730555555555555,0.123,0,0
6958171,2,1.3766666666666667,0.604,0,0
6958227,2,5.708333333333333,0.353,1,0
6958473,2,13.258611111111112,0.6779999999999999,1,0
6959365,2,1.3641666666666667,0.117,0,0
6959496,2,2.488611111111111,0.075,1,0
6959510,2,2.4411111111111112,0.058,1,0
6959659,2,9.25,0.664,1,0
6959793,2,1.3486111111111112,0.145,1,0
6959904,2,0.85,0.258,1,0
6959908,2,20.608333333333334,1.945,1,0
6960056,2,4.145833333333333,0.052,1,1
6960352,2,1.3641666666666667,0.117,0,0
6960886,2,1.3272222222222223,0.6629999999999999,0,0
6960910,2,2.4319444444444445,0.15,1,0
6961343,2,2.850277777777778,1.048,0,0
6961684,2,4.158333333333333,0.8029999999999999,1,0
6961909,2,2.149722222222222,0.484,1,0
6962700,2,1.3169444444444445,0.604,0,0
6962765,2,12.49,0.358,1,0
6963158,2,12.592222222222222,1.289,0,0
6963240,2,11.901944444444444,0.7490000000000001,1,0
6963247,2,1.6572222222222222,0.077,0,1
6963666,2,2.1491666666666664,1.345,1,0
6963678,2,3.2819444444444446,0.084,0,0
6963847,2,2.2222222222222223,0.295,0,0
6963883,2,1.3880555555555556,0.4320000000000001,0,0
6964224,2,2.7577777777777777,0.202,0,0
6964297,2,2.2258333333333336,0.575,0,0
6964898,2,5.925,0.826,1,0
6965039,2,1.3597222222222223,0.036,0,0
6965081,4,1.3827777777777779,1.345,1,0
6965545,2,1.3827777777777779,1.345,1,0
6965575,2,4.743888888888889,0.248,0,0
6965874,2,1.2083333333333333,1.3130000000000002,0,0
6966509,2,2.137777777777778,0.117,0,0
6966665,2,1.3533333333333333,0.604,0,0
6966695,2,1.7947222222222223,0.095,0,1
6966742,2,15.533333333333333,1.289,1,0
6967309,2,2.535833333333333,0.202,0,0
6967311,2,2.1508333333333334,0.942,1,0
6967707,2,2.3608333333333333,1.345,0,0
6967950,2,2.0613888888888887,0.244,0,0
6968177,2,2.0516666666666667,1.139,1,0
6968502,2,2.3225,0.056,0,0
6968859,2,2.5077777777777777,1.345,0,0
6968865,2,11.228055555555555,0.294,1,0
6968876,2,16.225,1.025,1,0
6968994,2,2.1430555555555557,0.484,1,0
6969008,2,1.6794444444444445,0.33,1,0
6969146,2,21.35,0.909,0,0
6969259,2,2.182777777777778,0.286,0,0
6969324,2,17.699166666666667,0.071,1,1
6969580,2,11.766666666666667,1.624,1,0
6969640,2,1.6975,1.457,0,0
6969806,2,2.7455555555555557,0.077,0,0
6969879,2,9.65,0.467,1,0
6969913,2,4.333333333333333,0.604,1,0
6969979,2,2.4080555555555554,0.117,1,0
6970330,2,2.107222222222222,0.812,1,0
6970429,2,2.2119444444444443,0.484,1,0
6970469,2,1.986388888888889,0.04,0,0
6970485,2,2.042777777777778,0.291,0,0
6970503,2,1.3569444444444445,0.051,0,1
6970588,2,1.7727777777777778,0.102,0,1
6970914,2,6.983333333333333,0.248,0,0
6971116,2,1.4002777777777777,0.197,1,0
6971219,2,2.237222222222222,0.084,0,0
6971443,2,8.05,0.784,0,0
6971482,2,1.3802777777777777,0.3229999999999999,0,0
6971676,2,6.380277777777778,0.565,1,0
6971677,2,2.2913888888888887,0.014,0,1
6971809,2,2.4697222222222224,0.075,0,0
6971811,2,9.29138888888889,0.5920000000000001,1,1
6972087,2,2.206111111111111,0.484,0,0
6972300,2,5.508333333333334,0.4920000000000001,1,0
6972803,2,5.991666666666666,1.1909999999999998,1,0
6973035,2,13.691666666666666,1.57,1,0
6973119,2,1.7555555555555555,0.469,0,0
6973340,2,2.1219444444444444,0.005,0,0
6973342,2,1.3197222222222222,0.142,0,0
6973590,2,2.9097222222222223,0.118,0,0
6973613,2,3.59,0.015,0,0
6973653,2,3.102222222222222,0.604,0,0
6973691,2,15.975,1.95,1,0
6974122,2,1.6930555555555555,0.197,0,0
6974533,2,2.1038888888888887,0.22,0,0
6974664,2,2.0505555555555555,0.142,0,0
6974736,2,2.405,0.604,0,0
6975008,2,2.145277777777778,0.074,1,1
6975168,2,4.284722222222222,0.175,0,0
6975361,2,1.3502777777777777,0.042,0,0
6975384,2,2.053611111111111,0.604,0,0
6975714,2,2.1775,0.117,1,0
6975845,2,1.7027777777777777,1.4,0,1
6975951,2,2.428611111111111,0.594,1,0
6976009,2,15.816666666666666,0.727,1,0
6976030,2,14.165555555555555,0.133,1,1
6976454,2,1.3558333333333332,0.197,0,0
6976637,2,2.3202777777777777,0.014,0,1
6976702,2,15.575,0.344,1,0
6976913,2,1.353888888888889,0.197,1,0
6976925,2,1.3588888888888888,0.469,0,0
6977150,2,1.3658333333333332,0.197,1,0
6977214,2,1.3747222222222222,0.197,0,0
6977283,2,2.2508333333333335,0.081,1,0
6977322,2,1.5316666666666667,0.197,0,0
6977579,2,1.4269444444444443,0.604,0,0
6977627,2,2.4922222222222223,0.084,1,0
6977644,2,40.341944444444444,0.176,1,1
6977653,2,4.2,0.075,0,0
6977752,2,1.363888888888889,0.076,0,1
6977829,2,7.684166666666667,0.8109999999999999,1,0
6977867,2,0.75,0.0,0,0
6977868,2,0.75,0.0,0,0
6977906,3,0.5,0.0,1,0
6977932,3,0.5,0.0,1,0
6977941,3,0.5,0.0,1,0
6977947,3,0.75,0.0,1,0
6977948,3,0.75,0.0,1,0
6977950,3,0.75,0.0,1,0
6979060,3,1.0,0.0,0,0
6979061,2,0.5555555555555556,0.0,0,0
6979062,3,1.0,0.02,0,0
6979063,3,1.0,0.0,0,0
6979208,3,0.75,0.425,1,0
6979213,3,0.75,0.425,1,0
6979216,3,1.228888888888889,0.425,1,0
6979348,4,1.0,0.0,0,0
6980658,4,1.0,0.0,0,0
6980703,3,0.5,0.0,1,0
6980713,3,0.5,0.0,1,0
6983133,3,0.5,0.0,0,1
6983134,3,0.5,0.0,0,1
6983230,3,0.8327777777777777,0.0,1,0
6983395,3,0.5,0.0,1,0
6985711,4,0.5,0.0,0,0
6985715,4,0.5,0.0,0,0
6985741,4,0.5,0.0,1,0
6985746,4,0.5,0.0,1,0
6985832,2,1.5333333333333334,0.039,1,0
6985840,3,0.5,0.738,1,0
6985852,2,1.866111111111111,0.0,1,0
6985859,3,0.5,0.738,1,0
6986036,3,0.25,0.0,1,0
6986054,3,0.5,0.5429999999999999,1,0
6986064,4,0.5,0.0,1,0
6986067,3,0.25,0.261,1,0
6986068,3,0.8327777777777777,0.0,1,0
6986123,4,0.5,0.0,1,0
6988709,3,0.75,0.0,0,0
6990861,3,0.8327777777777777,0.0,1,0
6990959,4,0.75,0.0,0,0
6992120,4,1.0827777777777778,0.0,0,0
6992159,2,0.5,0.0,1,1
6992174,2,0.5,0.0,1,1
6992183,2,0.5,0.0,1,0
6992273,4,0.75,0.0,0,0
6992278,3,0.75,0.0,0,0
6993264,3,1.0827777777777778,0.0,0,1
6993376,3,0.5,0.0,1,0
6993430,3,0.5,0.0,1,0
6993503,3,0.8327777777777777,0.0,1,1
6993521,3,0.5,0.0,1,0
6993543,3,0.25,0.328,1,0
6993601,4,0.5,0.0,1,0
6993617,4,0.8327777777777777,0.0,1,0
6995500,3,0.5,0.0,1,0
6995505,3,0.8327777777777777,0.0,1,0
6995537,3,0.5,0.0,1,1
6995540,3,0.8327777777777777,0.0,1,1
6995663,3,1.0827777777777778,1.163,1,0
6997690,4,0.5,0.0,1,0
6997702,4,0.5,0.0,1,0
6997706,3,0.5,0.0,1,0
6997714,3,0.8327777777777777,0.0,1,0
6997891,3,0.75,0.0,1,0
6997918,3,0.75,0.0,1,0
6998115,3,0.5,1.163,0,0
6998121,3,0.8327777777777777,0.0,0,1
7000081,3,0.5,0.0,1,0
7000087,3,0.5,0.0,1,0
7000116,4,0.5,0.0,1,0
7000117,4,0.5,0.0,1,0
7000290,3,0.5,0.039,1,0
7000293,3,0.8327777777777777,0.039,1,0
7000319,3,0.5,0.039,1,0
7000328,3,0.25,0.249,1,0
7000335,3,0.5,0.0,1,0
7002681,4,0.5,0.0,1,0
7002706,4,0.8327777777777777,0.0,1,0
7002718,4,0.5,0.0,1,0
7002735,4,0.5,0.0,1,0
7002859,3,0.5,0.0,1,0
7003226,3,0.5,0.0,1,0
7005570,4,0.5,0.0,1,0
7005593,4,0.5,0.0,1,0
7005629,3,0.6663888888888889,0.0,1,1
7005645,2,0.5,0.0,1,1
7005651,3,0.6663888888888889,0.0,1,1
7005669,2,0.5,0.0,1,1
7005680,2,0.5,0.0,1,1
7005811,3,0.75,0.0,1,0
7005815,3,0.75,0.0,1,0
7005892,1,0.25,0.0,1,1
7005910,2,0.5,1.743,1,0
7005916,2,0.8327777777777777,1.743,1,0
7005917,3,0.5,0.0,1,0
7005936,3,0.5,0.0,1,0
7005937,4,0.5,1.256,1,0
7005938,4,0.5,1.256,1,0
7005942,4,0.5,1.256,1,0
7005951,2,0.5,1.743,1,0
7008091,2,1.0827777777777778,0.0,0,0
7008146,3,0.75,0.0,0,0
7009272,3,0.75,0.0,0,0
7009480,2,0.5,0.0,1,0
7009484,2,0.8327777777777777,0.0,1,0
7009558,3,0.25,0.0,1,0
7009559,3,0.5,0.0,1,0
7009564,3,0.5,0.0,1,0
7009566,3,0.25,0.0,1,0
7009585,3,0.5827777777777777,0.0,1,0
7009601,3,0.25,0.0,1,0
7009646,3,0.5827777777777777,0.0,1,0
7009662,3,0.5,0.0,1,0
7012079,3,0.5,0.0,1,0
7012131,3,0.5,0.0,1,0
7012134,2,0.75,0.425,1,0
7012138,2,0.75,0.425,1,0
7012250,4,0.75,0.0,0,0
7013594,3,0.5,0.0,1,1
7013721,4,0.5,0.0,1,0
7014071,4,0.75,0.0,1,0
7014074,4,0.75,0.0,1,0
7014079,4,0.75,0.0,1,0
7014081,4,0.75,0.0,1,0
7015997,3,0.5,0.0,1,0
7016002,3,0.5,0.0,1,0
7016054,3,0.5,0.0,1,1
7016059,3,0.5,0.0,1,1
7016447,3,0.8327777777777777,0.0,1,0
7016543,4,0.75,0.0,0,0
7018725,2,1.4083333333333334,0.005,0,0
7018726,2,0.75,0.0,0,0
7020158,4,1.8272222222222223,0.193,1,1
7020160,4,1.8272222222222223,0.193,1,1
7020171,4,0.75,0.193,1,1
7020172,4,0.75,0.193,1,1
7020185,4,0.75,0.193,1,1
7020186,4,0.75,0.193,1,1
7020233,3,0.75,0.0,1,0
7020239,3,0.75,0.0,1,0
7020244,3,0.75,0.0,0,1
7020246,3,0.75,0.0,0,1
7020249,3,1.0,0.528,0,1
7020255,3,1.0,0.528,0,1
7021415,4,0.5,0.0,1,0
7021417,4,0.5,0.0,1,0
7021420,4,0.5,0.0,1,0
7021562,4,0.5,0.0,1,0
7021566,2,3.524722222222222,0.0,1,0
7021581,4,0.5,0.0,1,0
7023757,3,0.5,0.0,0,1
7023758,3,0.5,0.0,0,1
7023760,3,0.5,0.0,0,1
7023761,4,0.5,0.396,0,1
7023805,4,0.5,0.365,1,0
7023826,3,0.5,0.0,1,0
7023837,3,0.5,0.0,1,0
7023853,3,0.5,0.0,1,0
7023860,3,0.25,0.328,1,0
7023864,3,0.5,0.0,1,0
7024055,4,95.99694444444444,0.958,1,1
7024067,4,4.996666666666667,1.113,1,1
7024071,4,4.746666666666667,0.958,1,1
7024083,3,0.75,0.0,1,0
7024104,3,0.75,0.0,1,0
7024111,4,1.0,0.0,0,0
7024119,4,1.0,0.0,0,0
7025947,3,0.5,0.0,1,0
7025955,4,0.5,0.0,1,0
7025966,4,0.5,0.0,1,0
7026000,2,8.591388888888888,1.113,1,1
7026001,4,0.5,1.113,1,1
7026007,4,0.5,0.103,1,1
7026020,4,0.5,0.103,1,1
7026280,1,0.5827777777777777,0.0,1,0
7026286,1,0.25,0.0,1,0
7027905,4,0.5,0.0,1,0
7027929,4,0.5,0.0,1,0
7027939,4,0.5,0.0,1,0
7027942,4,0.5,0.0,1,0
7027985,2,0.8327777777777777,0.0,1,1
7030102,2,0.5,0.0,0,0
7030104,2,0.5,0.0,0,0
7030108,4,0.5,0.34,0,0
7030114,2,0.5,0.0,1,0
7030119,2,0.5,0.0,1,0
7030137,3,0.5,0.0,1,0
7030141,3,0.5,0.0,1,0
7030543,3,0.75,0.0,0,1
7032604,3,0.5,0.0,1,0
7033849,3,0.5,0.0,1,0
7033852,3,0.5,0.0,1,0
7033924,3,1.0,0.0,0,1
7035546,3,0.5,0.0,1,0
7037816,2,0.25,0.0,1,1
7037878,2,0.5,0.0,1,1
7037885,2,0.5,0.0,1,1
7040056,4,0.5,0.0,1,0
7040305,2,0.5,0.0,1,1
7040325,2,0.5,0.0,1,1
7042283,4,0.5,0.0,1,0
7042290,4,0.5,0.0,1,0
7042456,3,0.5,0.0,1,0
7042501,3,0.5,0.0,1,0
7044617,3,0.5,0.0,0,0
7044618,3,1.4383333333333332,0.039,0,0
7044619,3,1.2719444444444445,0.039,0,0
7044664,4,0.5,0.0,1,0
7044683,4,0.5,0.0,1,0
7044803,3,0.5,0.013,1,0
7045029,4,2.7344444444444442,0.946,1,0
7045063,4,2.7344444444444442,0.946,1,0
7045070,4,2.7108333333333334,0.946,1,0
7045125,4,0.46944444444444444,0.946,1,0
7045287,3,0.5,0.0,0,0
7045294,3,0.5,0.0,0,0
7047543,3,0.5,0.033,1,0
7047551,3,0.5,0.033,1,0
7047555,3,0.5,0.013,1,0
7047558,3,0.5,0.013,1,0
7047559,3,0.8327777777777777,0.033,1,0
7047561,3,0.5,0.013,1,0
7047565,3,0.5,0.0,1,0
7047566,3,0.5,0.0,1,0
7047578,3,0.8327777777777777,0.0,1,0
7047583,3,0.5,0.356,1,1
7047624,4,0.75,0.0,1,0
7048997,4,0.5,0.0,1,0
7049002,4,0.5,0.0,1,0
7049095,3,0.75,0.0,1,0
7049167,3,0.75,0.0,1,0
7049224,3,0.75,0.0,1,0
7049271,4,0.75,0.528,1,1
7049322,3,1.3327777777777778,0.0,0,0
7049327,4,1.988611111111111,0.009,0,0
7049329,4,1.9913888888888889,1.03,0,1
7049330,4,1.9913888888888889,1.03,0,1
7051609,4,0.5,0.281,0,0
7051771,2,0.6063888888888889,0.232,1,0
7051778,2,1.0,0.544,1,0
7051805,4,0.75,1.163,1,0
7051810,2,1.6055555555555556,0.232,1,0
7051817,2,1.6055555555555556,0.232,1,0
7051828,2,1.9383333333333332,0.232,1,0
7051834,2,1.0,0.6759999999999999,1,0
7051848,2,2.2713888888888887,0.232,1,0
7051852,2,2.9375,0.0,1,0
7051853,4,0.75,0.377,1,0
7051869,2,0.5,0.544,1,0
7051870,4,0.75,0.377,1,0
7051912,3,0.75,0.0,1,0
7051914,3,1.418611111111111,0.904,1,0
7051930,3,1.418611111111111,0.904,1,0
7051937,3,0.75,0.904,1,0
7051940,3,0.75,0.0,1,0
7051983,3,0.75,0.0,1,0
7052039,3,1.0,0.0,0,0
7054547,3,0.75,0.0,1,0
7054607,3,1.0827777777777778,0.0,1,0
7054681,3,1.0,0.0,1,0
7054709,3,1.0,0.0,1,0
7054727,3,0.75,0.0,1,0
7054805,3,1.0,0.0,0,0
7054806,4,1.0,0.0,0,0
7054807,3,1.0,0.0,0,0
7057186,3,0.75,0.0,1,0
7057217,3,0.75,0.0,1,0
7057437,3,0.75,0.0,0,0
7059745,2,0.5,0.0,0,0
7059841,3,0.5,0.0,1,1
7059845,3,0.5,0.0,1,1
7059870,3,0.5,0.0,1,0
7060011,3,0.75,0.0,1,0
7060050,3,0.75,0.0,1,0
7060178,2,0.75,0.0,1,1
7060184,3,0.75,0.033,1,1
7060195,3,0.75,0.0,1,1
7060231,4,0.75,0.0,1,0
7060248,4,1.0,0.0,0,1
7060249,3,1.0,0.0,0,1
7062690,3,1.0,0.0,0,0
7062691,3,1.0,0.0,0,0
7062703,4,0.75,0.151,1,1
7062739,4,2.9133333333333336,0.151,1,1
7062833,4,1.0827777777777778,0.0,1,0
7064421,4,0.75,0.0,0,0
7064424,4,0.75,0.0,0,0
7065646,3,0.8327777777777777,0.0,1,1
7065699,3,0.8327777777777777,0.0,1,1
7065826,2,0.5,0.0,1,0
7067747,3,0.5,0.0,1,0
7067772,2,0.8327777777777777,0.0,1,0
7067918,3,0.25,0.0,1,1
7067994,3,0.5827777777777777,0.0,1,1
7068654,4,0.75,0.636,1,0
7068713,2,0.5,0.0,1,0
7068808,3,1.0827777777777778,0.6709999999999999,1,0
7068869,4,8.883611111111112,0.898,1,0
7069182,3,1.0,0.013,0,0
7069187,3,1.0,0.013,0,0
7069208,3,1.0,0.013,0,0
7069219,4,0.25,0.0,0,0
7070658,3,0.5,0.0,1,0
7070673,3,0.8327777777777777,0.0,1,1
7074654,4,0.75,0.899,1,0
7074691,4,0.75,0.899,1,0
7074855,4,1.0,0.0,0,0
7077098,3,0.8327777777777777,0.0,1,0
7079670,4,0.5,0.0,1,0
7079673,4,0.5,0.0,1,0
7079674,4,0.5,0.0,1,0
7079709,3,0.5,0.0,1,0
7079711,3,0.5,0.0,1,0
7079716,3,0.5,0.0,1,0
7079720,4,0.5,0.0,1,0
7080078,1,0.5827777777777777,0.0,1,1
7080091,3,1.0827777777777778,1.163,1,0
7080154,4,1.0,0.188,0,1
7080155,4,1.0,0.188,0,1
7080156,4,3.0572222222222223,0.188,0,1
7080164,4,3.5569444444444445,0.188,0,1
7080169,4,4.057222222222222,0.188,0,1
7080170,4,4.557222222222222,0.188,0,1
7080172,4,1.0,0.188,0,1
7082614,4,0.75,0.491,1,0
7082623,4,0.75,0.491,1,0
7082663,3,0.75,0.0,1,0
7085441,3,0.5,0.0,1,0
7085454,3,0.8327777777777777,0.0,1,0
7086953,3,0.75,0.0,1,0
7088341,3,0.8327777777777777,0.0,1,0
7088456,2,0.25,0.657,1,0
7088625,4,1.0,0.0,0,0
7090965,4,0.5,0.05,1,1
7090970,4,3.479722222222222,0.049,1,1
7091002,4,3.8133333333333335,0.049,1,1
7091007,4,3.979722222222222,0.049,1,1
7091143,3,0.8327777777777777,0.0,1,0
7093557,3,0.5,0.0,1,0
7093664,3,0.8327777777777777,0.0,1,0
7096199,2,0.5880555555555556,0.0,1,0
7096425,3,1.0,0.425,1,0
7096436,4,1.0,0.425,1,0
7096449,3,0.5,0.0,1,0
7096539,4,0.75,0.377,1,0
7096549,4,0.75,0.377,1,0
7098865,4,0.5,0.0,1,0
7098867,4,0.5,0.223,1,1
7098876,4,0.5,0.0,1,0
7098907,2,1.2547222222222223,0.0,1,0
7098914,3,0.5,0.939,1,0
7098918,4,0.5,0.223,1,1
7098923,3,0.5,0.939,1,0
7099056,2,0.75,0.8390000000000001,1,0
7099061,3,0.75,0.0,1,0
7099093,2,0.7044444444444444,0.232,1,0
7099102,2,1.0,1.001,1,0
7099346,2,1.0827777777777778,0.0,0,0
7101821,3,0.25,0.0,1,0
7101924,4,0.5,0.0,1,0
7103455,3,0.75,0.0,0,0
7103459,3,0.75,0.0,0,0
7103461,3,0.49277777777777776,0.221,0,0
7103535,4,0.75,0.0,1,0
7103536,4,0.75,0.0,1,0
7106093,4,0.48138888888888887,0.05,0,1
7106096,3,0.4716666666666667,0.253,0,0
7111960,2,2.1519444444444447,0.0,1,1
7111966,3,0.49333333333333335,0.125,1,0
7118985,2,1.585,0.0,1,0
7119929,3,0.5,0.0,1,0
7119940,3,0.5,0.0,1,0
7119961,3,0.8327777777777777,0.0,1,0
7120069,3,0.5,0.0,1,0
7120075,3,0.5,0.0,1,0
7120086,3,0.5,0.0,1,0
7121837,4,0.5,0.0,0,0
7121846,4,0.8327777777777777,0.0,0,0
7121875,3,0.5,0.0,1,0
7121989,3,0.5,0.0,1,0
7121996,4,0.5,0.0,1,0
7122019,4,0.5,0.0,1,0
7122022,3,0.5,0.0,1,0
7122024,2,0.5,0.0,1,0
7122035,3,0.5,0.0,1,0
7122041,4,0.5,1.256,1,0
7122056,2,0.8327777777777777,0.0,1,0
7124826,3,0.5,0.0,1,0
7124832,3,0.5,0.0,1,0
7124838,3,0.5,0.0,1,0
7125037,2,0.8327777777777777,0.0,1,1
7125054,3,0.5827777777777777,0.0,1,0
7125057,3,0.25,0.0,1,0
7125071,2,0.5,0.0,1,1
7125081,2,0.8327777777777777,0.0,1,1
7125121,2,0.5,0.0,1,0
7127491,4,4.988333333333333,1.984,1,0
7127570,4,0.75,0.0,1,0
7127579,4,0.75,0.0,1,0
7127666,3,0.75,0.0,0,0
7127667,3,0.75,0.0,0,0
7127668,2,0.75,0.0,0,0
7130374,3,0.5,0.0,0,0
7130377,3,0.5,0.0,0,0
7130389,3,0.5,0.0,0,0
7130641,3,0.5,0.0,1,0
7130653,3,0.5,0.0,1,0
7130710,2,0.5,0.0,1,0
7130743,2,0.5,0.0,1,0
7130942,2,0.8327777777777777,0.0,1,0
7130971,2,0.5,0.0,1,0
7130980,2,0.8327777777777777,0.0,1,0
7131022,2,0.8327777777777777,0.0,1,0
7131152,3,1.0,0.0,0,0
7135689,2,0.5,0.0,0,0
7135690,3,0.5,0.0,0,0
7135701,3,0.5,0.0,0,0
7135794,3,0.5,0.0,1,1
7135802,3,0.5,0.0,1,1
7135989,3,0.5,0.0,1,0
7135993,3,0.5,0.0,1,0
7136023,3,0.5,0.0,1,0
7136026,3,0.5,0.0,1,0
7137869,3,0.5,0.0,1,0
7137871,3,0.5,0.0,1,0
7137878,3,0.5,0.0,1,0
7141991,2,0.5,0.0,1,0
7141992,2,0.5,0.0,1,0
7141994,2,0.5,0.0,1,0
7141998,3,0.8327777777777777,1.163,1,0
7142002,3,0.5,1.163,1,0
7142010,3,0.5,1.163,1,0
7142033,3,0.75,0.0,1,0
7142036,3,0.75,0.0,1,0
7142038,3,0.75,0.0,1,0
7143239,2,0.5,0.0,0,1
7143240,2,0.5,0.0,0,1
7143253,4,4.998055555555555,1.681,1,0
7143268,3,0.5,0.0,1,0
7143269,3,0.5,0.0,1,0
7143275,3,0.5,0.0,1,0
7143308,3,0.5,0.0,1,0
7143310,3,0.5,0.0,1,0
7143313,3,0.5,0.0,1,0
7143319,3,0.5,0.0,1,0
7143320,3,0.625,0.0,1,0
7143326,3,0.75,0.0,1,0
7143363,3,0.75,0.0,1,0
7143395,3,1.0827777777777778,0.0,1,0
7143408,2,2.0505555555555555,0.0,1,0
7143457,2,1.0,0.0,0,0
7143460,2,1.0,0.0,0,0
7144398,3,0.5,0.0,0,0
7146466,3,0.5,0.0,0,0
7146467,3,0.5,0.0,0,0
7146469,3,0.5,0.0,0,0
7146477,3,0.5,0.0,0,0
7146482,3,0.5,0.0,0,0
7146485,3,0.5,0.0,0,0
7146597,4,2.062777777777778,0.532,1,0
7150616,3,0.5,0.0,1,0
7150617,3,0.5,0.0,1,0
7152522,3,0.5,0.0,1,0
7152529,3,0.5,0.0,1,0
7152758,3,0.25,0.0,1,0
7152770,3,0.25,0.0,1,0
7152773,3,0.5827777777777777,0.0,1,0
7152868,3,0.5,0.0,1,0
7152878,3,0.5,0.0,1,0
7154634,2,0.75,0.0,0,0
7154635,2,0.75,0.0,0,0
7154636,2,0.75,0.0,0,0
7154637,2,0.75,0.0,0,0
7154657,3,0.8327777777777777,0.0,1,0
7154661,3,0.5,0.0,1,0
7154663,3,0.5,0.0,1,0
7154665,3,0.5,0.0,1,0
7154715,3,0.5,0.0,1,0
7154716,4,0.75,0.0,1,0
7154719,4,0.75,0.0,1,0
7154725,4,0.75,0.0,1,0
7155938,4,0.75,1.256,0,0
7155945,4,1.0,1.256,0,0
7155948,4,1.0,1.256,0,0
7155956,4,1.0,1.256,0,0
7155960,4,1.0,1.256,0,0
7157284,3,0.5,0.0,0,0
7157287,3,0.8327777777777777,0.0,0,0
7157296,3,0.5,0.0,1,0
7160853,3,0.5,0.0,1,1
7161088,3,0.48,0.171,1,0
7161133,2,0.75,0.0,1,0
7161134,3,0.75,0.0,1,0
7161142,3,0.75,0.0,1,0
7163836,3,1.0,0.0,0,0
7163838,3,1.0,0.0,0,0
7165380,2,0.5,0.0,1,1
7165390,2,0.8327777777777777,0.0,1,1
7165519,3,0.5,0.0,1,0
7165581,4,0.75,0.0,1,0
7165601,4,0.75,0.0,1,0
7165614,2,1.583888888888889,0.0,1,0
7170667,4,1.0,0.5920000000000001,0,0
7170670,4,1.0,0.5920000000000001,0,0
7170865,4,0.75,0.0,0,0
7170876,4,0.75,0.0,0,0
7171751,4,0.75,0.0,0,0
7171752,3,0.75,0.0,0,0
7171860,2,1.0,0.0,0,0
7171861,2,1.0,0.0,0,0
7173082,4,0.5,0.0,1,0
7173112,3,0.5,0.0,1,0
7173229,3,0.5,0.0,1,0
7173232,3,0.5,0.0,1,0
7173244,3,0.5,0.0,1,0
7173251,3,0.5,0.0,1,0
7173271,3,0.5,0.0,1,0
7173277,3,0.5,0.0,1,0
7173281,3,0.5,0.0,1,0
7173309,3,0.5,0.0,1,0
7173336,3,0.5,0.0,1,0
7173339,3,0.5,0.0,1,0
7173352,3,0.8327777777777777,0.0,1,0
7173653,3,0.5,0.0,0,0
7173654,3,0.5,0.0,0,0
7173660,3,0.5,0.0,1,0
7173670,3,0.75,0.0,0,0
7173676,3,0.8327777777777777,0.0,0,0
7175451,3,0.5,0.0,1,0
7175463,3,0.8327777777777777,0.0,1,0
7175626,2,0.6108333333333333,0.0,1,1
7175680,2,0.5,0.0,1,1
7175685,2,0.8327777777777777,0.0,1,1
7175694,3,0.75,1.163,1,0
7175766,3,0.75,0.0,0,1
7175768,3,0.75,0.0,0,1
7175770,3,0.75,0.0,0,1
7177503,4,0.5,0.0,1,0
7177504,4,0.5,0.0,1,0
7177539,3,0.5,0.0,1,0
7177548,3,0.5,0.0,1,0
7177551,3,0.5,0.0,1,0
7177725,3,0.6663888888888889,0.0,1,0
7177731,3,0.5,0.0,1,0
7177885,3,1.0,0.0,0,0
7177886,3,1.0,0.0,0,0
7177887,3,1.0,0.0,0,0
7177892,3,1.0,0.0,0,0
7182000,2,0.5,0.0,1,0
7182008,2,0.8327777777777777,0.0,1,0
7182030,2,0.5,0.0,1,0
7182035,2,0.5,0.0,1,0
7182229,3,0.5,0.0,1,0
7182231,3,0.5,0.0,1,0
7182292,3,0.75,0.0,0,0
7182295,4,0.75,0.0,0,0
7182303,2,0.5,0.0,0,1
7182304,2,0.5,0.0,0,1
7182305,2,0.5,0.0,0,1
7182307,2,0.5,0.0,0,1
7182308,2,0.5,0.0,0,1
7183956,3,0.5,0.0,1,0
7183960,3,0.5,0.0,1,0
7183961,3,0.5,0.0,1,0
7183970,3,0.5,0.0,1,0
7183972,3,0.6663888888888889,0.0,1,0
7184019,3,0.25,0.0,1,0
7184020,3,0.25,0.0,1,0
7185060,3,0.5,0.0,1,0
7185073,3,0.8327777777777777,0.0,1,0
7185075,3,0.5,0.0,1,0
7185076,3,0.8327777777777777,0.0,1,0
7185079,3,0.5,0.0,1,0
7185102,3,0.75,0.0,1,0
7185108,3,0.75,0.0,1,0
7185115,3,0.75,0.0,1,0
7186024,2,0.25,0.0,1,0
7186034,2,0.25,0.0,1,0
7186039,3,0.5,0.0,1,0
7186042,3,0.5,0.0,1,0
7186146,3,0.5827777777777777,0.0,1,0
7186156,4,0.5827777777777777,0.725,1,0
7186159,4,0.25,0.725,1,0
7186171,3,0.5,0.971,1,1
7186184,3,0.75,0.0,1,0
7186186,2,0.5,0.971,1,1
7186187,3,0.75,0.0,1,0
7186191,3,0.75,0.0,1,0
7186211,3,1.0827777777777778,0.0,1,0
7186221,2,0.25,0.0,1,1
7186227,2,0.25,0.0,1,1
7186321,2,0.5,0.0,1,0
7186326,2,0.8327777777777777,0.0,1,0
7188146,4,0.5,0.0,1,0
7188147,4,0.5,0.0,1,0
7188159,4,0.5,0.0,1,0
7188460,3,0.25,0.0,1,0
7188461,3,0.25,0.0,1,0
7190481,2,0.5,0.0,1,1
7190486,2,0.8327777777777777,0.0,1,1
7190535,2,0.5,0.0,1,1
7190548,2,0.5,0.0,1,1
7192514,2,0.5,0.0,0,1
7192516,2,0.5827777777777777,0.0,0,1
7192573,2,0.5,0.0,1,0
7192577,2,0.5,0.0,1,0
7192881,3,0.5,0.0,1,0
7192888,2,0.8327777777777777,0.0,1,0
7192958,2,0.5,0.0,1,0
7192961,2,0.5,0.0,1,0
7194768,3,0.5,0.0,1,0
7194774,3,0.5,0.0,0,0
7194926,4,0.5,0.738,1,0
7194935,4,0.5,0.0,1,0
7194944,4,0.5,0.899,1,0
7195256,2,0.5,0.0,1,0
7195263,2,0.8327777777777777,0.0,1,0
7195298,2,0.5,0.0,1,0
7195346,2,0.5,0.0,1,0
7195525,2,0.75,0.0,0,0
7195526,2,0.25,0.0,0,0
7197317,3,0.5,0.0,1,0
7197318,3,0.5,0.0,1,0
7197472,3,0.25,0.0,1,0
7197474,3,0.5827777777777777,0.0,1,0
7198715,3,0.75,0.0,1,0
7198720,3,0.75,0.0,1,0
7199938,2,0.5,0.0,1,1
7199942,2,0.8327777777777777,0.0,1,1
7199964,2,0.8327777777777777,0.0,1,1
7199973,2,0.5,0.0,1,1
7199984,2,0.5,0.0,1,1
7199994,2,0.5,0.0,1,1
7200075,3,0.5,0.0,1,0
7200080,3,0.5,0.0,1,0
7201997,3,0.5,0.0,1,0
7201998,3,0.5,0.0,1,0
7202008,3,0.8327777777777777,0.0,1,0
7202015,4,0.5,0.0,1,0
7202017,4,0.5,0.0,1,0
7202034,4,0.5,0.0,1,0
7202052,4,0.5,0.904,1,0
7204164,3,0.5,0.0,1,0
7204169,3,0.5,0.0,1,0
7204339,2,0.75,1.421,1,1
7204369,2,0.75,1.421,1,1
7204447,3,0.75,0.425,1,0
7204450,2,0.25,0.0,1,0
7204457,2,0.25,0.0,1,0
7204460,3,0.5,0.0,1,0
7204462,3,0.5,0.0,1,0
7204472,3,0.8327777777777777,0.0,1,0
7211421,2,0.5691666666666667,0.0,1,0
7216360,2,0.46305555555555555,0.0,1,0
7219949,2,0.4911111111111111,0.899,0,0
7219965,3,0.48055555555555557,0.628,0,0
7221536,2,0.49083333333333334,0.261,1,0
7221538,2,0.4713888888888889,0.899,1,0
7231703,2,0.4558333333333333,0.899,1,0
7231729,4,0.49,1.735,0,0
7233077,2,0.49194444444444446,1.485,1,1
7234624,3,0.4811111111111111,0.398,1,0
7234647,2,2.2069444444444444,0.0,1,0
7234730,2,2.863611111111111,0.0,0,0
7234829,2,3.2091666666666665,0.0,1,0
7234916,2,3.8666666666666667,0.0,1,0
7234939,2,3.3672222222222223,0.0,1,0
7238719,3,0.47444444444444445,0.091,0,0
7239485,3,0.44722222222222224,0.0,0,0
7242000,3,0.48138888888888887,0.183,0,0
7242005,3,0.48388888888888887,0.609,0,0
7243201,3,0.4872222222222222,0.0069999999999999,1,0
7243202,3,0.4872222222222222,0.18,1,0
7244457,4,4.580555555555556,0.495,0,0
7244458,4,0.47638888888888886,0.155,0,0
7246533,4,0.4627777777777778,1.577,1,1
7247343,2,0.4247222222222222,0.321,1,0
7247370,4,95.99416666666667,0.534,1,1
7247371,4,95.99416666666667,0.534,1,1
7247395,3,0.47805555555555557,0.155,1,0
7247409,2,4.203611111111111,0.0,1,0
7247415,2,1.2294444444444443,0.0,1,0
7247432,2,4.528333333333333,0.0,1,0
7249939,2,2.8627777777777776,0.0,1,0
7250054,2,2.851111111111111,0.0,0,0
7251325,2,1.5208333333333333,0.0,0,0
7251333,2,7.15,0.0,0,0
7251337,2,1.8680555555555556,0.0,0,1
7251342,2,1.1983333333333333,0.0,0,0
7251457,2,2.8669444444444445,0.0,0,1
7251496,2,4.199166666666667,0.0,0,1
7251500,2,0.6852777777777778,0.0,1,0
7251513,2,6.901111111111111,0.0,1,0
7251515,2,5.152222222222222,0.0,0,1
7251607,2,8.241666666666667,0.0,1,0
7251677,2,2.2022222222222223,0.0,0,0
7251724,2,3.528888888888889,0.0,0,0
7251728,2,2.522222222222222,0.0,0,0
7253140,2,4.525555555555556,0.0,1,1
7253145,2,4.1925,0.0,1,1
7253247,2,1.2069444444444444,0.0,1,0
7253281,2,1.305,0.0,1,0
7253283,2,0.5280555555555555,0.0,1,0
7253286,2,1.531111111111111,0.0,1,0
7253303,2,1.8736111111111111,0.0,1,0
7253375,2,0.5277777777777778,0.0,1,0
7253379,2,1.2066666666666668,0.0,1,0
7253403,2,1.8691666666666666,0.0,0,0
7253408,2,0.8641666666666666,0.0,0,0
7253410,2,2.8630555555555555,0.0,0,0
7254759,2,0.8608333333333333,0.0,0,0
7256770,2,7.9025,0.0,0,0
7256820,2,2.5302777777777776,0.0,1,0
7256823,2,6.5625,0.0,1,0
7256915,2,2.546388888888889,0.0,1,0
7256987,2,2.8630555555555555,0.0,0,0
7258207,2,2.548888888888889,0.0,0,0
7258305,2,5.213055555555556,0.0,0,1
7258327,2,4.213888888888889,0.0,0,1
7258345,2,2.8630555555555555,0.0,1,0
7258410,2,3.8744444444444444,0.0,1,0
7258455,2,3.529166666666667,0.0,0,0
7259459,2,5.0875,0.0,0,0
7259585,2,0.5213888888888889,0.0,1,0
7259588,2,2.1972222222222224,0.0,1,0
7259669,2,0.8569444444444444,0.0,1,0
7259695,2,2.2580555555555555,0.0,1,0
7259711,2,3.862222222222222,0.0,0,0
7260927,2,6.5525,0.0,0,0
7260977,2,3.9077777777777776,0.0,1,0
7261070,2,7.445555555555556,0.0,1,0
7261073,2,2.8802777777777777,0.0,1,0
7261105,2,4.4222222222222225,0.0,1,0
7261250,2,1.7238888888888888,0.0,1,0
7261271,2,3.542777777777778,0.0,0,0
7262497,2,0.5394444444444444,0.0,0,0
7262498,2,0.5377777777777778,0.0,0,0
7262552,2,1.845,0.0,1,0
7262570,2,0.8327777777777777,0.0,1,0
7262572,2,1.5444444444444445,0.0,1,0
7262576,2,6.873055555555555,0.0,1,0
7262718,2,3.5725,0.0,1,0
7262771,2,2.194166666666667,0.0,0,0
7264120,2,0.8638888888888889,0.0,1,0
7264122,2,0.8511111111111112,0.0,1,0
7264170,2,0.5202777777777777,0.0,0,0
7264171,2,0.8633333333333333,0.0,0,0
7264183,2,0.8611111111111112,0.0,0,0
7265871,4,0.4777777777777778,0.089,1,1
7265878,4,0.4727777777777778,0.089,1,1
7265909,2,4.565,0.0,1,0
7265913,2,6.581388888888889,0.0,1,1
7265921,2,1.9011111111111112,0.0,1,0
7267265,2,0.8641666666666666,0.0,1,0
7267267,2,2.8644444444444446,0.0,1,0
7268720,2,0.4691666666666667,0.7020000000000001,1,0
7275116,3,0.4552777777777778,0.027,0,0
7278159,3,0.48055555555555557,0.074,1,0
7280272,2,0.46555555555555556,0.06,1,0
7284171,2,0.47,0.199,1,0
7284179,2,0.4691666666666667,0.946,1,0
7284217,2,0.48694444444444446,0.0,0,0
7284224,3,0.4880555555555556,0.364,0,0
7289068,4,0.4855555555555556,0.17,0,1
7289069,4,0.4855555555555556,0.17,0,1
7293290,4,0.47944444444444445,0.051,0,1
7293297,3,0.48833333333333334,0.079,1,0
7295697,4,0.47694444444444445,0.088,0,1
7295698,4,0.47694444444444445,0.088,0,1
7296750,2,0.4483333333333333,0.409,1,0
7300242,2,0.47805555555555557,0.899,1,0
7303135,4,0.4777777777777778,0.099,0,1
7303136,4,0.4777777777777778,0.099,0,1
7304225,4,0.46555555555555556,0.141,0,1
7304226,4,0.46555555555555556,0.141,0,1
7308852,3,0.4761111111111111,0.178,0,0
7310350,2,0.4811111111111111,0.113,0,0
7312241,2,0.4888888888888889,0.056,0,0
7315254,4,0.5,2.089,0,0
7315255,4,0.4880555555555556,0.353,0,0
7315258,2,0.4652777777777778,0.353,1,0
7317635,2,0.49333333333333335,0.256,1,0
7318950,4,0.4761111111111111,1.082,0,0
7318968,2,0.49,0.899,1,0
7318970,2,0.4925,0.946,1,0
7320414,2,0.4738888888888889,0.205,1,0
7320425,3,0.49944444444444447,1.331,1,1
7327441,2,0.49027777777777776,0.899,1,0
7329989,3,0.4961111111111111,0.113,1,0
7329992,2,0.4866666666666667,0.628,1,0
7333612,4,4.660277777777778,1.133,0,0
7339809,2,0.4986111111111111,1.575,1,1
7339833,3,0.4725,0.353,1,0
7339839,3,0.49583333333333335,0.664,1,0
7342387,2,0.4861111111111111,0.604,0,1
7346851,3,0.47888888888888886,0.226,1,0
7348888,2,0.4741666666666667,0.899,1,0
7348889,2,0.48444444444444446,0.311,1,1
7350360,2,0.4938888888888889,1.331,1,1
7350397,2,0.49694444444444447,0.024,1,1
7350410,3,0.4722222222222222,0.085,0,0
7353338,2,0.4625,0.899,0,0
7357552,2,0.48277777777777775,0.947,1,0
7358596,3,0.4891666666666667,0.253,1,1
7358612,2,0.4855555555555556,1.331,1,1
7359929,2,0.4847222222222222,0.899,1,0
7359933,2,0.48833333333333334,0.232,1,0
7359953,2,0.49666666666666665,0.0,1,0
7361449,2,0.455,0.199,1,0
7363034,2,0.4711111111111111,0.0,0,1
7364505,2,0.4886111111111111,0.048,1,0
7364518,2,0.4738888888888889,0.899,1,0
7364523,2,0.49194444444444446,0.946,1,0
7377607,2,0.49583333333333335,0.0,0,1
7380189,4,0.485,0.455,0,0
7384535,2,0.46166666666666667,0.899,1,0
7384565,3,0.4636111111111111,0.29,0,0
7385788,2,0.4683333333333333,0.261,1,0
7385796,2,0.49972222222222223,0.0,1,0
7385810,3,0.46555555555555556,0.04,0,0
7387147,4,0.4533333333333333,1.105,1,0
7391409,4,0.4961111111111111,1.485,1,1
7395928,2,0.4955555555555556,0.396,0,0
7397306,2,0.4888888888888889,0.628,1,0
7398607,2,0.4866666666666667,0.311,1,1
7398610,4,0.4241666666666667,0.631,1,0
7398644,2,0.47638888888888886,0.155,0,0
7399826,2,0.49777777777777776,0.899,1,0
7404570,2,0.4625,0.065,1,0
7404574,3,0.49833333333333335,1.331,1,1
7404580,2,0.4866666666666667,0.0,1,0
7405411,2,0.47194444444444444,0.15,1,1
7406966,3,0.4911111111111111,0.345,1,0
7408181,2,0.49277777777777776,0.075,0,0
7408192,2,0.49777777777777776,0.155,1,0
7408195,2,0.4986111111111111,0.155,1,0
7409522,2,0.4825,0.352,1,0
7418837,3,0.48138888888888887,1.22,0,0
7420571,2,0.4886111111111111,0.311,1,1
7421994,3,0.4888888888888889,0.333,1,0
7421998,2,0.49833333333333335,0.899,1,0
7421999,2,0.49833333333333335,0.899,1,0
7422003,2,0.49527777777777776,0.899,1,0
7422596,3,0.4925,0.0,0,0
7422603,2,0.49722222222222223,0.221,1,0
7422607,2,0.4897222222222222,0.0,1,0
7422626,2,0.48944444444444446,0.221,1,0
7422670,2,0.4875,0.289,0,0
7423272,2,0.49333333333333335,0.001,1,1
7423290,2,0.4930555555555556,1.004,1,0
7423875,2,0.49472222222222223,1.318,1,0
7424471,2,0.4975,0.8270000000000001,1,0
7425825,2,0.49416666666666664,0.172,1,0
7425869,2,0.4905555555555556,0.171,1,0
7426360,2,0.4911111111111111,0.027,1,0
7426371,2,0.47555555555555556,0.123,1,0
7426394,2,0.48305555555555557,0.027,1,0
7426410,2,0.46,0.0,0,1
7427006,2,0.4961111111111111,0.0,1,0
7427556,2,0.4961111111111111,0.96,1,0
7428043,2,0.4886111111111111,0.573,1,0
7428590,3,0.4572222222222222,0.067,0,0
7429078,2,0.4766666666666667,0.165,0,0
7429079,2,0.4766666666666667,0.144,0,0
7429158,2,0.49277777777777776,0.613,0,0
7429627,2,0.46416666666666667,1.339,1,1
7430246,2,0.4494444444444444,0.081,0,0
7430770,3,0.4761111111111111,0.046,1,1
7430771,3,0.4761111111111111,0.197,1,0
7431349,4,0.4905555555555556,0.196,0,1
7431350,4,0.4905555555555556,0.196,0,1
7432078,3,0.49666666666666665,0.0,0,1
7432335,2,0.49277777777777776,0.267,1,0
7432336,2,0.49277777777777776,0.101,1,0
7432337,2,0.49277777777777776,0.245,1,0
7432338,2,0.49277777777777776,0.043,1,0
7432339,2,0.49277777777777776,0.129,1,0
7432387,2,0.475,0.063,0,0
7432389,2,0.49333333333333335,0.8270000000000001,1,0
7432849,3,0.4691666666666667,0.318,1,0
7432864,2,0.4691666666666667,0.25,1,0
7432880,2,0.48944444444444446,0.457,1,1
7432953,2,0.4886111111111111,0.037,0,0
7434056,2,0.48694444444444446,0.08,1,0
7434072,2,0.48944444444444446,0.001,1,1
7434086,2,0.4938888888888889,0.8270000000000001,1,0
7434089,2,0.4702777777777778,0.166,1,0
7434102,2,0.4627777777777778,0.946,1,0
7434701,2,0.485,0.221,1,0
7434702,2,0.4688888888888889,0.0,1,0
7434729,2,0.47888888888888886,0.0,0,0
7435399,4,0.49083333333333334,0.143,0,1
7435645,2,0.4975,0.946,1,0
7435696,2,0.49833333333333335,0.187,0,1
7436297,2,0.4886111111111111,0.583,0,0
7436316,2,0.4930555555555556,0.5710000000000001,1,0
7437185,3,0.49972222222222223,0.44,1,0
7437217,3,0.4988888888888889,0.027,0,0
7439554,2,0.4961111111111111,0.027,0,0
7440427,3,0.4930555555555556,0.5770000000000001,0,0
7440428,3,0.4930555555555556,0.316,0,0
7440498,2,0.4880555555555556,0.0,1,0
7442146,3,0.49944444444444447,0.263,1,0
7442190,2,0.49944444444444447,0.305,0,0
7444380,4,0.49027777777777776,0.977,1,1
7444382,4,0.49277777777777776,0.039,1,1
7444383,4,0.49277777777777776,0.119,1,1
7444384,4,0.48638888888888887,0.142,1,1
7445248,2,0.49583333333333335,0.946,1,0
7445337,2,0.49277777777777776,0.321,1,0
7446184,3,0.49805555555555553,0.703,1,0
7446213,2,0.4897222222222222,0.282,1,0
7446913,2,0.49583333333333335,0.07,1,0
7446921,2,0.49027777777777776,0.946,1,0
7446939,2,0.4880555555555556,0.899,1,0
7446946,2,0.4955555555555556,0.0,1,0
7447542,3,0.4925,1.595,0,0
7447587,2,0.49944444444444447,0.8270000000000001,1,0
7447590,2,0.4911111111111111,0.11,1,1
7449016,3,0.47,0.179,0,0
7449031,3,0.4986111111111111,0.0,1,0
7449531,2,0.4963888888888889,0.536,0,0
7449535,2,0.49527777777777776,0.113,1,0
7450202,4,1.9905555555555556,1.339,1,1
7450922,2,0.4888888888888889,0.0,1,0
7450979,2,0.4936111111111111,1.483,0,0
7451588,2,0.42833333333333334,0.221,0,0
7452433,3,0.4880555555555556,0.086,1,1
7452988,3,0.49166666666666664,0.113,0,0
7453966,3,0.49166666666666664,0.266,1,1
7453988,2,0.49833333333333335,0.133,1,0
7453989,2,0.49833333333333335,0.196,1,1
7454820,2,0.4913888888888889,0.536,1,0
7454824,2,0.49472222222222223,0.001,1,1
7454831,2,0.49027777777777776,0.176,1,1
7454832,2,0.49027777777777776,0.114,1,0
7454862,2,0.4897222222222222,0.409,0,0
7455986,2,0.4925,0.001,0,1
7456011,2,0.5,0.8270000000000001,1,0
7456020,2,0.4961111111111111,0.946,1,0
7456067,3,0.4625,0.0,0,0
7456073,4,0.4925,0.208,0,0
7456537,3,0.49,0.409,0,0
7456548,2,0.4891666666666667,0.047,0,0
7456549,2,0.4891666666666667,0.555,0,1
7456564,2,0.49722222222222223,0.311,1,1
7456600,2,0.4886111111111111,0.0,1,0
7457680,2,0.49694444444444447,0.409,1,0
7457992,3,0.4875,0.382,0,0
7458462,2,0.4988888888888889,0.206,0,0
7458539,3,0.48833333333333334,1.571,1,1
7459262,2,0.49333333333333335,0.409,1,0
7459331,3,0.495,0.069,0,0
7459332,2,0.49694444444444447,0.165,0,0
7459333,2,0.49694444444444447,0.217,0,0
7460527,2,0.4891666666666667,0.0,1,0
7461227,3,0.49583333333333335,0.221,1,0
7463149,2,0.49916666666666665,0.192,1,0
7463805,2,0.4986111111111111,0.899,0,0
7463868,2,0.49194444444444446,0.0,0,0
7464589,2,0.4963888888888889,0.226,0,0
7466335,4,0.49722222222222223,0.081,0,1
7466336,4,0.49722222222222223,0.081,0,0
7466337,3,0.4913888888888889,0.027,0,0
7466351,3,0.4930555555555556,0.172,1,0
7466643,3,0.4602777777777778,0.281,0,0
7466644,2,0.4880555555555556,0.262,0,0
7466692,3,0.49416666666666664,0.265,0,0
7467922,2,0.4897222222222222,0.133,0,0
7467923,2,0.4897222222222222,0.196,0,1
7467986,2,0.49666666666666665,0.267,0,0
7470066,2,0.49833333333333335,0.37,1,0
7471386,2,0.4905555555555556,0.311,1,1
7474096,2,0.49944444444444447,0.409,1,0
7474112,3,0.49472222222222223,0.353,1,0
7474122,2,0.4875,0.01,1,0
7475189,3,0.4847222222222222,0.195,0,0
7477109,2,0.4913888888888889,0.256,0,0
7478220,2,0.4913888888888889,0.899,1,0
7478224,2,0.49527777777777776,1.235,1,0
7478237,3,0.49416666666666664,0.098,1,0
7480715,2,0.48944444444444446,1.519,0,0
7480778,2,0.48944444444444446,0.172,1,0
7480835,3,0.49444444444444446,0.016,0,0
7483817,2,0.49444444444444446,1.199,0,0
7483821,3,0.4986111111111111,0.226,1,0
7483826,2,0.4961111111111111,0.001,1,1
7485285,2,0.4975,0.628,0,0
7485663,2,0.48833333333333334,0.211,0,1
7485664,2,0.48833333333333334,0.273,0,0
7485684,3,0.49972222222222223,0.0,0,1
7485688,4,0.4938888888888889,0.199,0,0
7486316,2,0.49583333333333335,0.221,1,0
7486344,4,0.48833333333333334,0.211,1,1
7486345,4,0.48833333333333334,0.236,1,1
7486346,4,0.4938888888888889,0.211,1,1
7487162,2,0.4880555555555556,1.235,0,0
7487243,2,0.4955555555555556,0.16,0,0
7487805,2,0.4911111111111111,0.001,1,1
7489652,3,0.4886111111111111,0.133,0,0
7489653,3,0.4886111111111111,0.195,0,0
7490945,4,0.49777777777777776,0.321,0,0
7491051,2,0.42694444444444446,0.0,0,0
7491751,2,0.48944444444444446,0.068,0,0
7491761,3,0.48777777777777775,0.8270000000000001,1,0
7491779,4,0.4930555555555556,0.6779999999999999,1,0
7492297,2,0.4938888888888889,0.282,1,1
7492298,4,0.46416666666666667,0.5,1,1
7492308,2,0.49777777777777776,0.2,1,1
7492625,3,0.4930555555555556,0.515,1,0
7493577,3,0.48944444444444446,0.8270000000000001,0,0
7493609,2,0.4925,0.536,1,0
7493662,2,0.49722222222222223,0.064,1,0
7493663,2,0.49722222222222223,0.212,1,0
7493664,2,0.49722222222222223,0.228,1,0
7493666,2,0.49722222222222223,0.063,1,0
7494673,2,0.4922222222222222,0.311,0,1
7495866,2,0.495,0.0,1,1
7495987,4,0.49916666666666665,0.021,0,0
7496730,2,0.49194444444444446,1.571,1,1
7496748,2,0.4955555555555556,0.521,1,0
7496752,2,0.49,0.114,1,0
7496781,3,0.4886111111111111,0.221,1,0
7496816,3,0.4880555555555556,0.723,0,0
7497475,2,0.4936111111111111,0.899,1,0
7497531,2,0.4963888888888889,0.977,1,1
7497554,2,0.4988888888888889,0.173,1,0
7498263,2,0.49916666666666665,0.089,0,0
7498287,2,0.4891666666666667,0.0,0,1
7498968,2,0.495,0.409,1,0
7499993,3,0.4988888888888889,0.0,1,0
7501616,2,0.4963888888888889,0.584,1,0
7501639,2,0.4897222222222222,0.8270000000000001,1,0
7501644,2,0.49416666666666664,0.8270000000000001,1,0
7501656,2,0.4886111111111111,0.201,1,0
7502415,2,0.4986111111111111,0.899,0,0
7502420,2,0.4930555555555556,0.8270000000000001,0,0
7502429,3,0.4975,0.101,0,0
7502437,2,0.5,0.081,0,0
7504328,3,0.49666666666666665,0.977,1,1
7504646,3,0.49694444444444447,0.089,1,0
7504690,3,0.49777777777777776,0.946,1,0
7504723,2,0.4880555555555556,0.0,1,0
7505471,3,0.49944444444444447,0.946,1,0
7506207,3,0.4986111111111111,0.01,1,0
7506284,3,0.44166666666666665,0.295,0,1
7506285,3,0.4880555555555556,0.295,0,1
7506286,3,0.4880555555555556,0.281,0,0
7506985,2,0.4925,0.136,1,0
7508471,3,0.4880555555555556,0.144,1,0
7508892,2,0.49444444444444446,0.012,0,1
7508893,2,0.49444444444444446,0.012,0,1
7508898,4,4.992222222222222,0.001,0,1
7508899,4,4.992222222222222,0.004,0,1
7510480,2,0.48055555555555557,0.946,1,0
7511704,4,0.4897222222222222,1.515,1,0
7512490,2,0.4897222222222222,0.899,0,0
7512537,2,0.495,0.283,1,0
7513260,3,0.4938888888888889,0.899,1,0
7513264,3,0.48833333333333334,0.295,1,0
7513280,2,0.4905555555555556,0.647,1,0
7514724,2,0.5,1.085,0,0
7514737,3,0.4925,1.135,0,0
7516053,2,0.4891666666666667,0.0,1,0
7516582,2,0.49777777777777776,0.409,1,0
7517310,3,0.49166666666666664,0.8270000000000001,1,0
7517316,2,0.4925,0.305,1,0
7518089,3,0.49444444444444446,0.603,0,0
7518153,2,0.49916666666666665,0.192,1,0
7518193,2,0.4988888888888889,0.165,1,0
7518194,2,0.4988888888888889,0.144,1,0
7518197,2,0.49527777777777776,0.0,1,0
7518751,3,0.4955555555555556,0.168,0,0
7519923,2,0.4988888888888889,0.182,0,0
7519932,4,0.4911111111111111,0.192,0,0
7520023,2,0.49472222222222223,0.409,0,0
7521442,2,0.4986111111111111,0.753,1,0
7521466,2,0.4880555555555556,0.295,1,0
7522115,2,0.49833333333333335,0.245,0,0
7522117,3,0.4880555555555556,0.133,0,0
7522118,3,0.4880555555555556,0.196,0,1
7522119,3,0.4880555555555556,0.062,0,0
7522120,3,0.4880555555555556,0.134,0,1
7522268,2,0.49805555555555553,0.06,0,0
7523698,2,0.49,0.242,1,0
7523699,2,0.49,0.129,1,0
7523700,2,0.49,0.267,1,0
7523701,2,0.49,0.118,1,0
7523731,2,0.4880555555555556,0.536,1,0
7524322,2,0.49,0.0,1,1
7524324,2,0.4963888888888889,0.899,1,0
7524912,4,0.49194444444444446,0.195,1,0
7524913,4,0.49194444444444446,0.133,1,0
7524955,2,0.4922222222222222,0.544,0,0
7527391,3,0.4922222222222222,0.8270000000000001,1,0
7527399,2,0.49777777777777776,0.335,1,0
7528074,2,0.49527777777777776,0.047,0,0
7528075,2,0.49527777777777776,0.555,0,1
7529499,2,0.4897222222222222,0.946,1,0
7529530,3,0.4872222222222222,0.0,1,0
7530204,2,0.48833333333333334,0.17,0,0
7530258,2,0.49416666666666664,0.346,1,0
7530284,2,0.4936111111111111,0.221,1,0
7530285,2,0.4936111111111111,0.239,1,0
7530289,2,0.48944444444444446,0.221,1,0
7531085,2,0.4913888888888889,0.087,1,1
7531957,2,0.495,1.318,1,0
7533276,2,0.49416666666666664,0.899,1,0
7533813,2,0.48944444444444446,0.243,1,0
7533874,3,0.49166666666666664,1.43,1,1
7533893,2,0.49722222222222223,0.311,1,1
7533908,2,0.495,0.0,1,0
7533920,3,0.4897222222222222,0.217,0,1
7534472,4,0.4897222222222222,0.162,0,0
7534507,2,0.49805555555555553,0.8270000000000001,1,0
7534541,2,0.5,0.311,1,1
7535152,3,0.49027777777777776,1.055,0,0
7536314,4,0.4886111111111111,0.409,0,0
7536315,4,4.996388888888889,1.62,1,0
7536560,2,0.495,0.304,1,0
7538529,3,0.49416666666666664,0.946,1,0
7538549,2,0.48944444444444446,0.221,1,0
7538622,2,0.4888888888888889,0.0,0,1
7539817,2,0.49166666666666664,0.0,1,0
7540083,2,0.495,0.0,1,0
7540593,2,0.4988888888888889,0.477,1,0
7541771,2,0.49,0.309,1,0
7542360,2,0.49944444444444447,0.757,0,0
7542463,2,0.49972222222222223,0.0,0,0
7542914,2,0.49694444444444447,0.8270000000000001,1,0
7553763,2,0.49083333333333334,0.516,0,0
7554286,2,0.49444444444444446,0.221,1,0
7554320,3,0.49472222222222223,0.305,1,0
7555063,3,0.49416666666666664,0.314,1,0
7555070,2,0.4922222222222222,1.085,1,0
7555136,2,0.49472222222222223,0.0,0,0
7555756,2,6.0,0.283,1,0
7556001,2,6.0,0.1,1,0
7556016,2,6.0,1.208,1,0
7556433,2,6.0,0.027,1,0
7556784,3,6.0,0.899,1,0
7556965,3,6.0,0.899,1,0
7556969,2,6.0,0.774,1,0
7556984,2,6.0,0.297,1,0
7557392,4,6.0,0.072,1,0
7557419,2,6.0,0.536,1,0
7557682,2,6.0,0.332,1,0
7558952,3,6.0,0.946,1,0
7559447,2,6.0,0.8270000000000001,1,0
7559458,2,6.0,0.8270000000000001,1,0
7559486,2,6.0,0.899,1,0
7560089,2,0.49722222222222223,0.7,1,0
7560710,2,0.49722222222222223,0.0,0,1
7561393,2,0.49083333333333334,0.155,1,0
7561962,2,0.49583333333333335,0.0,1,0
7562384,2,0.48833333333333334,0.41,1,0
7562829,2,0.4988888888888889,0.73,1,1
7563282,3,0.4986111111111111,0.628,1,0
7563453,2,0.49416666666666664,0.647,1,0
7563459,2,0.4913888888888889,1.318,1,0
7567271,3,6.0,0.516,1,0
7567412,3,6.0,0.899,1,0
7567431,2,6.0,1.571,1,1
7567826,3,6.0,0.068,1,0
7567846,2,6.0,0.946,1,0
7569273,2,6.0,0.116,1,0
7569802,3,6.0,0.311,1,1
7569963,2,6.0,0.409,1,0
7571228,3,6.0,0.409,1,0
7572271,2,6.0,1.318,1,0
7572278,3,6.0,0.236,0,0
7572784,2,6.0,0.0,1,0
7573272,3,6.0,0.175,1,0
7573358,3,6.0,0.0,0,0
7573887,4,6.0,0.074,1,0
7573973,2,6.0,0.074,1,0
7575377,2,6.0,1.235,1,0
7575414,2,6.0,0.062,0,0
7575834,2,6.0,0.0,1,0
7576342,2,6.0,0.8270000000000001,1,0
7576804,2,6.0,0.298,1,0
7576805,2,6.0,0.102,1,0
7576806,2,6.0,0.037,1,0
7576807,2,6.0,0.119,1,0
7576808,2,6.0,0.079,1,1
7576809,2,6.0,0.055,1,1
7576810,2,6.0,0.133,1,0
7576813,2,6.0,0.295,1,0
7576842,2,6.0,0.172,1,0
7576864,3,6.0,0.294,1,0
7576865,2,6.0,0.472,1,0
7577253,2,6.0,0.321,1,0
7577311,2,6.0,0.114,0,0
7577647,2,6.0,0.409,1,0
7577648,2,6.0,0.008,1,0
7577679,2,6.0,0.192,1,0
7577717,2,6.0,0.0,1,0
7578125,3,6.0,0.165,1,0
7578138,2,6.0,0.409,1,0
7578139,2,6.0,0.946,1,0
7578551,2,6.0,0.195,1,0
7578552,2,6.0,0.133,1,0
7578554,3,6.0,0.409,1,0
7578601,2,6.0,0.0,1,0
7579154,2,6.0,0.409,1,0
7579640,2,6.0,0.8270000000000001,1,0
7580237,2,6.0,0.087,1,0
7580248,2,6.0,0.172,1,0
7580251,2,6.0,1.041,1,0
7580273,2,6.0,0.0,0,0
7580655,3,6.0,0.155,1,0
7581099,2,6.0,0.0,1,0
7581169,2,6.0,0.947,1,0
7582727,2,6.0,0.305,1,0
7582758,3,6.0,0.195,1,0
7582759,3,6.0,0.133,1,0
7583259,2,6.0,0.946,1,0
7583281,2,6.0,0.946,1,0
7584201,2,6.0,0.536,1,0
7584236,2,6.0,0.221,1,0
7584253,2,6.0,0.0,1,0
7585226,2,6.0,0.0,1,0
7586163,2,6.0,1.235,1,0
7586179,2,6.0,0.536,1,0
7587474,2,6.0,1.235,1,0
7587477,3,6.0,1.235,1,0
7587486,2,6.0,0.083,1,0
7587525,3,6.0,0.409,1,0
7588426,3,6.0,0.0,1,0
7588524,2,0.5,0.0,1,0
7588525,2,0.5,0.005,1,1
7588700,2,6.0,0.0,1,0
7588724,2,6.0,0.101,1,1
7589218,2,6.0,0.133,1,0
7589219,2,6.0,0.196,1,1
7589257,2,6.0,0.0,1,0
7589273,2,6.0,0.946,0,0
7590307,2,6.0,0.8270000000000001,1,0
7590764,2,6.0,0.474,1,0
7590808,2,6.0,0.226,0,0
7591457,3,6.0,0.409,1,0
7591960,2,6.0,0.899,1,0
7592411,4,6.0,0.031,1,0
7592842,2,6.0,0.899,1,0
7592868,3,6.0,0.899,1,0
7592869,2,6.0,0.555,1,1
7593287,2,6.0,0.0,1,0
7593291,2,6.0,0.899,1,0
7594816,2,6.0,0.087,0,1
7594822,2,6.0,0.221,1,0
7594848,3,6.0,0.0,1,1
7594891,2,6.0,0.8270000000000001,0,0
7595393,2,6.0,0.899,1,0
7595404,2,6.0,0.0,1,0
7595447,2,6.0,0.221,0,0
7596003,2,6.0,0.0,1,0
7596012,2,6.0,0.0,1,0
7596461,2,6.0,0.536,1,0
7596639,2,6.0,1.085,1,0
7597119,2,6.0,0.348,1,0
7597139,2,6.0,0.0,1,1
7597164,2,6.0,0.321,1,0
7597169,2,6.0,0.0,1,0
7597178,2,6.0,0.0,1,0
7597183,2,6.0,0.946,1,0
7597681,2,6.0,1.318,1,0
7597682,2,6.0,1.325,1,0
7597747,2,6.0,0.172,1,0
7598262,2,6.0,1.339,1,1
7599898,2,6.0,0.28,1,0
7600452,2,6.0,0.8270000000000001,0,0
7601314,2,6.0,1.071,1,0
7601355,2,6.0,0.0,0,0
7601770,2,6.0,0.41,1,0
7601806,2,6.0,1.318,0,0
7601807,2,6.0,0.946,0,0
7602330,4,6.0,0.122,1,1
7602331,4,6.0,0.055,1,1
7602332,4,6.0,0.001,1,0
7602341,2,6.0,0.014,1,1
7602359,4,6.0,0.122,1,1
7603624,4,6.0,1.041,1,0
7603934,4,6.0,1.629,0,0
7603935,3,6.0,0.409,0,0
7604583,2,6.0,0.946,1,0
7605158,4,6.0,0.06,0,1
7605171,4,6.0,1.085,0,0
7605225,2,6.0,1.339,1,1
7605753,3,6.0,0.743,1,0
7606268,3,6.0,0.8959999999999999,0,0
7606351,2,6.0,0.089,0,0
7606919,2,0.5,0.064,0,1
7606920,2,0.5,0.058,0,1
7607607,3,6.0,0.0,1,0
7607654,2,6.0,0.628,0,0
7608188,2,6.0,0.946,1,0
7608283,3,6.0,0.899,0,0
7608764,4,6.0,0.321,1,0
7608785,2,6.0,0.628,1,0
7608819,2,6.0,1.318,1,0
7609370,4,6.0,0.0819999999999999,1,1
7609408,3,6.0,0.8270000000000001,0,0
7609858,2,0.5,0.001,1,0
7610176,2,6.0,1.318,1,0
7611586,2,6.0,0.075,1,0
7612130,2,6.0,0.409,1,0
7612133,3,6.0,0.228,1,0
7612134,3,6.0,0.079,1,0
7612142,2,6.0,0.536,1,0
7612177,3,6.0,0.221,0,0
7612713,4,6.0,0.294,1,1
7612729,2,6.0,0.238,1,0
7612731,4,6.0,0.128,1,1
7613341,3,6.0,0.0,1,0
7613383,2,6.0,0.26,0,1
7613908,2,6.0,0.73,1,1
7613920,2,6.0,1.571,1,1
7613979,2,6.0,0.0,0,0
7614474,3,6.0,0.043,0,0
7614491,2,0.5,0.035,1,1
7614620,2,0.5,0.0,0,0
7614621,2,0.5,0.005,0,0
7614909,2,6.0,0.221,1,0
7614911,2,6.0,0.0,1,0
7615568,2,6.0,1.199,1,0
7615601,2,6.0,0.183,0,0
7616200,3,6.0,0.368,0,0
7616222,3,6.0,0.628,1,0
7616223,3,6.0,0.532,1,0
7616277,2,6.0,0.297,1,0
7616339,4,6.0,0.075,0,1
7616340,4,6.0,0.085,0,1
7616341,4,6.0,0.075,0,1
7617536,2,6.0,0.0,1,0
7617565,2,6.0,1.123,1,0
7618110,4,6.0,0.357,1,0
7618114,2,0.5,0.0,1,0
7618116,2,0.5,0.044,1,1
7618464,2,6.0,0.237,1,0
7618498,2,6.0,0.199,0,0
7619621,3,6.0,0.947,1,0
7621483,3,6.0,0.409,1,0
7622180,3,6.0,0.8270000000000001,0,0
7622253,2,6.0,0.243,1,1
7622851,4,6.0,1.1,0,0
7622890,2,6.0,0.409,1,0
7622935,2,6.0,0.8270000000000001,0,0
7623442,2,6.0,1.339,0,1
7624002,3,6.0,0.027,1,0
7624819,2,6.0,0.0,1,0
7625303,4,6.0,0.139,0,1
7625305,4,6.0,0.139,0,1
7625350,2,6.0,0.594,1,0
7625351,2,6.0,0.195,1,0
7625369,2,6.0,0.0,1,1
7625393,2,6.0,0.539,0,0
7625960,2,0.5,0.029,0,1
7625961,2,0.5,0.029,0,0
7626351,2,6.0,0.899,1,0
7626392,2,6.0,0.0,0,0
7626983,2,6.0,0.321,1,0
7626989,2,6.0,0.899,1,0
7626997,2,0.5,0.059,1,1
7628224,2,6.0,0.899,1,0
7628336,3,6.0,0.105,0,0
7628337,3,6.0,0.105,0,0
7628839,2,0.5,0.0,0,0
7628981,4,6.0,1.135,1,0
7629204,3,6.0,0.541,1,0
7629986,3,6.0,0.8270000000000001,1,0
7630037,2,6.0,0.899,0,0
7630780,2,6.0,0.133,1,0
7630781,2,6.0,0.196,1,1
7631249,2,6.0,0.536,0,0
7631323,2,6.0,0.039,1,0
7631356,3,6.0,0.353,0,0
7631845,3,6.0,0.2,1,1
7631920,2,6.0,0.899,0,0
7632824,2,6.0,0.0,1,0
7633389,2,6.0,0.113,0,0
7633949,2,6.0,0.946,1,0
7634532,2,6.0,0.41,0,0
7634695,3,6.0,0.231,0,0
7635149,3,6.0,1.3230000000000002,1,0
7635166,2,6.0,1.339,1,1
7635891,2,6.0,1.235,1,0
7635896,2,6.0,0.172,1,0
7635949,2,6.0,0.305,0,0
7637819,2,6.0,0.899,1,0
7637836,2,6.0,1.571,0,1
7637861,3,6.0,0.321,0,0
7638430,2,6.0,0.947,0,0
7638538,3,6.0,0.314,0,0
7639280,2,6.0,0.8270000000000001,1,0
7639294,2,6.0,0.027,1,0
7639915,3,6.0,0.261,0,0
7640427,4,6.0,1.339,0,1
7640871,2,6.0,0.536,0,0
7640970,2,6.0,0.409,0,0
7641389,3,6.0,0.027,1,0
7641432,3,6.0,0.027,0,0
7641438,2,6.0,0.0,0,0
7641884,2,6.0,0.221,0,0
7641887,2,6.0,0.192,0,0
7642688,2,6.0,0.555,1,1
7642744,3,6.0,0.166,1,1
7642745,3,6.0,0.166,1,1
7642783,3,6.0,0.001,0,1
7642788,3,6.0,0.001,0,1
7643333,2,6.0,0.228,1,0
7643334,2,6.0,0.079,1,0
7643356,2,6.0,0.311,1,1
7643363,2,6.0,0.8270000000000001,1,0
7643374,2,6.0,0.899,0,0
7643996,2,6.0,0.353,0,0
7643997,2,6.0,0.409,0,0
7644011,2,6.0,0.353,0,0
7644017,2,6.0,0.221,0,0
7644601,2,6.0,0.947,1,0
7644622,4,6.0,0.104,1,1
7645164,3,6.0,0.0,1,0
7645796,4,6.0,0.899,0,0
7646053,2,6.0,0.0,1,0
7646079,2,6.0,0.631,0,0
7646107,2,6.0,0.165,0,0
7646518,2,6.0,0.075,1,0
7647137,2,6.0,0.0,1,0
7647156,2,6.0,0.062,1,0
7647213,2,6.0,0.0,0,0
7647221,2,6.0,0.088,0,0
7647810,2,6.0,0.8270000000000001,0,0
7648306,4,6.0,0.447,0,0
7648312,2,6.0,0.521,0,0
7648321,2,6.0,0.8270000000000001,1,0
7648382,3,6.0,1.339,1,1
7648964,3,6.0,0.284,0,0
7649232,2,6.0,0.144,1,0
7649300,2,6.0,0.536,0,0
7649879,2,6.0,0.72,0,0
7649946,2,0.5,0.0,1,1
7649947,2,0.5,0.0,1,1
7649954,3,6.0,0.353,1,0
7649965,2,6.0,0.074,1,0
7650612,2,0.5,0.0,1,0
7650613,2,0.5,0.0,1,0
7650637,2,6.0,0.149,1,0
7650666,3,6.0,0.743,0,0
7650679,3,6.0,1.0759999999999998,0,0
7650682,2,6.0,1.0759999999999998,0,0
7651224,2,6.0,0.027,0,0
7651246,3,6.0,0.594,1,0
7651247,3,6.0,0.195,1,0
7651842,2,6.0,0.899,1,0
7651900,4,6.0,1.538,0,0
7652304,3,6.0,1.538,0,0
7653278,2,6.0,0.021,1,1
7653781,2,6.0,0.899,0,0
7654848,2,6.0,0.41,1,0
7654881,2,6.0,0.7829999999999999,1,0
7654898,2,6.0,0.395,0,0
7654909,2,6.0,0.536,0,0
7655259,4,6.0,0.899,0,0
7655293,2,6.0,0.41,1,0
7655329,2,6.0,0.238,1,0
7655949,3,6.0,0.899,1,0
7655959,4,6.0,0.899,0,0
7655987,2,6.0,0.395,0,0
7657040,2,6.0,0.0,1,0
7657046,2,6.0,1.339,1,1
7657084,2,6.0,0.8270000000000001,0,0
7657730,3,6.0,0.536,0,0
7658147,2,6.0,0.187,0,1
7658180,2,6.0,0.148,1,1
7658188,2,6.0,0.187,1,1
7658945,3,6.0,0.68,1,0
7658978,2,6.0,0.899,1,0
7658979,2,6.0,0.172,1,0
7658989,2,6.0,0.353,1,0
7658993,2,6.0,0.946,0,0
7659389,4,6.0,0.036,0,1
7659390,4,6.0,0.036,0,1
7659417,2,6.0,0.899,1,0
7660424,3,6.0,0.899,0,0
7660430,2,6.0,0.321,0,0
7660441,4,6.0,1.162,1,0
7660989,2,6.0,0.536,0,0
7661729,2,6.0,0.899,0,0
7662268,2,6.0,0.353,1,0
7662271,2,6.0,0.221,1,0
7662902,2,6.0,0.196,1,1
7662904,2,6.0,0.133,1,0
7662916,2,6.0,0.949,1,0
7662964,2,6.0,0.8270000000000001,1,0
7662994,2,6.0,0.311,0,1
7663001,2,6.0,0.0,0,0
7663537,2,6.0,1.123,1,0
7663544,2,6.0,0.946,0,0
7664209,3,6.0,0.064,1,0
7664215,2,6.0,0.388,1,1
7664283,3,6.0,0.027,0,0
7664786,2,6.0,0.17,1,1
7665308,2,6.0,0.305,0,0
7666042,2,6.0,0.899,1,0
7666051,2,6.0,0.062,1,0
7666052,2,6.0,0.031,1,1
7666098,2,6.0,0.0,1,0
7666102,2,6.0,0.247,1,0
7666566,2,6.0,0.24,1,0
7666612,2,6.0,0.57,1,0
7667099,3,6.0,0.536,1,0
7667676,2,6.0,0.409,1,0
7667718,2,6.0,1.318,0,0
7668178,2,6.0,0.8270000000000001,1,0
7668180,2,6.0,0.418,1,0
7668206,2,6.0,0.8270000000000001,1,0
7669102,3,6.0,0.247,1,0
7669529,2,6.0,1.071,1,0
7669560,2,6.0,1.318,1,0
7669583,4,6.0,0.431,0,0
7669587,2,6.0,0.123,0,0
7670027,3,6.0,0.116,0,1
7670063,2,6.0,0.8270000000000001,1,0
7670064,2,6.0,0.12,1,0
7670124,2,6.0,0.0,0,0
7670513,2,6.0,0.556,0,0
7670523,2,6.0,0.57,0,0
7670574,4,6.0,0.0069999999999999,1,1
7670575,4,6.0,0.0069999999999999,1,1
7670576,4,6.0,0.08,1,0
7671174,2,6.0,0.245,0,0
7671645,3,6.0,0.7829999999999999,0,0
7671712,2,6.0,1.493,0,0
7672288,2,6.0,1.346,1,0
7672354,3,6.0,0.0,1,0
7672371,2,6.0,0.1689999999999999,0,0
7672794,3,6.0,0.221,0,0
7672849,3,6.0,0.946,1,0
7672873,2,6.0,0.946,1,0
7673224,3,6.0,0.899,0,0
7673279,3,6.0,0.0,1,0
7673360,3,6.0,0.899,0,0
7673762,2,6.0,0.743,1,0
7674227,2,6.0,0.311,0,1
7674464,2,6.0,0.521,1,0
7674540,2,6.0,0.192,0,0
7674908,2,6.0,0.899,1,0
7674948,2,6.0,0.0,1,0
7676256,2,6.0,0.027,1,0
7676278,2,6.0,0.628,1,0
7676310,3,6.0,0.027,0,0
7676884,3,6.0,0.353,0,0
7676947,2,6.0,0.063,1,0
7676948,2,6.0,0.077,1,0
7676958,3,6.0,0.647,1,0
7677354,2,6.0,1.339,1,1
7677356,2,6.0,0.0,1,0
7677361,2,6.0,0.006,0,1
7677821,2,6.0,0.583,1,0
7677826,4,6.0,0.257,1,1
7678279,3,6.0,0.8270000000000001,1,0
7678294,3,6.0,0.565,0,0
7678455,3,6.0,0.946,0,0
7678564,4,6.0,0.259,0,0
7678584,2,6.0,0.0,1,1
7678589,2,6.0,0.0,1,0
7678838,4,6.0,0.899,1,0
7679386,3,6.0,0.583,1,0
7679884,2,6.0,0.946,1,0
7679898,2,6.0,0.216,1,0
7679902,3,6.0,1.571,1,1
7679903,3,6.0,0.017,0,0
7680451,2,6.0,0.221,1,0
7681064,4,6.0,0.236,1,1
7681065,4,6.0,0.254,1,1
7681089,2,6.0,0.052,0,0
7681189,2,6.0,1.318,1,0
7681202,4,6.0,0.146,1,1
7681225,2,6.0,0.238,0,0
7681226,3,6.0,0.0,0,1
7681620,2,6.0,0.155,1,0
7681633,2,6.0,0.409,0,0
7682047,4,6.0,0.103,1,1
7682048,4,6.0,0.103,1,1
7682079,2,6.0,0.457,1,1
7682105,2,6.0,0.946,1,0
7682517,2,6.0,0.594,1,0
7682578,4,6.0,0.063,1,1
7683012,2,6.0,0.0,1,1
7683043,3,6.0,0.0,0,0
7683513,3,6.0,0.351,0,0
7683651,2,6.0,0.311,1,1
7683673,2,6.0,0.031,1,1
7683678,2,6.0,0.051,1,0
7684241,2,6.0,0.0,1,0
7684796,2,6.0,0.121,1,0
7684811,2,6.0,0.029,0,0
7685269,2,6.0,1.519,1,0
7685300,3,6.0,0.946,1,0
7685333,2,6.0,0.0,0,1
7685774,2,6.0,0.063,0,0
7685775,2,6.0,0.062,0,0
7685776,2,6.0,0.192,0,0
7685777,2,6.0,0.031,0,1
7685779,2,6.0,0.077,0,0
7686361,4,6.0,0.141,1,1
7686372,4,6.0,0.141,0,1
7686377,2,6.0,0.536,0,0
7686531,2,6.0,0.0,1,0
7686566,4,6.0,0.153,1,1
7687030,2,6.0,0.395,1,0
7687480,2,6.0,1.123,1,0
7687561,3,6.0,0.221,0,0
7687562,3,6.0,0.226,0,0
7688040,2,6.0,0.148,1,0
7688478,2,6.0,0.7829999999999999,1,0
7688492,2,6.0,0.155,1,0
7688550,2,6.0,0.0,0,0
7689076,3,6.0,0.521,1,0
7689107,3,6.0,0.622,1,0
7689125,3,6.0,0.899,1,0
7689128,2,6.0,0.155,1,0
7689154,2,6.0,0.0,1,0
7689684,2,6.0,0.018,1,1
7689685,2,6.0,0.065,1,0
7689690,2,6.0125,0.305,0,0
7689691,2,6.2125,0.3670000000000001,0,0
7690221,3,6.0,0.0,1,0
7690226,2,6.0,0.155,1,0
7690768,2,6.0,0.539,0,0
7690831,2,6.0,1.318,1,0
7690841,2,6.0,0.946,1,0
7691394,2,6.0,0.899,1,0
7691403,2,6.0,0.67,1,0
7691934,3,6.0,1.014,0,0
7691936,4,6.0,0.148,0,1
7692009,3,6.0,0.107,0,0
7692010,3,6.0,0.144,0,0
7692120,4,6.0,0.135,0,0
7692122,4,6.0,0.135,0,1
7692213,2,6.0,0.899,1,0
7693285,2,6.0,1.519,1,0
7693302,2,6.0,0.4970000000000001,1,1
7693819,3,6.0,0.899,1,0
7693839,2,6.0,0.087,0,1
7693840,2,6.0,0.305,0,0
7694389,3,6.0,0.541,1,0
7694391,2,6.0,0.8270000000000001,1,0
7694398,2,6.0,0.4970000000000001,1,1
7694452,2,6.0,0.01,1,0
7694983,3,6.0,0.02,1,1
7695738,2,6.0,0.899,1,0
7695769,2,6.0,0.0,1,1
7696291,2,6.0,0.0,1,1
7696301,2,6.0,0.113,1,0
7696303,4,6.0,0.036,1,1
7696846,2,6.0,0.104,1,1
7696864,2,6.0,0.155,1,0
7697415,2,6.0,0.179,1,0
7698211,4,6.0,0.159,0,1
7698212,4,6.0,0.091,0,1
7698258,2,6.0,0.946,1,0
7698766,2,6.0,0.0,1,0
7698769,4,6.0,0.0,1,1
7698801,2,6.0,0.0,1,0
7699319,2,6.0,0.8270000000000001,1,0
7699907,2,6.0,0.113,1,0
7699939,2,6.0,0.086,1,0
7699955,2,6.0,1.071,1,0
7699978,3,6.0,0.899,0,0
7700564,2,6.0,0.899,1,0
7701091,4,6.0,0.703,0,0
7701121,4,6.0,1.783,0,0
7701802,2,6.0,0.0,1,0
7701806,2,6.0,0.24,1,0
7701810,2,6.0,0.155,0,0
7702239,3,6.0,0.399,1,0
7702259,2,6.0,1.4469999999999998,1,0
7703317,2,0.49583333333333335,0.479,0,1
7703323,3,0.4930555555555556,0.528,0,0
7703863,2,0.49277777777777776,0.899,1,0
7703881,2,0.49972222222222223,0.158,1,0
7705161,3,0.47638888888888886,0.068,1,0
7705178,2,0.49166666666666664,0.063,1,0
7705190,2,0.48388888888888887,0.544,1,0
7705193,3,0.4988888888888889,0.193,1,0
7705759,3,0.4633333333333333,1.304,0,0
7706494,2,0.4886111111111111,0.155,0,0
7706535,2,0.4922222222222222,0.192,1,0
7706536,2,0.48333333333333334,0.087,1,0
7706546,2,0.47944444444444445,0.573,0,0
7707280,2,0.48638888888888887,0.019,0,0
7709142,2,0.4652777777777778,0.409,1,0
7709150,2,0.48083333333333333,0.318,1,0
7709160,2,0.4716666666666667,0.027,1,0
7709166,3,0.49,0.108,1,0
7709690,4,0.49916666666666665,0.173,1,1
7709691,4,0.49916666666666665,0.116,1,1
7709727,3,0.49194444444444446,0.052,1,1
7710251,2,0.4988888888888889,0.353,1,0
7710252,2,0.49472222222222223,0.518,1,0
7710253,2,0.49472222222222223,0.518,1,0
7710858,2,0.4988888888888889,0.0,1,0
7710870,2,0.49583333333333335,0.071,1,0
7710894,2,0.49166666666666664,0.179,0,0
7710901,3,0.48444444444444446,0.205,0,0
7711462,2,0.49805555555555553,0.267,1,0
7711463,2,0.49805555555555553,0.242,1,0
7711464,2,0.49805555555555553,0.129,1,0
7711465,2,0.49805555555555553,0.104,1,0
7712737,2,0.4633333333333333,0.23,1,0
7712765,3,0.48194444444444445,0.26,0,0
7713298,2,0.4886111111111111,1.527,1,0
7713327,2,0.4708333333333333,0.221,1,0
7713328,2,0.4777777777777778,0.0,1,0
7713336,2,0.46555555555555556,0.221,1,0
7713347,2,0.4725,0.0,0,1
7713943,2,0.44277777777777777,0.311,1,1
7714381,3,0.48444444444444446,0.321,0,0
7714398,3,0.4627777777777778,0.192,1,0
7714404,2,0.48305555555555557,0.122,1,0
7714418,3,0.47583333333333333,0.014,1,1
7714865,3,0.4861111111111111,0.183,0,0
7714940,3,0.4752777777777778,1.135,0,0
7715338,3,0.49694444444444447,0.867,1,0
7715724,2,0.4936111111111111,0.311,1,1
7716677,3,0.49083333333333334,0.536,1,0
7716733,2,0.4986111111111111,0.163,1,0
7717254,2,0.4761111111111111,0.052,1,0
7717313,3,0.49527777777777776,0.305,0,0
7717794,2,0.4608333333333333,0.295,1,0
7718440,2,0.4725,0.1689999999999999,1,0
7718973,3,0.48777777777777775,0.147,1,1
7718996,2,0.49333333333333335,0.0,1,0
7719004,2,0.48194444444444445,0.0,1,0
7719558,2,0.4936111111111111,0.188,1,0
7720782,2,0.46305555555555555,0.092,0,0
7720794,3,0.48388888888888887,0.08,0,0
7721961,3,0.4861111111111111,0.095,1,0
7721966,2,0.4938888888888889,0.105,0,0
7721967,2,0.4938888888888889,0.0,0,0
7721980,2,0.47305555555555556,0.289,0,0
7721981,3,0.49972222222222223,0.457,0,1
7723610,3,0.4880555555555556,0.122,0,0
7723695,2,0.4886111111111111,0.0,0,1
7724231,2,0.48638888888888887,0.899,1,0
7724249,2,0.4716666666666667,0.221,1,0
7724673,3,0.48,0.114,1,0
7724675,2,0.49833333333333335,0.387,0,0
7725253,3,0.47833333333333333,0.0,1,0
7725651,3,4.6275,0.068,1,1
7725654,2,0.4663888888888889,0.311,1,1
7725678,2,0.4519444444444444,0.221,0,0
7726125,2,0.49666666666666665,0.311,1,1
7726149,2,0.4625,0.0,1,0
7726737,2,0.46444444444444444,0.179,1,0
7726742,2,0.49333333333333335,0.038,1,0
7727278,2,0.48694444444444446,0.489,1,0
7727353,2,0.4922222222222222,0.063,1,0
7727388,3,0.49027777777777776,0.0,0,1
7727389,3,0.49027777777777776,0.0,0,1
7727844,2,1.5133333333333334,0.484,1,0
7728008,3,0.49833333333333335,0.899,1,0
7728618,2,0.48777777777777775,0.377,1,0
7729245,2,0.4988888888888889,0.171,1,0
7729250,3,0.4872222222222222,0.001,1,1
7729307,2,0.48694444444444446,0.026,1,0
7729934,3,0.49194444444444446,0.221,0,0
7729944,2,0.48944444444444446,0.409,1,0
7729969,3,0.4905555555555556,0.179,1,0
7730010,2,0.48388888888888887,0.0,1,0
7730027,2,0.49833333333333335,0.026,1,0
7730742,2,0.45555555555555555,0.0,1,0
7730764,2,0.4986111111111111,0.0,1,0
7731275,2,0.4925,0.162,1,0
7731845,3,0.4563888888888889,0.0,1,1
7732666,2,0.4691666666666667,0.221,1,0
7732708,2,0.4791666666666667,0.899,1,0
7732710,3,0.4872222222222222,0.263,1,0
7732714,3,0.4913888888888889,0.089,1,0
7733206,3,0.4891666666666667,0.196,1,1
7733207,3,0.4891666666666667,0.133,1,0
7733238,2,0.4713888888888889,0.0,1,0
7733856,2,0.45916666666666667,0.221,1,0
7733879,2,0.4816666666666667,0.215,0,0
7734443,3,0.4955555555555556,0.311,1,1
7734451,2,0.48388888888888887,0.946,1,0
7734453,2,0.4488888888888889,0.311,1,1
7734472,2,0.49777777777777776,0.353,0,0
7736125,4,0.4802777777777778,0.181,0,1
7736131,4,0.4766666666666667,0.22,0,1
7736653,2,0.4613888888888889,0.13,1,1
7736677,2,0.48194444444444445,0.946,0,0
7737165,2,0.47888888888888886,0.348,1,0
7737819,2,0.4697222222222222,1.318,1,0
7737851,2,0.48944444444444446,0.011,1,0
7737857,2,0.4675,0.134,0,0
7738361,3,0.49527777777777776,0.409,1,0
7738402,3,0.4961111111111111,0.11,1,0
7738794,3,0.4938888888888889,0.5660000000000001,1,0
7739155,2,0.4913888888888889,0.068,0,0
7739222,2,0.4911111111111111,0.0,1,0
7739236,2,0.49166666666666664,0.174,1,0
7739608,2,0.48388888888888887,1.571,1,1
7739699,2,0.4777777777777778,0.946,1,0
7740162,2,0.4905555555555556,0.001,1,0
7740220,2,0.4661111111111111,0.171,1,0
7740232,2,0.4691666666666667,0.356,1,0
7740729,2,0.47694444444444445,0.242,1,0
7740731,2,0.47694444444444445,0.01,1,0
7740741,2,0.4811111111111111,0.192,0,0
7741250,2,0.48944444444444446,1.318,1,0
7742136,3,0.46416666666666667,0.0,1,1
7742150,2,0.49805555555555553,0.899,1,0
7743132,3,0.4636111111111111,0.409,1,0
7743192,3,0.49472222222222223,0.129,1,0
7743193,3,0.49472222222222223,0.023,1,1
7744979,4,0.4911111111111111,0.027,0,0
7744988,3,0.4777777777777778,0.628,1,0
7745273,2,0.49416666666666664,0.583,1,0
7745311,2,0.4633333333333333,0.311,1,1
7745323,2,0.45861111111111114,0.0,1,0
7745824,4,4.665555555555556,0.048,0,0
7745841,3,0.49444444444444446,0.192,1,1
7746418,2,0.4913888888888889,0.0,1,0
7748366,2,0.46444444444444444,0.26,1,0
7748367,2,0.46444444444444444,0.256,1,0
7748391,3,0.47333333333333333,0.047,1,0
7748392,3,0.47333333333333333,0.555,1,1
7749751,2,0.4766666666666667,0.246,1,0
7749752,3,0.49944444444444447,0.628,1,0
7749802,3,0.48638888888888887,0.899,1,0
7751288,3,0.4663888888888889,0.362,1,0
7751302,2,0.46,0.813,1,0
7751320,2,0.47888888888888886,0.203,1,0
7752886,2,0.48527777777777775,0.063,1,0
7753478,2,0.4930555555555556,0.311,1,1
7753894,2,0.4905555555555556,0.11,1,1
7755251,3,0.4666666666666667,0.106,1,1
7755252,3,0.4666666666666667,0.106,1,1
7755258,3,0.4811111111111111,0.154,1,0
7755605,2,0.47,0.1669999999999999,1,0
7755606,2,0.47694444444444445,0.353,1,0
7755611,2,0.49777777777777776,0.0,1,0
7755629,2,0.4675,0.5710000000000001,1,0
7755637,2,0.4675,0.0,0,0
7756100,2,0.4963888888888889,0.0,1,0
7757113,3,0.4922222222222222,0.899,1,0
7757191,2,0.46305555555555555,0.217,0,0
7757719,2,0.49083333333333334,0.353,1,0
7757721,2,0.4886111111111111,0.154,1,0
7757725,2,0.48833333333333334,0.136,1,0
7758848,2,0.4791666666666667,0.0,1,0
7759345,3,0.46166666666666667,0.899,1,0
7759358,2,0.4891666666666667,0.536,1,0
7759361,2,0.4727777777777778,0.196,1,1
7759362,2,0.4727777777777778,0.133,1,0
7759375,2,0.4880555555555556,0.031,1,0
7759403,2,0.4880555555555556,0.026,1,0
7759404,2,0.4880555555555556,0.04,1,0
7759845,3,0.47944444444444445,0.348,1,0
7759862,2,0.48694444444444446,0.212,1,0
7759891,2,0.4716666666666667,0.059,1,0
7759896,3,0.4683333333333333,0.0,1,1
7759900,2,0.4713888888888889,0.946,1,0
7759905,2,0.48444444444444446,0.0,0,0
7760380,2,0.44583333333333336,0.899,1,0
7760417,2,0.4847222222222222,0.311,1,1
7760443,2,0.4936111111111111,0.647,0,0
7760879,2,0.4633333333333333,0.188,1,0
7760916,4,0.49027777777777776,0.149,0,1
7760917,4,0.49027777777777776,0.149,0,1
7762078,2,0.45944444444444443,0.0,0,0
7763135,3,0.46166666666666667,0.541,1,0
7763137,2,0.4777777777777778,0.052,1,0
7763771,2,0.4597222222222222,0.509,0,0
7765296,4,0.45111111111111113,1.739,0,0
7765346,2,0.47583333333333333,0.221,1,0
7766480,2,0.4663888888888889,0.095,1,0
7766501,2,0.4955555555555556,0.116,1,1
7767087,2,0.4736111111111111,0.027,1,0
7767088,2,0.46805555555555556,1.527,1,0
7767127,2,0.4811111111111111,0.155,0,0
7767140,2,0.4922222222222222,0.536,0,0
7767141,2,0.4922222222222222,0.104,0,0
7767144,2,0.4727777777777778,0.5,0,0
7767673,2,0.46194444444444444,0.899,1,0
7768528,3,0.43722222222222223,0.457,0,1
7768863,2,0.48694444444444446,0.0,1,0
7768865,2,0.4938888888888889,0.946,1,0
7768868,2,0.4886111111111111,0.946,1,0
7769955,2,0.45916666666666667,0.037,1,0
7770510,4,0.45555555555555555,0.397,1,0
7771454,3,0.47,0.204,1,0
7771455,3,0.47,0.208,1,0
7771738,4,0.4822222222222222,1.991,1,0
7772089,4,0.45861111111111114,0.046,1,1
7772090,4,0.45861111111111114,0.046,1,1
7772095,2,0.49527777777777776,0.946,1,0
7772096,3,0.4558333333333333,0.105,0,0
7772543,2,0.47055555555555556,0.196,1,1
7772544,2,0.47055555555555556,0.133,1,0
7772560,3,0.4891666666666667,0.899,1,0
7773138,2,0.4508333333333333,0.145,1,0
7773147,2,0.475,0.049,1,1
7773696,2,0.4722222222222222,0.196,1,1
7773697,2,0.4722222222222222,0.133,1,0
7773743,2,0.45944444444444443,0.172,1,0
7775226,2,0.475,0.221,1,0
7775241,3,0.4925,0.395,1,0
7775280,2,0.46444444444444444,0.101,1,0
7775764,2,0.4847222222222222,0.172,1,0
7776310,2,0.4841666666666667,0.899,1,0
7776846,2,0.4802777777777778,1.083,1,0
7776866,2,0.4911111111111111,0.258,1,0
7777365,2,0.4636111111111111,0.899,1,0
